source1_entity_id,matched_entity_id,matched_source,s1_business_name,matched_business_name,s1_business_address,matched_business_address,s1_country,matched_country,raw_name_exact,normalized_name_exact,raw_address_exact,normalized_address_exact,country_exact,name_country_exact,address_country_exact,name_address_exact,name_or_address_exact,name_token_jaccard,address_token_jaccard,name_char_jaccard,address_char_jaccard,name_levenshtein,address_levenshtein,s1_address_missing,matched_address_missing
S1-343410723,S3-432622976,S3,Good Developers Pvt Ltd,Sri Good  Developers,"House No 1, Bhatia Colony, Ballabhgarh, Faridabad, Haryana","HR, House No ##1, Bhatia Colony, Ballabhgarh, Faridabad",India,India,False,False,False,False,True,False,False,False,False,0.4,0.7777777777777778,0.52,0.8,0.4782608695652174,0.7962962962962963,False,False
S1-636509841,S2-815547267,S2,Siddharth Ventures,Dr Siddharth-Ventures,"Ground Floor, #1075B, 10Th Main, Indiranagar, Hal 2Nd Stage, Domlur, Bangalore, Karnataka","GROUND FLOOR, #1075B, 10TH MAIN, INDIRANAGAR, HAL 2ND STAGE, DOMLUR, BANGALORE, ಕರ್ನಾಟಕ",India,India,False,False,False,False,True,False,False,False,False,0.6666666666666666,0.8461538461538461,0.8421052631578947,0.8095238095238095,0.8571428571428572,0.8888888888888888,False,False
S1-884301738,S2-636347660,S2,Hunger Charities,The Hunger Charities,"945 Ridgewood Drive, Cary, IL","0945 RIDGEWOOD DR, CARY, IL",US,US,False,False,False,False,True,False,False,False,False,0.6666666666666666,0.42857142857142855,0.7777777777777778,0.7142857142857143,0.8,0.8518518518518519,False,False
S1-259932341,S3-836960465,S3,Larissa's Auto Sales Inc.,Larissa'S Auto Sales,"415 Weaverville Road, Woodfin, NC","Asheville, North Carolina, 415 Weaverville Rd",US,US,False,False,False,False,True,False,False,False,False,0.8,0.2222222222222222,0.8181818181818182,0.29411764705882354,0.8333333333333334,0.2093023255813954,False,False
S1-138540664,S2-175790179,S2,"Frontier Delta Partners, Corp","Córp Frontier Delta Partners,","78 Braddock Way, Asheville, NC","BRADDOCK WAY, ASHEVILLE, NC",US,US,False,False,False,False,True,False,False,False,False,0.6,0.8,0.6774193548387096,0.8846153846153846,0.6428571428571428,0.8928571428571429,False,False
S1-565846614,S3-249164429,S3,Life Products Private Limited,Life Pr0ducts Private [Limited],"Flat No. 400, Hyderabad, Telangana, Legend Apex Apartment, Plot No. 8-2-293/82/L/28, Road No.12, Banjara Hills, Hyderabad, Khairatabad","#464 481, Legend Apex Apartment, Plot No. 8-2-293/82/L/28, Road No.12, Banjara Hills, Hyderabad, Khairatabad, Hyderabad, TG",India,India,False,False,False,False,True,False,False,False,False,0.6,0.7391304347826086,0.7931034482758621,0.7610619469026548,0.9655172413793104,0.6612903225806452,False,False
S1-744516869,S2-831835038,S2,Shree Sangh LLP,shreesangh.com,"190 Lake Town Block B, Kolkata, South 24 Parganas, West Bengal","190 LAKE TOWN BLOCK B, KODKATA, <NULL>, পশ্চিমবঙ্গ",India,India,False,False,False,False,True,False,False,False,False,0.0,0.35714285714285715,0.3888888888888889,0.3246753246753247,0.7333333333333334,0.5254237288135593,False,False
S1-334918440,S3-64097024,S3,India Tripura Pharma Pvt Ltd,India Tripura Phárma Pvt,"Naurang House-21, Kg Marg, Central Delhi, Delhi, Flat No. 1302, New Delhi","Flat No. 1302, Naurang House-21, Kg Marg, New Delhi, Central Delhi, DL",India,India,False,False,False,False,True,False,False,False,False,0.5,0.9166666666666666,0.6428571428571429,0.8833333333333333,0.8214285714285714,0.3880597014925373,False,False
S1-571005610,S3-988695369,S3,Kkp (India) Buildwell Corporation,Kkp (India) Buildwell Córporation,"46-20-1/2 Mandavaripeta, Dondaparthy, Visakhapatnam, Vishakhapatnam, Andhra Pradesh","H.no 46-20-1/2 Mandavaripeta, Dondaparthy, Visakhapatnam, Vishakhapatnam, AP",India,India,False,False,False,False,True,False,False,False,False,0.6,0.6153846153846154,0.8125,0.7391304347826086,0.967741935483871,0.7848101265822784,False,False
S1-305313768,S2-214888619,S2,WZ Bancorp,WZ-BBNACTRP,"106 Cedar Crest Road, King William County, VA","KING WILLIAM COUNTY, 106B CEDAR CREST RD, VA",US,US,False,False,False,False,True,False,False,False,False,0.3333333333333333,0.6,0.13333333333333333,0.6530612244897959,0.7272727272727273,0.2093023255813954,False,False
S1-964963978,S3-92239462,S3,"Diamond Premier Alussa, LLC","*** Diamond Premier Álussa, LLC","9310 Fringe Tree Lane, VA, Manassas City","9310 Fringe Tree Ln, Manassas, Virginia",US,US,False,False,False,False,True,False,False,False,False,0.6,0.4444444444444444,0.7777777777777778,0.5106382978723404,0.9615384615384616,0.6842105263157895,False,False
S1-377150258,S2-916625001,S2,Ellis Management Inc,Ellis Management,"189 Shoreline Loop, Mooresville, NC","18 SHORELINE LOOP, MOORESVILLE, NC",US,US,False,False,False,False,True,False,False,False,False,0.6666666666666666,0.6666666666666666,0.7777777777777778,0.84375,0.8,0.9696969696969697,False,False
S1-697110299,S3-752490903,S3,Piper Resorts,Piper Résorts Ltd,"Chapel Hill, 314 Standish Drive, NC","314 Standish Dr, Chapel Hill, North Carolina",US,US,False,False,False,False,True,False,False,False,False,0.25,0.4444444444444444,0.4444444444444444,0.4791666666666667,0.7058823529411764,0.2142857142857143,False,False
S1-387005144,S2-688569184,S2,Black Exports Private Limited,Black Exports Private Ltd,"C/O. Jagadish Ch. Ghosh, Kaikhali, Sardarpara, Kolkata, Kolkata, Howrah, West Bengal","C/O. JAGADISH CH. GHOSH, KAIKHALI, SARDARPARA, KOLKATA, KOLKATA, West Bengal",India,India,False,False,False,False,True,False,False,False,False,0.6,0.9090909090909091,0.7241379310344828,0.8636363636363636,0.8620689655172413,0.9078947368421053,False,False
S1-619309028,S2-124597199,S2,Hummell Huntington LLC,Hummell Hunntfhngton LLC,"25 Edinburgh Lane, Pinehurst, NC","N/A, NC, 25 EDINBURGH LANE, PINEHURST",US,US,False,False,False,False,True,False,False,False,False,0.5,0.7142857142857143,0.6153846153846154,0.7647058823529411,0.875,0.7058823529411764,False,False
S1-958454899,S3-571375128,S3,Frontier Endocrinology,Frontier Service,"12570 21st Street, Tulsa, OK","12570 21rd Street, Tulsa, Oklahoma",US,US,False,False,False,False,True,False,False,False,False,0.3333333333333333,0.42857142857142855,0.25925925925925924,0.5882352941176471,0.4545454545454546,0.75,False,False
S1-74853572,S3-591325144,S3,Optimal Packaging Union,Optimal Union Partners,"Milwaukie, 3220 Park Avenue, OR","3220 Park Ave, Prtland, Oregon",US,US,False,False,False,False,True,False,False,False,False,0.5,0.25,0.36666666666666664,0.2926829268292683,0.3913043478260869,0.24137931034482762,False,False
S1-341681266,S2-358474267,S2,Eye Pioneer Group,EYE GROUP (CENTER),"7911 Ontario Street, Omaha, NE","7911 ONTARIO ST, OMAHA, NE",US,US,False,False,False,False,True,False,False,False,False,0.5,0.6666666666666666,0.2608695652173913,0.7777777777777778,0.2941176470588235,0.8571428571428572,False,False
S1-226675781,S3-356096233,S3,Supreme Cast,Supreme Center Enterprises,"Kh.No. 762 And 763 Ground Floor, Shahbad Daulatpur Landmark Near Friends Property Dealer, Delhi, North West Delhi, Delhi",,India,India,False,False,False,False,True,False,False,False,False,0.25,0.0,0.2916666666666667,0.0,0.3846153846153846,0.0,False,True
S1-572258078,S3-321214340,S3,Select Tri-State Agnc LLC,Select Agnc LLC Partners,"1601 G Street, Unit #2, Tacoma, WA","G Street, Tacoma, Washington, Unit #2",US,US,False,False,False,False,True,False,False,False,False,0.5,0.625,0.36363636363636365,0.5128205128205128,0.31999999999999995,0.21212121212121215,False,False
S1-829099100,S2-283172658,S2,Mesco Public School,Mesco School Public,"Shop No.11, First Floor, C-47, 2Nd Avenue, Anna Na, Egmore Nungambakkam, Chennai, Tamil Nadu","#11 , FIRST FLOOR, C-47, 2ND AVENUE, ANNA NA, EGMORE NUNGAMBAKKAM, Tamil Nadu",India,India,False,False,False,False,True,False,False,False,False,1.0,0.8125,0.7,0.7901234567901234,0.368421052631579,0.8117647058823529,False,False
S1-667525896,S2-604186827,S2,Mumbai Information Private Limited,Private Mumbai Information Ltd,"202, Cypress Woods Apt, 16Th Road Bandra (West), Mumbai, Mumbai City, Maharashtra","02, CYPRESS WOODS APT, 16TH ROAD BANDRA (WEST), MUMBAI CITY, BOMBAY, Maharashtra",India,India,False,False,False,False,True,False,False,False,False,0.6,0.7692307692307693,0.6216216216216216,0.8888888888888888,0.4117647058823529,0.8513513513513513,False,False
S1-674775954,S2-133828400,S2,Eastern Cambridge Inc,Eastern Cbmedge Inc,"3614 Parkland Way, Gatlinburg, TN","TN, 3614 PARKLAND WAY, <NULL>, GATLINBURG",US,US,False,False,False,False,True,False,False,False,False,0.5,0.8333333333333334,0.5,0.625,0.8095238095238095,0.6578947368421053,False,False
S1-944614801,S2-811758797,S2,"Bastian, Ardath, MD","Bastian, Ardath, MD Co","1127 Casino Road, Everett, WA","#1127 CASINO RD, EVERETT, WA",US,US,False,False,False,False,True,False,False,False,False,0.75,0.6666666666666666,0.8333333333333334,0.7777777777777778,0.85,0.9259259259259259,False,False
S1-8570294,S3-915195037,S3,Buva Supreme Marshall LLC,Buva Súpreme Marshall LLC,"42 Connecticut Boulevard, Montville, CT","Connecticut Blvd, Montville, Connecticut",US,US,False,False,False,False,True,False,False,False,False,0.6,0.3333333333333333,0.7692307692307693,0.5897435897435898,0.96,0.5526315789473684,False,False
S1-57348504,S2-448614824,S2,Blue Atlas Inc,Blue Atlas Ínc,"1888 Cr 25, Unit 98, Bellefontaine, OH","1888- CR 25, BELLEFONTAINE, OH",US,US,False,False,False,False,True,False,False,False,False,0.5,0.7142857142857143,0.6,0.7058823529411765,0.9285714285714286,0.7714285714285715,False,False
S1-849153813,S3-520732977,S3,Marichi Esolutions,M/s Marichi Services #36890,"Plot No. B-56, Midc Behind Police Station, Wagle Industrial, Thane, Maharashtra","Plto No. B-0056, Midc Behind Police Station, Wagle Industrial, Thane, MH",India,India,False,False,False,False,True,False,False,False,False,0.16666666666666666,0.6,0.17647058823529413,0.6875,0.34615384615384615,0.8243243243243243,False,False
S1-448516566,S3-267463091,S3,Haynes Rothschild,Haynes Rothschild LP,"221 County Road 1434, Morgan, TX","221 County Road 1434, Morgan, Texas",US,US,False,False,False,False,True,False,False,False,False,0.6666666666666666,0.7142857142857143,0.8333333333333334,0.84375,0.85,0.9090909090909091,False,False
S1-491581642,S3-495396821,S3,Messina Catering,Messina Cátering,"117 Utica Street, Buffalo, NY","117 Usica Street, Buffalo, New York",US,US,False,False,False,False,True,False,False,False,False,0.3333333333333333,0.375,0.6470588235294118,0.6,0.9375,0.7878787878787878,False,False
S1-361040606,S2-49181571,S2,Liberty Atlantic Allspring LLC,LIBERTY ÁTLANTIC ALLSPRING LLC,"6525 Old Carriage Lane, Fairfax County, VA","6525. OLD CARRIAGE LN, FAIRFAX COUNTY, VA",US,US,False,False,False,False,True,False,False,False,False,0.6,0.75,0.8064516129032258,0.8048780487804879,0.9666666666666667,0.95,False,False
S1-609370887,S3-682468080,S3,Platinum Network Innovations LLC,platinumnetworkinnovations.com,"4246 Lane Road, OH, Perry Township","4246 Lane Rd, Peerry, Ohio",US,US,False,False,False,False,True,False,False,False,False,0.0,0.2222222222222222,0.5555555555555556,0.3684210526315789,0.84375,0.65625,False,False
S1-400011085,S3-763167022,S3,Atlantic Design Works Associates,Associates Works Design At1antic,"IN, 1690 Farm Bureau Road, Mount Vernon","Farm Bureau Road, Indiana, Mount Vernon, NULL",US,US,False,False,False,False,True,False,False,False,False,0.6,0.5555555555555556,0.5789473684210527,0.5306122448979592,0.28125,0.5,False,False
S1-609395101,S3-353007214,S3,Churchill Prime Live LLC,Churchill-Prime Live,"6798 27th Place, Tulsa, OK","6798 27st Place, Tulsa, Oklahoma",US,US,False,False,False,False,True,False,False,False,False,0.75,0.42857142857142855,0.8571428571428571,0.5625,0.8333333333333334,0.7333333333333334,False,False
S1-174715994,S3-170855586,S3,Trinity Consultants Pvt Ltd,Pvt Trinity Consultants Ltd,"507 Kishor Plaza Stationroad Dist, Anand Anand, Valsad, Gujarat","507 Kishor Plaza Stationroad Dist, Anand Anand, Valsad, GJ",India,India,False,False,False,False,True,False,False,False,False,1.0,0.7777777777777778,0.7857142857142857,0.8679245283018868,0.7037037037037037,0.9166666666666666,False,False
S1-216500398,S2-283265946,S2,Major Medical Centre Private Limited,MAJOR MEDICAL CENTRE PRIVATE,"Rs No 817, R K Nagar, Near Patole Ashram, Karvir, Kolhapur, Maharashtra","Maharashtra, RS NO 817, R K NAGAR, NEAR PATOLE ASHRAM, KARVIR",India,India,False,False,False,False,True,False,False,False,False,0.8,0.9166666666666666,0.7647058823529411,0.78125,0.7777777777777778,0.5,False,False
S1-649341696,S2-101613860,S2,Grand Express Spartacus LLC,Grand Express Sparoacus LLC,"146 Cradle Board Loop, Monument Valley, UT","CRADLE BOARD LOOP, MONUMENT VALLEY CITY, UT",US,US,False,False,False,False,True,False,False,False,False,0.6,0.75,0.7857142857142857,0.7906976744186046,0.962962962962963,0.7804878048780488,False,False
S1-632316241,S2-389653619,S2,A Cure 4 You LLC,L.L.C. A Cure 4 You,"794 Clayton Carriker Road, Ellerbe, NC","794-798 CLAYTON CARRIKER ROAD, ELLERBE, NC",US,US,False,False,False,False,True,False,False,False,False,0.5714285714285714,0.8571428571428571,0.5,0.8461538461538461,0.4444444444444444,0.9,False,False
S1-108630858,S3-629965795,S3,Golden Bike Shop Care,Golden Bike-Shop Care Inc.,"7779 Cannon Ridge Drive, OH, Mentor","Ohio, Menttor, 7779 Cannon Ridge Dr",US,US,False,False,False,False,True,False,False,False,False,0.8,0.3333333333333333,0.8260869565217391,0.55,0.84,0.21212121212121215,False,False
S1-651010348,S2-535117576,S2,Snk Industries Private Limited,M/s Snk-lndustries Limited [Center],"Amritsar, First Floor, Sai Baba Market Gali Sita Ram, Katra Ahluwalia, Punjab, Shop No.5-6, Amritsar","#C-5-6 , FIRST FLOOR, SAI BABA MARKET GALI SITA RAM, KATRA AHLUWALIA, AMRITSAR, ਪੰਜਾਬ",India,India,False,False,False,False,True,False,False,False,False,0.25,0.7222222222222222,0.37209302325581395,0.7282608695652174,0.5454545454545454,0.648936170212766,False,False
S1-895561379,S3-401593576,S3,Perez Unified Investments Inc,Inc Perez Unified Ínvestments,"1317 19th Street, Birmingham, AL","1317c 19th Street, Birmingham, Alabama",US,US,False,False,False,False,True,False,False,False,False,0.6,0.42857142857142855,0.65625,0.7222222222222222,0.6896551724137931,0.8333333333333334,False,False
S1-119832196,S3-933698593,S3,"Izaguirre, Kaur and Wager LLC","*** Izaguirre, Karau & Wager LLC","314 Hamilton Avenue, Billings, MO","314 Hamilton Avenue, PO Box 9606, Billings, Missouri",US,US,False,False,False,False,True,False,False,False,False,0.5,0.4444444444444444,0.5806451612903226,0.5510204081632653,0.8571428571428572,0.6326530612244898,False,False
S1-475068600,S2-307709577,S2,Bhopal Pharmaceuticals Corp,Bhopal Pharmaccuetials [Corp],"E-1-2, Prem Nagar Colony, Behind Chola Dasehra Ground, Nishalpura, Huzur, Bhopal, Madhya Pradesh","E-1-2, PREM NAGAR COLONY, BEHIND CHOLA DASEHRA GROUND, NISHALPURA, HUZUR, BHPAL, मध्य प्रदेश",India,India,False,False,False,False,True,False,False,False,False,0.5,0.6666666666666666,0.5625,0.7040816326530612,0.8888888888888888,0.8444444444444444,False,False
S1-232112149,S3-815574838,S3,Innovative Delta Automotive Inc,Innovative Délta Automotive Inc,"704 5th Street, Ireton, IA","704 5th St, Iretno, Iowa",US,US,False,False,False,False,True,False,False,False,False,0.6,0.25,0.7931034482758621,0.4,0.967741935483871,0.6666666666666667,False,False
S1-626015361,S3-574000045,S3,Colours Solutions Ltd,Colours Solutions,"11-7D, Kalluvilagam Nalloor, Marthandam, Kanyakumari, Tamil Nadu","11-7D, Kalluvilagam Nalloor, Marthandam, Kanyakumari, TN",India,India,False,False,False,False,True,False,False,False,False,0.6666666666666666,0.6666666666666666,0.7894736842105263,0.8333333333333334,0.8095238095238095,0.8666666666666667,False,False
S1-814561863,S2-710086550,S2,Pediatric Dental Clinic LLC,clinicdentalpediatric.com,"5306 Carbondale Drive, Columbus, OH","5306 Carbondale Dr, OH, COLUMBUS",US,US,False,False,False,False,True,False,False,False,False,0.0,0.6666666666666666,0.5161290322580645,0.6857142857142857,0.40740740740740744,0.8181818181818181,False,False
S1-242346865,S2-259123273,S2,All Consultants Private Limited,ਆਲ ਕੰਸਲਟੈਂਟਸ ਪ੍ਰਾਈਵੇਟ ਲਿਮਟਿਡ,"H No 35, Ludhiana, Punjab, Palm Enclave, Brahman Majra, Near Kidze","H NO 35, LUDHIANA, ਪੰਜਾਬ, LUDHIANA",India,India,False,False,False,False,True,False,False,False,False,0.0,0.3333333333333333,0.0,0.22727272727272727,0.06451612903225812,0.3770491803278688,False,False
S1-669163297,S3-276111873,S3,Milford Lionheart,Milford Lionheart Inc.,"Milford, CT, 16 Lakeside Road","Connecticut, Milford, 16 Lakeside Road",US,US,False,False,False,False,True,False,False,False,False,0.6666666666666666,0.6666666666666666,0.7894736842105263,0.5526315789473685,0.8095238095238095,0.5833333333333333,False,False
S1-360416150,S3-428284452,S3,Jaya Consultancy Private Limited,Fluxorbi fka Jaya Consultancy Private Limited,"No 16 3Rd Avenuebesant Nagar Chennai, Chennai, Tamil Nadu, Chennai","No 16 3Rd Avenuebesant Nagar Chennai, Chennai, Tamil Nadu",India,India,False,False,False,False,True,False,False,False,False,0.6666666666666666,1.0,0.6976744186046512,0.9574468085106383,0.7111111111111111,0.873015873015873,False,False
S1-579837079,S3-29289024,S3,Ras & Co,RC,"Gurgaon, Haryana, 2529, Ground Floor, Sector 46 Near Huda Market, Gurugram","2529, Ground Floor, Sector 46 Near Huda Market, Gurugram, Gurgaon, Haryana",India,India,False,False,False,False,True,False,False,False,False,0.0,1.0,0.0,0.9253731343283582,0.33333333333333337,0.536231884057971,False,False
S1-995370951,S3-424584978,S3,Middleton Amplify,Middleton Amplify Corporation,"315 Laurel Avenue, Bridgeport, CT","31 Laurel Avenue, Bridgeport, Connecticut",US,US,False,False,False,False,True,False,False,False,False,0.6666666666666666,0.42857142857142855,0.5555555555555556,0.6097560975609756,0.5862068965517242,0.7435897435897436,False,False
S1-553844922,S3-897680718,S3,Premier Select Babcock Care,Premier Select Babcock Care (Co),"6696 Hillside Way, The Pinery, CO","6696-B Hillside Way, The Pinery, Colorado",US,US,False,False,False,False,True,False,False,False,False,0.8,0.625,0.8928571428571429,0.7368421052631579,0.9,0.7948717948717949,False,False
S1-335096344,S2-384944491,S2,Certified Semiconductor Partners Inc,certifiedsemiconductorpartners.com,"1032 261, Glendive, MT","261, GLENDIVE, MT",US,US,False,False,False,False,True,False,False,False,False,0.0,0.75,0.6097560975609756,0.7222222222222222,0.8611111111111112,0.75,False,False
S1-667630412,S2-580672035,S2,Tiru Homes (India) Private Limited,Private Tiru Homes (India) (Ltd),"Srb/36B, Indrapuram, Ghaziabad, K V Saran, Uttar Pradesh","K V SARAN, GHAZIABAD, GHAZIABAAD, Uttar Pradesh",India,India,False,False,False,False,True,False,False,False,False,0.6666666666666666,0.6,0.6,0.5272727272727272,0.375,0.5961538461538461,False,False
S1-564385489,S2-152716106,S2,Suresh Brothers Private Limited,Suresh Brothers Private,"16-187, Bollaram, R.C.Puram, Medak, Telangana","##16-187, BOLLARAM, R.C.PURAM, Andhra Pradesh",India,India,False,False,False,False,True,False,False,False,False,0.75,0.6,0.7241379310344828,0.43137254901960786,0.7419354838709677,0.6829268292682926,False,False
S1-202116414,S3-962075365,S3,Beyond Advisors Pvt Ltd,Beyond Advcisors Pvt Ltd,"107 1St Floor Panlee Complexopp- Sardar Patel Seva Samaj Hall Ellisbridge, Ahmedabad, Gujarat","107 1St Floor Panlee Complexopp- Sardar Patel Seva Samaj Hall Ellisbridge, Ahmedabad, GJ",India,India,False,False,False,False,True,False,False,False,False,0.6,0.8571428571428571,0.7916666666666666,0.9186046511627907,0.9583333333333334,0.9444444444444444,False,False
S1-194529608,S3-52138735,S3,Strategic Property Networks LLC,Strategic Networks Property  LLC,"508 Groveway Loop, Sanford, NC","508 Groveway Loop, Sanford, North Carolina",US,US,False,False,False,False,True,False,False,False,False,1.0,0.5714285714285714,0.8125,0.6410256410256411,0.5483870967741935,0.7,False,False
S1-987076182,S3-575991832,S3,Hare Footwear LLP,Hare Footwear L.L.P.,"R-10/78, Iind Floor, Sector-10 Raj Nagar, Ghaziabad, Uttar Pradesh","R-10/78, Iind Floor, Sector-10 Raj Nagar, Ghaziabad, UP",India,India,False,False,False,False,True,False,False,False,False,0.4,0.75,0.7222222222222222,0.7857142857142857,0.8947368421052632,0.8225806451612903,False,False
S1-973472601,S2-592713985,S2,Montoya Midwest Bioworks LLC,Montoya Midwest Bíóworks LLC,"AZ, 2402 38th Street, Phoenix","2402 38TH STREET, PHOENIX, AZ",US,US,False,False,False,False,True,False,False,False,False,0.6,1.0,0.7333333333333333,0.7857142857142857,0.9285714285714286,0.7777777777777778,False,False
S1-237631849,S2-427640018,S2,Srp Property Private Limited,Srp Property Private,"B-633, Ground Floor Pocket, Block-B Dda Janta Flats, New Delhi, South Delhi, Delhi","#935 B-633, GROUND FLOOR POCKET, BLOCK-B DDA JANTA FLATS, NEW DELHI, Delhi",India,India,False,False,False,False,True,False,False,False,False,0.75,0.8461538461538461,0.68,0.8507462686567164,0.7142857142857143,0.7922077922077921,False,False
S1-781713949,S2-665521282,S2,"Leon Clean Great, Inc","Leon Clean Great,","2168 Brookland Dr NE, Cedar Rapids, IA",,US,US,False,False,False,False,True,False,False,False,False,0.75,0.0,0.7777777777777778,0.0,0.8,0.0,False,True
S1-740394841,S3-267859887,S3,Summit Health Center,Bélomiraorbi,"116 S Clinton Drive, Eureka, IL","116 South Clinton Drive, Eureka, Illinois",US,US,False,False,False,False,True,False,False,False,False,0.0,0.5,0.0,0.6578947368421053,0.09999999999999998,0.7435897435897436,False,False
S1-234175128,S3-765807268,S3,Urban Infrastructure Private Limited,Urban Infrastructure,"A 14, Lajpat Nagar Iv Ring Road, New Delhi, Delhi","A 14, Lajpat Nagar Iv Ring Road, New Delhi, DL",India,India,False,False,False,False,True,False,False,False,False,0.5,0.9,0.5294117647058824,0.975609756097561,0.5555555555555556,0.9347826086956522,False,False
S1-286266963,S3-851970632,S3,Dream Energy Private Limited,Dream Energy Private Límited,"B-35 433/7, St No. 7, Vikas Nagar, Sbs Nagar, Ludhiana, Punjab","Ludhiana, <NULL>, B-35 433/7, PB, Ludhiana",India,India,False,False,False,False,True,False,False,False,False,0.6,0.38461538461538464,0.7931034482758621,0.2833333333333333,0.9642857142857143,0.2678571428571429,False,False
S1-670070229,S2-639694464,S2,Corporate Wireless Alliance,CORPORATE WIRELESS-ALNTLNLOEC,"2018 Rock Bass Way, Soddy Daisy, TN","2018- ROCK BASS WAY, PMB 1606, SODDY DAISY, TN",US,US,False,False,False,False,True,False,False,False,False,0.5,0.7777777777777778,0.5757575757575758,0.7317073170731707,0.7931034482758621,0.7857142857142857,False,False
S1-200056957,S2-97591400,S2,Gold Infra Ltd,@goldinfra,"Row H-3 Plot No 140, Seacoast Killa Belapur, Thane, Maharashtra","DOOR NO 405 ROW H-3 PLOT NO 140, SEACOAST KILLA BELAPUR, THANE, Maharashtra",India,India,False,False,False,False,True,False,False,False,False,0.0,0.8461538461538461,0.35714285714285715,0.8529411764705882,0.6428571428571428,0.8333333333333334,False,False
S1-366056820,S2-562787497,S2,Deepam Solutionsprivate (India) Private Limited,Smt Deepam (India) Solutionsprivate Private Limited,"13 D, Kalpataru Radiance, Shree Devi Hudkar, Goregaon West, Mumbai, Maharashtra","NO 13 D, KALPATARU RADIANCE, SHREE DEVI HUDKAR, GOREGAON WEST, Maharashtra",India,India,False,False,False,False,True,False,False,False,False,0.8333333333333334,0.8333333333333334,0.7727272727272727,0.8666666666666667,0.6734693877551021,0.8648648648648649,False,False
S1-36139183,S3-566437018,S3,Betty Cain Shreya,Betty Cain Shreya LLC,"734 Thurber Drive, Unit D, Columbus, OH","Thurber Dr, # D, Columbus, Ohio",US,US,False,False,False,False,True,False,False,False,False,0.75,0.3333333333333333,0.7894736842105263,0.5405405405405406,0.8095238095238095,0.6111111111111112,False,False
S1-407338202,S2-462362616,S2,Complete Textile Studios,Complete Tetxle (Studios),"217 Pond Street, Muscatine, IA","217 Pond St, IA, MUSCATINE",US,US,False,False,False,False,True,False,False,False,False,0.5,0.6666666666666666,0.6538461538461539,0.6,0.9166666666666666,0.75,False,False
S1-529770318,S3-688118813,S3,Galaxy Investments Private Limited,Shri Galaxy Investments Private Límited,"8-Ridhi Sidhi Nagar-2, Lalchandpura Niwaru, Jaipur, Rajasthan","#8-Ridhi Sidhi Nagar-2, Lalchandpura Niwaru, Jaipur, RJ",India,India,False,False,False,False,True,False,False,False,False,0.5,0.8,0.725,0.8461538461538461,0.8461538461538461,0.8793103448275862,False,False
S1-437299586,S2-879779054,S2,Pacific Trading Corp,Pacific Corp  5ervice,"Shop No. 228 At Dongaon, Mehkar, Buldhana, Maharashtra","SHOP NO. 2-28 AT DONGAON, MEHKAR, Maharashtra",India,India,False,False,False,False,True,False,False,False,False,0.5,0.6,0.3333333333333333,0.6923076923076923,0.4,0.8,False,False
S1-502760204,S3-380386457,S3,Ace Properties LLP,Ace Próperties LLP | www.aceprper.com,"6Th Floor Urbtech Trade Centre, Sector-132, Office - D/623 Tower No.-D Block, Noida, Uttar Pradesh, Gautam Buddha Nagar","Office - D/623 Tower No.-d Block, Noida, Gautam Buddha Nagar, UP",India,India,False,False,False,False,True,False,False,False,False,0.25,0.5,0.3611111111111111,0.49056603773584906,0.45945945945945943,0.46846846846846846,False,False
S1-105388096,S3-28843446,S3,Womens Health Supreme Care Associates,Womens Hheaaih Supreme Care Associates,"820 20th Place, Pleasantville, IA","820 20th Place, Pleasantville, Iowa",US,US,False,False,False,False,True,False,False,False,False,0.6666666666666666,0.6666666666666666,0.7317073170731707,0.8709677419354839,0.9210526315789473,0.9393939393939394,False,False
S1-353924203,S2-468481862,S2,Astro Trading Pvt Ltd,Astro Ttinig Pvt Ltd,"Jalandhar, C/O Sanchit Sahni. Prop. - 1 Vijay Nagar, Punjab",,India,India,False,False,False,False,True,False,False,False,False,0.6,0.0,0.48,0.0,0.8095238095238095,0.0,False,True
S1-749753367,S3-649290282,S3,Sterling Staffing Worldwide LLC,Sterling Staffing,"3028 175, Cedar City, UT","3028 175, Cedar City, Utah",US,US,False,False,False,False,True,False,False,False,False,0.5,0.6666666666666666,0.5185185185185185,0.9090909090909091,0.5483870967741935,0.9166666666666666,False,False
S1-845773646,S2-565251123,S2,Pediatric Dental Clinic of Town Of Plainfield,Pediatric Dental Clinic of Town Of,"Town Of Plainfield, N6074 5th Avenue, WI","N6074 5TH AVENUE, TOWN OF PLAINFIELD, WI",US,US,False,False,False,False,True,False,False,False,False,0.8333333333333334,1.0,0.75,0.8461538461538461,0.7555555555555555,0.1578947368421053,False,False
S1-317994949,S2-954552973,S2,Metro Bioworks LLC,METRO BIORFKS LLC,"1250 Sunrise Highway, Babylon, NY","1250 SUNRISE HIGHWAY, COPIGAUE, NY",US,US,False,False,False,False,True,False,False,False,False,0.5,0.6666666666666666,0.55,0.5128205128205128,0.8333333333333334,0.75,False,False
S1-817872853,S3-996843363,S3,Global Management Private Limited,Private Global Management Limited,"H. No.273, Golegaon, Shevgaon, Shevgaon, Ahmed Nagar, Maharashtra","H. No.273, Golegaon, Shevgaon, Shevgaon, Ahmed Nagar, MH",India,India,False,False,False,False,True,False,False,False,False,1.0,0.7777777777777778,0.8235294117647058,0.7608695652173914,0.5151515151515151,0.847457627118644,False,False
S1-735836529,S3-350473741,S3,Clear Fresh Taxable Inc,Clear Fresh Taxbael Inc Inc,"2500 Dykes Street, Dothan, AL",,US,US,False,False,False,False,True,False,False,False,False,0.6,0.0,0.5172413793103449,0.0,0.7777777777777778,0.0,False,True
S1-227533124,S2-238557615,S2,Seven Trading Private Limited,सेवन ट्रेडिंग प्राइवेट लिमिटेड,"Mathura, Village Kasimpur, Post Baldeo, Uttar Pradesh, Mathura","VILLAGE KASIMPUR, POST BALDEO, MATHURA, BARAULI, उत्तर प्रदेश",India,India,False,False,False,False,True,False,False,False,False,0.0,0.5,0.0,0.4857142857142857,0.06666666666666665,0.4655172413793104,False,False
S1-831799094,S3-396040813,S3,Lawrence & Lewis Biosciences LLC,Lawrence & Llris Biosciences LLC,"16516 E Street, Victorville, CA","16516 E St, Victorville, California",US,US,False,False,False,False,True,False,False,False,False,0.6,0.42857142857142855,0.7586206896551724,0.6111111111111112,0.9333333333333333,0.6363636363636364,False,False
S1-749117193,S3-404494601,S3,"Modern Packaging Systems, Inc","The Modern Packaging Systems, Inc","1520 James Patrick Lane, Unit UNIT 6, Saint Louis, MO","1520 James Patrick Lane, Unit UNIT 6, St Louis, Missouri",US,US,False,False,False,False,True,False,False,False,False,0.8,0.6363636363636364,0.8666666666666667,0.7169811320754716,0.875,0.8301886792452831,False,False
S1-244928973,S3-719810191,S3,AE Digital Clinic,AE Digital Center,"1115 Hoyt Peak Ranch Road, Bldg VACANT PARCEL, Kamas, UT","1115 Hoyt Peak Ranch Road, Bldg. Vacant Parcel, Marion, Utah",US,US,False,False,False,False,True,False,False,False,False,0.5,0.6666666666666666,0.5,0.7166666666666667,0.7058823529411764,0.875,False,False
S1-579344489,S2-349809677,S2,Mumbai Hospitals Private Limited,MUMBAI HOSIPDTLS PRIVATE LIMITED,"136/138, Mumbai City, Mumbai, Maharashtra, 1St Floor, Perin Nariman Street Fort",,India,India,False,False,False,False,True,False,False,False,False,0.6,0.0,0.6666666666666666,0.0,0.90625,0.0,False,True
S1-372723337,S3-799314135,S3,AP Producer Private Limited,apprivate.com,"C/O Rajesh Kumar Jain Ward No. 03, Lakecity Colony, Ashoknagar, Ashok Nagar, Guna, Madhya Pradesh","C/o Rajehs Kumar Jain Ward No. 03, Lakecity Colony, Ashoknagar, Ashok Nagar, Guna, मध्य प्रदेश",India,India,False,False,False,False,True,False,False,False,False,0.0,0.6842105263157895,0.20689655172413793,0.6595744680851063,0.40740740740740744,0.8351648351648352,False,False
S1-690482883,S3-478106453,S3,Lakshmi Producer Private Limited,લક્ષ્મી પ્રોડ્યુસર પ્રાઇવેટ લિમિટેડ,"1261/4/20 Motilal Farm, Opp. Ashokbhai Patel Farm, Nr Shivkrupa Residency, Deria Gam To Ring Road, Daskroi, Ahmedabad, Gujarat","#6-1261/4/20 Motilal Farm, Opp. Ashokbhai Patel Farm, Nr Shivkrupa Residency, Deria Gam To Ring Road, Daskroi, Ahmedabad, GJ",India,India,False,False,False,False,True,False,False,False,False,0.0,0.8571428571428571,0.0,0.9210526315789473,0.08571428571428574,0.9411764705882353,False,False
S1-863334491,S3-396901331,S3,Caldora Hub Care,caldora hub care (care),"1608 -3 Centerville Turnpike, Virginia Beach City, VA","#1608 -3 Centerville Tpke, Virginia Beach, Virginia",US,US,False,False,False,False,True,False,False,False,False,1.0,0.5555555555555556,0.875,0.6538461538461539,0.7619047619047619,0.8,False,False
S1-901205486,S2-296381571,S2,Super Properties Private Limited,சூப்பர் புராப்பர்ட்டீஸ் பிரைவேட் லிமிடெட்,"3-154A, Amsikkakuzhi, Methukummal, Kanyakumari, Tamil Nadu","3-154A, KANYAKUMARI, METHUKUMMAL, Tamil Nadu",India,India,False,False,False,False,True,False,False,False,False,0.0,0.8571428571428571,0.0,0.6923076923076923,0.07317073170731703,0.6111111111111112,False,False
S1-606766193,S3-556382684,S3,Marie-Ann's Patriot Energy,Marie-Ann's Marie-Ann's Pargrtmo Energy,"3739 Brookside Drive, Unit APARTMENT F, Elsmere, KY","03739 Brookside Drive, Erlanger Ky, Kentucky",US,US,False,False,False,False,True,False,False,False,False,0.6666666666666666,0.2727272727272727,0.5,0.3230769230769231,0.5641025641025641,0.5208333333333333,False,False
S1-671104137,S3-455550210,S3,Zhuo & Monks Ampercap Inc,Zhuo Monks Ampercap Inc Service,"W449 Little Prairie Road, Town Of Palmyra, WI","W449 Little Prairie Rd, Palmyra, Wisconsin",US,US,False,False,False,False,True,False,False,False,False,0.8,0.4,0.7241379310344828,0.5490196078431373,0.7419354838709677,0.6046511627906976,False,False
S1-28995741,S2-752582550,S2,Gajakarna Advertisment Private Limited,GAJAKARNAADVERTISMENT.COM,"I-20, Lajpat Nagar - Iii, Delhi, South Delhi, Delhi","I-20, LAJPAT NAGAR - III, DELHI, Delhi",India,India,False,False,False,False,True,False,False,False,False,0.0,0.8571428571428571,0.43902439024390244,0.7878787878787878,0.6052631578947368,0.7333333333333334,False,False
S1-437889791,S3-646942124,S3,Oncology Prime Health LLC,LLC 0ncology Prime Health,"24 Federal Avenue, Agawam, MA","24 Federal Avenue, Agawam, Massachusetts",US,US,False,False,False,False,True,False,False,False,False,0.6,0.6666666666666666,0.7037037037037037,0.6944444444444444,0.64,0.7105263157894737,False,False
S1-975801728,S3-538523869,S3,Big Services LLP,Big Services,"C/O Anuyash Kadu, Maharashtra, Amravati, Flat No, 402, Srushti Heights","C/o Anuyash Kadu, Amravati, महाराष्ट्र",India,India,False,False,False,False,True,False,False,False,False,0.6666666666666666,0.4166666666666667,0.7142857142857143,0.323943661971831,0.75,0.4,False,False
S1-178054464,S3-673574013,S3,Continental Fund,Continental Fuormn,"Temple, 8443 Adelaide Drive, TX","8443-D Adelaide Dr, Temple, Texas",US,US,False,False,False,False,True,False,False,False,False,0.3333333333333333,0.375,0.6666666666666666,0.5277777777777778,0.7777777777777778,0.4193548387096774,False,False
S1-136852652,S3-774064386,S3,Karimnagar Impex,Karimnagar Service,"H.No.7-1-16, Beside Two Town Police Station, Mankammathota, Karimnagar, Nellore, Telangana","H.no.7-1-16, Beside Two Town Police Station, Mankammathota, Nellore, TG",India,India,False,False,False,False,True,False,False,False,False,0.3333333333333333,0.8,0.42857142857142855,0.7380952380952381,0.6111111111111112,0.788235294117647,False,False
S1-540639372,S2-121906701,S2,Dunlap Regional Irenic Inc,Dunlap Renioial Irenic Inc,"115 Beach Street, Watsonville, CA","15 BEACH STREET, WATSONVILLE, CA",US,US,False,False,False,False,True,False,False,False,False,0.6,0.6666666666666666,0.6428571428571429,0.9655172413793104,0.9230769230769231,0.967741935483871,False,False
S1-205118815,S2-551700421,S2,Bareon Synchrony Inc,Bareon Synchrony,"Unit 4, Ames, 210 S Hyland Ave, IA","21 SOUTH HYLAND AVE, null, AMES, IA",US,US,False,False,False,False,True,False,False,False,False,0.6666666666666666,0.36363636363636365,0.7777777777777778,0.3409090909090909,0.8,0.21875,False,False
S1-565048101,S3-268763473,S3,Ford & Hirt LLC,Ford + Hírt,"Village Of Merton, W279N7498 Summer Court, WI","W279n7498 Summer Court, Village Of Merton, Wisconsin",US,US,False,False,False,False,True,False,False,False,False,0.2,0.75,0.17647058823529413,0.7755102040816326,0.46153846153846156,0.21999999999999997,False,False
S1-342451719,S3-482972943,S3,Sai Laxmi Logistics Private Limited,Sai Lxabi Logistics Private Limited,"Pl Rm 27 Ashtabhuja Apt Midc G Bl Fl 05, Chinchwad, Pune, Maharashtra","Pl Rm D/27 Ashtabhuja Apt Midc G Bl Fl 05, Chinchwad, Pune, MH",India,India,False,False,False,False,True,False,False,False,False,0.6666666666666666,0.8,0.7297297297297297,0.803030303030303,0.9142857142857143,0.8333333333333334,False,False
S1-466422101,S3-259310271,S3,Felix Tri-State Copper,Felix Tri-State Copper Corp,"770 Monroe Avenue, Renton, WA","Washington, Renton, 770. Monroe Avenue",US,US,False,False,False,False,True,False,False,False,False,0.8,0.6666666666666666,0.8333333333333334,0.6,0.8148148148148149,0.19999999999999996,False,False
S1-611684278,S2-535252765,S2,Jay Medical Centre Private Limited,JAY MEDICAL CENTRE PRIVATE LÍMITED,"Flat No.8, Chatur Apartment, Law College Road, Near Film Institute, E, Randwane, Pune, Maharashtra","H.NO 8- , CHATUR APARTMENT, LAW COLLEGE ROAD, NEAR FILM INSTITUTE, E, RANDWANE, Maharashtra",India,India,False,False,False,False,True,False,False,False,False,0.6666666666666666,0.8125,0.8285714285714286,0.8977272727272727,0.9705882352941176,0.9010989010989011,False,False
S1-435672464,S3-94270996,S3,Thirumangalam Constructors Private Limited,Thirumangalam Constructors Limited Services,"No.6A, Thavasimuthu Nadar Compound Chinnakkadai Street, Nagappan Lane, Thirumangalam, Madurai, Tamil Nadu","No 6A, Madurai, TN",India,India,False,False,False,False,True,False,False,False,False,0.6,0.21428571428571427,0.62,0.12903225806451613,0.7441860465116279,0.16000000000000003,False,False
S1-164085260,S3-185605687,S3,Fresh Retail Enterprises Inc.,The Fresh Retail Enterprises Inc.,"709 Mayfair Road, Arlington Heights, IL","Mayfair Road, PMB 1853, Arlington Heights, Illinois",US,US,False,False,False,False,True,False,False,False,False,0.8,0.4444444444444444,0.8666666666666667,0.6,0.875,0.6041666666666667,False,False
S1-865318785,S3-847166530,S3,Niify Stanley LLC,LLC Niify Stanisye,"Winston-salem, NC, 2635 Grosvenor Place, Unit 2","635 Grosvenor Pl, null, Winston-Salem, North Carolina",US,US,False,False,False,False,True,False,False,False,False,0.5,0.23076923076923078,0.4090909090909091,0.43548387096774194,0.4444444444444444,0.18000000000000005,False,False
S1-866440660,S2-37823368,S2,Shiva Consultants Private Limited,சிவா கன்சல்டன்ட்ஸ் பிரைவேட் லிமிடெட்,"Chennai, Lake View Road, West Mambalam, Chennai, Chennai, Tamil Nadu, No.107","H.NO 107, LAKE VIEW ROAD, WEST MAMBALAM, CHENNAI, CHENNAI, Tamil Nadu",India,India,False,False,False,False,True,False,False,False,False,0.0,0.9090909090909091,0.0,0.896551724137931,0.05555555555555558,0.8,False,False
S1-950243414,S3-319116399,S3,Creative Builders Private Limited,Creative Builders Private Límited Enterprises,"2/2-B T. B. Saproo Road, Civil Lines, Allahabad, Uttar Pradesh",,India,India,False,False,False,False,True,False,False,False,False,0.5,0.0,0.6222222222222222,0.0,0.7111111111111111,0.0,False,True
S1-885819489,S2-656711438,S2,Signature Blueport LLC,sbluep0rt.com,"210 Carl Drive, Unit Apt E1, Hot Springs, AR","210- CARL DRIVE, HOT SPRINGS, AR",US,US,False,False,False,False,True,False,False,False,False,0.0,0.6666666666666666,0.14814814814814814,0.65,0.40909090909090906,0.7073170731707317,False,False
S1-132525577,S3-282693462,S3,Strum Management PLLC,Strum Mnaagefent  PLLC,"13234 Vrlla Road, TX, Guy","Vrlla Road, GUY, Texas",US,US,False,False,False,False,True,False,False,False,False,0.5,0.5,0.46153846153846156,0.39285714285714285,0.8571428571428572,0.3913043478260869,False,False
S1-683657770,S2-436038933,S2,Invitro Goods Center,Invitro Goods Canter,"New Delhi, Gali No. 5, Om Nagar Badarpur, Delhi, New Delhi, B-264","B-0264, GALI NO. 5, OM NAGAR BADARPUR, NEW DELHI, Delhi",India,India,False,False,False,False,True,False,False,False,False,0.5,0.8181818181818182,0.7142857142857143,0.74,0.95,0.6779661016949152,False,False
S1-147889099,S3-851405395,S3,Horton and Garner Managed Inc.,Horton And Garner Managed,"11651 State Rt 44, Mantua, OH","11651 State Rt 44, Manntua CITY, Ohio",US,US,False,False,False,False,True,False,False,False,False,0.8,0.4444444444444444,0.8518518518518519,0.6571428571428571,0.8620689655172413,0.7714285714285715,False,False
S1-344283587,S3-980436581,S3,Juliette Loren Old,Juliette Old Loren,"2814 Glover Road, Durham, NC","02814 Glover Rd, Durham, North Carolina",US,US,False,False,False,False,True,False,False,False,False,1.0,0.2222222222222222,0.6842105263157895,0.475,0.5555555555555556,0.5945945945945945,False,False
S1-431851089,S3-463964591,S3,Vision Estate Private Limited,Vision Estate Private,"Villa No. 41, S-4, Signature Villa - 2, Vatika India Next, Narsinghpur, Gurgaon, Haryana","Villa No. 41, Gurgaon, हरियाणा",India,India,False,False,False,False,True,False,False,False,False,0.75,0.2857142857142857,0.72,0.2125,0.7241379310344828,0.25316455696202533,False,False
S1-847798927,S2-36466158,S2,Schmidt Allied Tower,ALLIED SCHMIDT TOWER,"IL, 3426 Loverock Avenue, Steger","3426 LOVEROCK AVENUE, IL, INCORPORATED",US,US,False,False,False,False,True,False,False,False,False,1.0,0.6666666666666666,0.7142857142857143,0.47619047619047616,0.4,0.5277777777777778,False,False
S1-808727930,S2-920182863,S2,Pivot Works Private Limited,Pivot Works Private  Ltd (ID: 72397),"73, Gopal Pura, Hissar, Rohtak, Haryana","73, GOPAL PURA, HISSAR, हरियाणा",India,India,False,False,False,False,True,False,False,False,False,0.42857142857142855,0.5714285714285714,0.5277777777777778,0.475,0.6875,0.6,False,False
S1-323644546,S3-489365878,S3,544 Church Avenue Management Group,544 Church Avenue Management,"70 Kanawha Avenue, Smithers, WV","West Virginia, 1 Kanawha Ave, Smithers",US,US,False,False,False,False,True,False,False,False,False,0.8,0.2222222222222222,0.8125,0.4186046511627907,0.8235294117647058,0.41666666666666663,False,False
S1-631735844,S2-847389387,S2,Supreme Blockchain,SUPREME BLOCKCHAIN INC.,"9185 Rochester Avenue, Delhi, CA","9185-A ROCHESTER AVENUE, DELHI, CA",US,US,False,False,False,False,True,False,False,False,False,0.6666666666666666,0.8333333333333334,0.8,0.8709677419354839,0.8181818181818181,0.9375,False,False
S1-454437180,S3-47422263,S3,Innovative Impex Private Limited,इनोवेटिव इम्पेक्स प्राइवेट लिमिटेड,"Kalpesh Apt B 102 Khadak Pada, Kalyan, Thane, Maharashtra","Kalpesh Apt B 0102 Khadak Pada, Kalyan, Thane, MH",India,India,False,False,False,False,True,False,False,False,False,0.0,0.6363636363636364,0.0,0.7037037037037037,0.05882352941176472,0.8148148148148149,False,False
S1-783486729,S3-849091156,S3,Ear Nose & Throat Royal Associates,Ear Nseo + Throat Royal Associates,"483 Country Hill Cir NE, Cedar Rapids, IA","483 Country Hill Cir Northeast, Cedar Rapids, Iowa",US,US,False,False,False,False,True,False,False,False,False,0.5714285714285714,0.6,0.6756756756756757,0.66,0.8823529411764706,0.8125,False,False
S1-792543452,S2-456547361,S2,Modern Producer Private Limited,Modern Producer,"19/13, Lal Bahadur Shastri Marg, Opp. Heart Line Hospital, Civil Lines, Allahabad, Uttar Pradesh","NO 435 19/13, LAL BAHADUR SHASTRI MARG, OPP. HEART LINE HOSPITAL, CIVIL LINES, ALLAHABAD, Uttar Pradesh",India,India,False,False,False,False,True,False,False,False,False,0.5,0.8823529411764706,0.4642857142857143,0.9222222222222223,0.4838709677419355,0.9278350515463918,False,False
S1-18977413,S2-572618419,S2,NO Energy Private Limited,Private NO Energy (Ltd),"A/6, Zelam Society, Veer Savarkar Marg, Shiivaji Park, Dadar, Mumbai, Maharashtra","A/6, DADAR, MUMBAI, Maharashtra",India,India,False,False,False,False,True,False,False,False,False,0.6,0.4166666666666667,0.5,0.35714285714285715,0.19999999999999996,0.3733333333333333,False,False
S1-790529669,S3-532463588,S3,Bling & Partners Ltd,Bling +  Partners Ltd,"Fc/4070, F-Tower, Central Wing, 4Th Floor, Bharat Diamond Bourse, Bandra Kurla Complex, Ban, Dra - East, Mumbai, Mumbai City, Maharashtra","Fc/4070, Mumbai, Mumbai City, MH",India,India,False,False,False,False,True,False,False,False,False,0.75,0.19047619047619047,0.7894736842105263,0.16964285714285715,0.9,0.23199999999999998,False,False
S1-829204663,S3-186052862,S3,Sun Logistics Private Limited,Lyracalohalo,"1412A, 14Th Flr, J Wing, Cts No1/7, Veer Sawarkar, Mumbai, Maharashtra","Mumbai, Maharashtra, 14Th Flr, J Wing, Cts No1/7, Veer Sawarkar, 1412A",India,India,False,False,False,False,True,False,False,False,False,0.0,1.0,0.0,0.921875,0.13793103448275867,0.46875,False,False
S1-481888273,S3-145712345,S3,Signature (india) Private Limited,Signature Limited Private (india),"Plot3 292/A, Telangana, Hyderabad, I Floor, Road No.6 Green Park Colony, Saroor Nagar Lake Are, A","Plot3 292/A, I Floor, Road No.6 Green Park Colony, Saroor Nagar Lake Are, A, Hyderabad, TG",India,India,False,False,False,False,True,False,False,False,False,1.0,0.8888888888888888,0.8709677419354839,0.8409090909090909,0.6129032258064516,0.6373626373626373,False,False
S1-900439269,S2-51270081,S2,Sena Signature Futurewave Center,Sena Signature Signature Futurewave Center Inc,"Charleston, 2150 7th Street, IL, Rm 423","2150 SEVENTH ST, PO BOX 1358, CHARLESTON, IL",US,US,False,False,False,False,True,False,False,False,False,0.8,0.25,0.8484848484848485,0.2807017543859649,0.6956521739130435,0.12195121951219512,False,False
S1-448630369,S3-667248175,S3,"Sweet Cafe!, LLC","Sweet LLC Cafe!,","Park City, IL, 464 Frontage Road","464 Frontage Road, Waukegan, Illinois",US,US,False,False,False,False,True,False,False,False,False,1.0,0.375,0.6,0.35555555555555557,0.4285714285714286,0.1428571428571429,False,False
S1-539823404,S3-132673149,S3,Trinity Ministries,Trinity Mionnfsrts,"AR, 900 Plum Street, Junction City","900 Plum Street, Junction City, Arkansas",US,US,False,False,False,False,True,False,False,False,False,0.3333333333333333,0.7142857142857143,0.36363636363636365,0.6923076923076923,0.6666666666666667,0.6842105263157895,False,False
S1-748664443,S2-176299478,S2,Mirage Farmer Private Limited,MIRAGE PRIVATE FARMER LIMITED,"Durga 92/2 Gangote Pathopposite Kamala Nehru Park Erandaane, Pune, Maharashtra",,India,India,False,False,False,False,True,False,False,False,False,1.0,0.0,0.8620689655172413,0.0,0.5517241379310345,0.0,False,True
S1-656313549,S2-677417206,S2,JUN Premier LLC,JUN Premier,"1166 Fir Grove Loop, Fl 1, Hillsboro, OR","1166 FIR GROVE LOOP, HILLSBORO, OR",US,US,False,False,False,False,True,False,False,False,False,0.6666666666666666,0.75,0.6923076923076923,0.8055555555555556,0.7333333333333334,0.8648648648648649,False,False
S1-171748306,S2-162454874,S2,King's Mortgage,King's Mortgage Inc.,"Saraland, 3353 Woodlands Drive, AL","3353- WOODLANDS DR, AL, SARALAND",US,US,False,False,False,False,True,False,False,False,False,0.75,0.6666666666666666,0.7647058823529411,0.6060606060606061,0.7894736842105263,0.4375,False,False
S1-785751001,S3-427345011,S3,Caa Inc,Caa Inc Partners,"8409 Chiesa Road, Rowlett, TX","Rowlett CDP, Texas, 8409 Chiesa Rd",US,US,False,False,False,False,True,False,False,False,False,0.6666666666666666,0.375,0.35714285714285715,0.4594594594594595,0.4375,0.21875,False,False
S1-460957720,S3-69516995,S3,Everest Harmony LLC,Everest Harcdyn  LLC,"5540 Sofia Place, Unit 1205, Round Rock, TX","Sofia Pl, Unit 1205, Round Rock, Texas",US,US,False,False,False,False,True,False,False,False,False,0.5,0.5,0.4782608695652174,0.6046511627906976,0.7894736842105263,0.725,False,False
S1-649254152,S3-886044921,S3,Blue Association Inc,Blue Association,"133369 Fishermans Cove, Town Of Green Valley, WI","Town Of Green Valley, Wisconsin, 133369. Fishermans Cove",US,US,False,False,False,False,True,False,False,False,False,0.6666666666666666,0.7777777777777778,0.7777777777777778,0.7592592592592593,0.8,0.13207547169811318,False,False
S1-292606350,S3-10105407,S3,North Ridgeville Empire Invest,North Rídgeville Empire Ínvest,"4940 Windsford Circle, North Ridgeville, OH","4940 Windsford Circle, North Ridgeville, Ohio",US,US,False,False,False,False,True,False,False,False,False,0.3333333333333333,0.7142857142857143,0.6470588235294118,0.95,0.9333333333333333,0.9534883720930233,False,False
S1-509929031,S2-77681723,S2,Primary Care Metropolitan Health,Primary Care [Health] Mbcropolsitrn,"126 Main Street, Waterville, NY","126 MCIN ST, NY, WATERVILLE",US,US,False,False,False,False,True,False,False,False,False,0.6,0.42857142857142855,0.4523809523809524,0.47058823529411764,0.48484848484848486,0.7241379310344828,False,False
S1-17482433,S3-713615990,S3,Royal Infotech Private Limited,रॉयल इंफोटेक प्राइवेट लिमिटेड,"C/O Kashinath Sakharam Dhobale House No 42, At Post Babhulgaon, Washim, Maharashtra","C/o Kashinath Sakharam Dhobale House No 42, Washim, MH",India,India,False,False,False,False,True,False,False,False,False,0.0,0.6428571428571429,0.0,0.6133333333333333,0.06666666666666665,0.65,False,False
S1-178189126,S2-575913251,S2,Thane Marino Pvt. Ltd.,Ltd. Thane Pvt. Service,"Garden Enclave, Building No. 03, Flat No. 203 Near Vasant Vihar, Thane-West, Thane, Maharashtra","GARDEN ENCLAVE, BUILDING NO. 03, FLAT NO. 203 NEAR VASANT VIHAR, THANE-WEST, THANE, महाराष्ट्र",India,India,False,False,False,False,True,False,False,False,False,0.6,0.8571428571428571,0.27586206896551724,0.7674418604651163,0.19047619047619047,0.875,False,False
S1-215155394,S3-233866327,S3,"Platinum Quality Banco, LLC",Platinum Quality,"20 Dylan Lane, Fairfield Glade, TN","##20 Dylan Ln, Fairfield Glade, Tennessee",US,US,False,False,False,False,True,False,False,False,False,0.5,0.5,0.5833333333333334,0.6,0.6153846153846154,0.7567567567567568,False,False
S1-123239185,S2-130027337,S2,Om Infotech LLP,ॐ इंफोटेक एलएलपी,"B-1, 2Nd Floor, Suncity Sector-54, Gurugram, Gurgaon, Haryana","H.NO 63 B-1, GURUGRAM SECTOR, GURGAON, Haryana, 2ND FLOOR, SUNCITY SECTOR-54",India,India,False,False,False,False,True,False,False,False,False,0.0,0.7692307692307693,0.0,0.734375,0.0,0.23943661971830987,False,False
S1-79672001,S2-677369826,S2,Historical Better League LLC,Historical Better League,"7492 S Crest Circle, Midvale, UT","07492 S CREST CIR, MIDVALE, UT",US,US,False,False,False,False,True,False,False,False,False,0.75,0.5,0.8461538461538461,0.7666666666666667,0.8571428571428572,0.8666666666666667,False,False
S1-962276849,S2-13108102,S2,Lincoln Clear Data,Linco1n Clbeaar Dáta,"2660 Lock 4 Road, Lincoln, AL","2660 LOCK 4 RD, LINCCOLN, AL",US,US,False,False,False,False,True,False,False,False,False,0.0,0.5,0.25925925925925924,0.6896551724137931,0.8,0.8888888888888888,False,False
S1-255755822,S3-789851945,S3,Metro Summit Pantages Corp,Metro Summit Pantages,"11 Bedford Street, Quincy, MA","11-15 Bedford Street, Quincy, Massachusetts",US,US,False,False,False,False,True,False,False,False,False,0.75,0.5714285714285714,0.7916666666666666,0.6,0.8076923076923077,0.6585365853658536,False,False
S1-932837154,S2-674665598,S2,Lucknow Financial Private Limited,LUCKNOW FINANCIAL PRIVATE,"Plot No. A5, Kh. No 57 Hasemau Amity Greens, Chinhat, Lucknow, Uttar Pradesh","BLOCK G-253 PLOT NO. A5, KH. NO 57 HASEMAU AMITY GREENS, CHINHAT, LUCKNOW, Uttar Pradesh",India,India,False,False,False,False,True,False,False,False,False,0.75,0.8,0.7419354838709677,0.8461538461538461,0.7575757575757576,0.8536585365853658,False,False
S1-450874249,S2-105815711,S2,"Comfort, Moyer & Hasler Pharma Inc",cmoyer.com,"156 Maple Street, Franklin, MA","156 MAPLE ST, PO BOX 4716, FRANKLIN, MA",US,US,False,False,False,False,True,False,False,False,False,0.0,0.4444444444444444,0.16129032258064516,0.48717948717948717,0.25806451612903225,0.6666666666666667,False,False
S1-158025897,S2-308488531,S2,Sky Trading Private Limited,સ્કાય ટ્રેડિંગ પ્રાઇવેટ લિમિટેડ,"35, Madhav Park-4, Nirant Four Road Vastral Road, Ahmedabad, Gujarat","65, MADHAV PARK-4, NIRANT FOUR ROAD VASTRAL ROAD, AHMEDABAD HQ REGION, AHMEDABAD, Gujarat",India,India,False,False,False,False,True,False,False,False,False,0.0,0.6923076923076923,0.0,0.8115942028985508,0.09677419354838712,0.75,False,False
S1-856968532,S3-970587155,S3,"Brown Frontier Pattana, LLC","Brown Fróntier Pattana, LLC LLC","189 Blackmer Street, Unit 2, New Bedford, MA",,US,US,False,False,False,False,True,False,False,False,False,0.6,0.0,0.7241379310344828,0.0,0.8333333333333334,0.0,False,True
S1-150993701,S3-229360492,S3,"VSR Enhanced, LLC",Vsrenhanced.Com,"IN, Indianapolis, 5310 30th Street, Unit APT C","5310 30th St, # APT C, Indianapolis, Indiana",US,US,False,False,False,False,True,False,False,False,False,0.0,0.5,0.42105263157894735,0.6,0.75,0.16279069767441856,False,False
S1-589387997,S2-14075872,S2,High Technology Private Limited,ஹை டெக்னாலஜி பிரைவேட் லிமிடெட்,"#30/23, 1St Floor, Suganthi Complex Rameshwaram Street, T Nagar, Chennai, Tamil Nadu","1ST FLOOR, SUGANTHI COMPLEX RAMESHWARAM STREET, T NAGAR, #30/23, CHENNAI, Tamil Nadu",India,India,False,False,False,False,True,False,False,False,False,0.0,1.0,0.0,0.922077922077922,0.032258064516129004,0.8461538461538461,False,False
S1-114584296,S2-933118145,S2,Choice Freight Collective,CHOICE COLLECTIVE FREIGHT,"2275 Moix Boulevard, Unit Apt 33110, Conway, AR","##2275 MOIX BOULEVARD, CONWAY, AR",US,US,False,False,False,False,True,False,False,False,False,1.0,0.625,0.84,0.6046511627906976,0.36,0.6590909090909092,False,False
S1-300904113,S2-140498538,S2,Deluna's Mortgage LP,Deluna's Mortgage,"23218 41st Street, Phoenix, AZ","0023218 41ST ST, PHOENI CITY, AZ",US,US,False,False,False,False,True,False,False,False,False,0.75,0.2222222222222222,0.8333333333333334,0.5142857142857142,0.85,0.6333333333333333,False,False
S1-419813888,S3-649118893,S3,Green Cornerstone Uranium,Green Cornerstone-Urailnum,"574 Broadway, Yonkers, NY","57 Broadway, Yonkers, New York",US,US,False,False,False,False,True,False,False,False,False,0.5,0.2857142857142857,0.6785714285714286,0.5862068965517241,0.8846153846153846,0.75,False,False
S1-865492755,S3-179271951,S3,Sands's Advanced Salon,Sands's Advanced Salon Inc,"219 Oakland Avenue, Helena-west Helena, AR",,US,US,False,False,False,False,True,False,False,False,False,0.8,0.0,0.8333333333333334,0.0,0.8461538461538461,0.0,False,True
S1-581259591,S2-211205514,S2,Allyce Johnson Pioneer Inc,Allyce Johnson Pioneer Ínc,"639 14th Street Court, Chattanooga, TN","639C 14TH STREET CT, CHATTANOOGA, TN",US,US,False,False,False,False,True,False,False,False,False,0.6,0.5,0.7777777777777778,0.6842105263157895,0.9615384615384616,0.8888888888888888,False,False
S1-230577823,S3-688455765,S3,"Davis, Gideon & Phelps Pyrophyte","Phelps Gideon & Davis, Pyróphyte","521 Freys Road, Edgewood, MD","521- Freys Rd, Maryland, Edgewood",US,US,False,False,False,False,True,False,False,False,False,0.6,0.42857142857142855,0.6875,0.5294117647058824,0.6206896551724138,0.6333333333333333,False,False
S1-143812660,S2-33133471,S2,Banda Civil Private Limited,BANDACIVIL.COM,"House No 7, Fatehganj, Tehsil- Atarra, District Banda Uttar Pradesh, Banda, Uttar Pradesh, Care Of Naval Kishore Gupta, Banda","CARE OF NAVAL KISHORE GUPTA, HOUSE NO B3/7, FATEHGANJ, TEHSIL- ATARRA, DISTRICT BANDA UTTAR PRADESH, BANDA, उत्तर प्रदेश",India,India,False,False,False,False,True,False,False,False,False,0.0,0.8333333333333334,0.23333333333333334,0.794392523364486,0.4444444444444444,0.3418803418803419,False,False
S1-26782199,S3-812374780,S3,Premier Network Concepts LLC,Premier Network Concepts,"3810 107th Street, Village Of Pleasant Prairie, WI","381 107th Street, Wisconsin, Village Of Pleasant Prairie",US,US,False,False,False,False,True,False,False,False,False,0.75,0.6,0.8461538461538461,0.6896551724137931,0.8571428571428572,0.7407407407407407,False,False
S1-945290742,S3-937131723,S3,Fuel & Co,Fuel &,"J-54Goverdhan Pathtagore, Nagar, Ajmer Road, Marudhar, Jaipur, Rajasthan","J-54goverdhan Pathtagore, Nagar, Ajmer Road, Marudhar, Jaipur, RJ",India,India,False,False,False,False,True,False,False,False,False,0.5,0.8,0.4,0.8709677419354839,0.5714285714285714,0.8955223880597015,False,False
S1-509192914,S3-235163670,S3,"Tri-State Bay Microelectronics, Inc","Veracira née Tri-State Bay Microelectronics, Inc","311 Friar Rock Circle, MD, City Of Havre De Grace","311 Friar Rock Circle, City Of Havre De Grace, MD",US,US,False,False,False,False,True,False,False,False,False,0.7142857142857143,1.0,0.7111111111111111,0.9130434782608695,0.7234042553191489,0.8723404255319149,False,False
S1-641460534,S2-849163968,S2,Hall International,HÁLLINTERNATIONAL.COM,"71 Keener Street, Weston, WV","KEENER STREET, WESTON, WV",US,US,False,False,False,False,True,False,False,False,False,0.0,0.8,0.4583333333333333,0.875,0.7142857142857143,0.8846153846153846,False,False
S1-18168598,S3-577374332,S3,Jay Indian Enterprises Private Limited,Jay Indian Enterprises Enterprises Private,"New Delhi, Sma Cooperative Indl Estate, G.T. Karnal Road Delhi, Delhi, C-3","DL, New Delhi, C-3, Sma Cooperative Indl Estate, G.t. Karnal Road Delhi",India,India,False,False,False,False,True,False,False,False,False,0.8,0.9230769230769231,0.75,0.9016393442622951,0.6666666666666667,0.7536231884057971,False,False
S1-938185695,S2-65412389,S2,Sb Academy LLP,Sb-LLP Center,"Pl No-358 Kh 57/15 Nangloi Ext-2C Pole Nangloi, Delhi, New Delhi, Delhi","PL NO-358 KH 57/15 NANGLOI EXT-2C POLE NANGLOI, DELHI, दिल्ली, NEW DELHI",India,India,False,False,False,False,True,False,False,False,False,0.5,0.9230769230769231,0.15,0.8421052631578947,0.2142857142857143,0.855072463768116,False,False
S1-494565661,S3-230142135,S3,Enterprises Springs Private Limited,Enterprises Springs Private,"Flat No-06 Plotno-W130 2, Floor Greater Kailsh Ii, New Delhi, South Delhi, Delhi","Flat No-06 Plotno-w130 2, Floor Greater Kailsh Ii, South Delhi, New Delhi, DL",India,India,False,False,False,False,True,False,False,False,False,0.75,0.9285714285714286,0.7419354838709677,0.9846153846153847,0.7714285714285715,0.8289473684210527,False,False
S1-91272350,S3-534608212,S3,Fortune Core Ltd,fortunecore.com,"C/O Sri. Nanhak Singh, At-2H\52, Kankarbagh, Sampatchak, Patna, Bihar","C/o Sri. Nanhak Singh, At-2h\52, Kankarbagh, Sampatchak, Kankerbagh, बिहार",India,India,False,False,False,False,True,False,False,False,False,0.0,0.7142857142857143,0.5882352941176471,0.7121212121212122,0.75,0.8088235294117647,False,False
S1-916011110,S2-620255514,S2,Supreme Construction Collective,Supreme Construction Collective Inc,"2820 Toomey Avenue, Charlotte, NC","CHARLOTTE, 2820 TOOMEY AVENUE, NC",US,US,False,False,False,False,True,False,False,False,False,0.75,1.0,0.8709677419354839,0.8709677419354839,0.8857142857142857,0.3548387096774194,False,False
S1-14192628,S3-121326659,S3,Bernelle Hill Efes PC,Bernelle Hill Efes,"1205 Red River Drive, Salisbury, NC","1205a Red River Dr, Salisbury Township, North Carolina",US,US,False,False,False,False,True,False,False,False,False,0.75,0.2727272727272727,0.8421052631578947,0.38596491228070173,0.8571428571428572,0.5192307692307692,False,False
S1-885711552,S2-90627577,S2,Santa Clara City Regional Allied Association Inc,SANTA CITY REGIONAL ALLIED ASSOCIATION INC SERVICES,"2600 Ocotillo Way, Unit 39, Santa Clara City, UT","SANTA CLARA, UT, ##2600 OCOTILLO WAY",US,US,False,False,False,False,True,False,False,False,False,0.75,0.6666666666666666,0.7358490566037735,0.5777777777777777,0.7058823529411764,0.2222222222222222,False,False
S1-436568623,S3-586483567,S3,Palmer College Inc,Palmer-College,"1 Honeymoon Island, Angle Inlet, MN",,US,US,False,False,False,False,True,False,False,False,False,0.6666666666666666,0.0,0.75,0.0,0.7777777777777778,0.0,False,True
S1-277160600,S2-801223141,S2,Sree Builders Limited,श्री बिल्डर्स लिमिटेड,"F.No 1 Yogiraj Complex, N4 Cidco, Aurangabad, Maharashtra","F.NO 1 YOGIRAJ COMPLEX, AURANGABAD, Maharashtra",India,India,False,False,False,False,True,False,False,False,False,0.0,0.7777777777777778,0.0,0.7924528301886793,0.09523809523809523,0.8333333333333334,False,False
S1-592320877,S2-241273440,S2,Northwind Solutions Inc,Northwind Solutions,"839 Crest Avenue, Addison, IL","839-841 CREST AVE, N/A, ADDISON, IL",US,US,False,False,False,False,True,False,False,False,False,0.6666666666666666,0.4444444444444444,0.8095238095238095,0.5277777777777778,0.8260869565217391,0.78125,False,False
S1-489648222,S2-910464786,S2,Shilpa Traders Pvt. Ltd.,SHILPA TRÁDERS PVT. LTD.,"A-160/2 G/F Fateh Nagar New Delhi, New Delhi, West Delhi, Delhi","A-1-60/2 G/F FATEH NAGAR NEW DELHI, NEW DELHI, Delhi",India,India,False,False,False,False,True,False,False,False,False,0.6,0.6666666666666666,0.7391304347826086,0.7441860465116279,0.9545454545454546,0.8,False,False
S1-605112435,S2-269917547,S2,Fiex Capital Partners,Fiex Cápital Partners,"15747 Citron Avenue, CA, Fontana","15747 CITRON AVE, FONTANA, CA",US,US,False,False,False,False,True,False,False,False,False,0.5,0.6666666666666666,0.7272727272727273,0.65625,0.9523809523809523,0.7,False,False
S1-398066027,S3-292742460,S3,United Atlas Inc,Unitedatlas.Com,"13120 50, Louisville, IL","Louisville, Illinois, 13120 50",US,US,False,False,False,False,True,False,False,False,False,0.0,0.6,0.42105263157894735,0.6071428571428571,0.75,0.1785714285714286,False,False
S1-683449530,S3-513545942,S3,General Farms (India) LLP,Jaxbelo,"E-8/4 F/F Road No-8 Vasant Vihar Opp Mcd, New Delhi, South West Delhi, Delhi","New Delhi, South West Delhi, Delhi, E-8/4 F/F Road No-8 Vasant Vihar Opp Mcd",India,India,False,False,False,False,True,False,False,False,False,0.0,1.0,0.0,0.9344262295081968,0.08695652173913049,0.1643835616438356,False,False
S1-773636819,S2-889380482,S2,"Strange, Dubois and Rousseau LLC","Strange, Dubois and Rousseau","99 Culler Hollow, Unit A, Belfry, KY","99 CULLER HOLLOW, BELFRY, KY",US,US,False,False,False,False,True,False,False,False,False,0.8,0.7142857142857143,0.8620689655172413,0.71875,0.8709677419354839,0.7878787878787878,False,False
S1-164621395,S2-321933936,S2,Sahaj Global Private Limited,Sahaj  Limited Private Gl0bal,"Flat 2, Navyug Building, Plot No. 16 Evershine Nagar, Near Peoples Gym, Malad W, Est, Mumbai, Mumbai City, Maharashtra","DOOR NO 870- FLAT 2, NAVYUG BUILDING, PLOT NO. 16 EVERSHINE NAGAR, NEAR PEOPLES GYM, MALAD W, EST, MUMBAI, Maharashtra",India,India,False,False,False,False,True,False,False,False,False,0.6,0.85,0.5757575757575758,0.8598130841121495,0.5,0.7798165137614679,False,False
S1-791134437,S2-617439095,S2,Indo Estate Private Limited,इंडो एस्टेट प्राइवेट लिमिटेड,"1/17, Prabhadevi Industrial Estate, 402, Veer Savarkar Marg, Prabhadevi, Mumbai, Mumbai City, Maharashtra","HN 458 1/17, MUMBAI, MUMBAI CITY, Maharashtra",India,India,False,False,False,False,True,False,False,False,False,0.0,0.35714285714285715,0.0,0.3023255813953488,0.1071428571428571,0.37755102040816324,False,False
S1-771706060,S2-56057284,S2,Assam Infrastructure LLP,Assam LLP Center,"2034 A Sector-3 Blb, Faridabad Sector 3, Ballabgarh, Faridabad, Haryana","02034 A SECTOR-3 BLB, FARIDABAD SECTR 3, BALLABGARH, Haryana",India,India,False,False,False,False,True,False,False,False,False,0.5,0.7,0.2,0.8823529411764706,0.33333333333333337,0.8208955223880597,False,False
S1-110627416,S2-949477169,S2,Bengaluru India Pvt Ltd,BEN6ALURU ISLSIA PVT LTD,"Bengaluru, Bangalore, 1St Main, 10Th Cross, Pampa Ext Rd, Hebbal Kempapura, Karnataka, Flat No 108","NO 108 , 1ST MAIN, 10TH CROSS, PAMPA EXT RD, HEBBAL KEMPAPURA, BENGALURU, Karnataka",India,India,False,False,False,False,True,False,False,False,False,0.3333333333333333,0.8666666666666667,0.4827586206896552,0.7444444444444445,0.8333333333333334,0.6263736263736264,False,False
S1-594530950,S3-711361306,S3,Sunrise Consultancy Private Limited,सनराइज कंसल्टेंसी प्राइवेट लिमिटेड,"10, Floor-3, Plot 209E, Shramadan Chs Ltd, Laxmibai Kelkar Marg, Opp Sion Hospital, Sion (East), Mumbai, Maharashtra","10, Floor-3, Plot 209E, Shramadan Chs Ltd, Laxmibai Kelkar Marg, Opp Sion Hospital, Sion (East), Mumbai, MH",India,India,False,False,False,False,True,False,False,False,False,0.0,0.8888888888888888,0.0,0.8979591836734694,0.05714285714285716,0.9150943396226415,False,False
S1-667953401,S3-178789300,S3,Midwest Program VI Center,VI Program Midwest Cénter,"6007 Fire Road, Lyme, NY","6007 Fire Rd, PMB 9789, Lyme, New York",US,US,False,False,False,False,True,False,False,False,False,0.6,0.3,0.5333333333333333,0.358974358974359,0.48,0.5428571428571429,False,False
S1-774540528,S3-454548001,S3,International Sky Consultancy Limited,International Sky Limited Services,"7, Raj Narayan Road, Civil Lines, New Delhi, Delhi","7, Raj Narayan Road, Civil Lines, New Delhi, DL",India,India,False,False,False,False,True,False,False,False,False,0.6,0.8888888888888888,0.5227272727272727,0.975609756097561,0.5675675675675675,0.9347826086956522,False,False
S1-599195941,S3-157983936,S3,"Verina Ketchem, Esq.","Ketchem,, Verina (Esq.)","DE, 101 Garwood Drive, Bear","101 Garwood Drive, BEAR, Delaware",US,US,False,False,False,False,True,False,False,False,False,1.0,0.6666666666666666,0.6842105263157895,0.625,0.33333333333333337,0.6129032258064516,False,False
S1-72608250,S3-124925925,S3,"All Printing Enterprises, LLC","All Printing Enterprises,","3075 Chestnut Bluff Maury City Road, Maury City, TN","3075 Chestnut Bluff Maury City Rd, Maury City, Tennessee",US,US,False,False,False,False,True,False,False,False,False,0.75,0.5555555555555556,0.84,0.6808510638297872,0.8571428571428572,0.8333333333333334,False,False
S1-121617330,S2-770560731,S2,Clear Trading Laboratories,Clear Laboratories Tfggming,"1620 Hilton Street, Sherman, TX","1620 HILTON ST, SHERMAN, TX",US,US,False,False,False,False,True,False,False,False,False,0.5,0.6666666666666666,0.48484848484848486,0.7857142857142857,0.37037037037037035,0.8620689655172413,False,False
S1-655170044,S3-304920008,S3,Houston Interstate Trinity LLC,Houston Interstate LLC (Partners),"13651 Gilbride Lane, Clarksville, MD","Gilbride Lane, Clarksville, Maryland",US,US,False,False,False,False,True,False,False,False,False,0.6,0.5,0.5135135135135135,0.6578947368421053,0.6129032258064516,0.6470588235294117,False,False
S1-873589868,S2-464963352,S2,Lyrex Copper LLC,lcopper.com,"1050 Vincent Street, Findlay, OH","1050 Vincent St, FINDLAY, OH",US,US,False,False,False,False,True,False,False,False,False,0.0,0.6666666666666666,0.35294117647058826,0.7931034482758621,0.5,0.8666666666666667,False,False
S1-931084844,S2-282077652,S2,Shyam Infrastructure Pvt Ltd,श्याम इंफ्रास्ट्रक्चर प्रा. लि.,"A-501, Sai Elegance, Mahakali Caves Road, Andheri East, Mumbai, Mumbai City, Maharashtra","A-501, SAI ELEGANCE, MAHAKALI CAVES ROAD, ANDHERI EAST, MUMBAI CITY, MUMBAI, महाराष्ट्र",India,India,False,False,False,False,True,False,False,False,False,0.0,0.8461538461538461,0.0,0.7692307692307693,0.06896551724137934,0.7439024390243902,False,False
S1-228665997,S2-625551304,S2,Hilda Mason Hill LLC,Hi1da Mason Hill LLC,"Charlotte, 7816 Ponderosa Pine Lane, NC","7816 PONDERRSA PINE LN, CHARLOTTE, NC",US,US,False,False,False,False,True,False,False,False,False,0.6,0.5,0.75,0.6341463414634146,0.95,0.45945945945945943,False,False
S1-180363215,S3-453250787,S3,Lakshmi Systems Limited,Lakshmi-Limited Systems Systems,"C/O- Md. Imtiyaz Khan, Phulwari Sharif Nagar Parishad, Naya Tola Janipur, Patna, Bihar","C/o- Md. Imtiyaz Khan, Patna, BR",India,India,False,False,False,False,True,False,False,False,False,1.0,0.4,0.76,0.3472222222222222,0.5483870967741935,0.35,False,False
S1-547612322,S2-75331505,S2,American Initiative II,Initiative American Ii,"465 Shore Road, Unit Apartment 2G, Long Beach, NY","465 Shore Road, LONG BEACH, NY",US,US,False,False,False,False,True,False,False,False,False,1.0,0.6666666666666666,0.8181818181818182,0.5555555555555556,0.2272727272727273,0.6086956521739131,False,False
S1-439435217,S3-787566780,S3,Blue Diner LLC,bluediner.com,"8677 Church Street, Portland, NY","8677 Church Street, Portland, New York",US,US,False,False,False,False,True,False,False,False,False,0.0,0.5714285714285714,0.35294117647058826,0.7714285714285715,0.7142857142857143,0.8333333333333334,False,False
S1-858763489,S3-236862265,S3,Smart Care Private Limited,स्मार्ट केयर प्राइवेट लिमिटेड,"286, Kalyan Appartments, Near Gandhi Market, Opposite Shanmukhananda Hall, Sion (East, ), Mumbai, Mumbai City, Maharashtra","286., Kalyan Appartments, Near Gandhi Market, Opposite Shanmukhananda Hall, Sion (East, ), Mumbai, Mumbai City, MH",India,India,False,False,False,False,True,False,False,False,False,0.0,0.8666666666666667,0.0,0.9,0.10344827586206895,0.9189189189189189,False,False
S1-409668456,S3-192494463,S3,Valley Trust,Valley Trust LLC,"504 Main Street, Kyle, TX","Texas, 504 Main Street, Kyle",US,US,False,False,False,False,True,False,False,False,False,0.6666666666666666,0.6666666666666666,0.7142857142857143,0.6666666666666666,0.75,0.6538461538461539,False,False
S1-840790188,S2-554575967,S2,Olanara Infrastructure LLC,OLANARA  INFRASTRUCTURE,"7425 Garrett Court, Charlotte, NC","7425 GARRETT COURT, CHARLOTET TOWNSHIP, NC",US,US,False,False,False,False,True,False,False,False,False,0.6666666666666666,0.5714285714285714,0.8333333333333334,0.5853658536585366,0.8461538461538461,0.75,False,False
S1-203589318,S3-387101982,S3,Merchant Coastal Rexford Associates,MERCHANT REXFORD COASTAL ASSOCIATES,"735 Harpy Street, Unit APT C, Evansville, IN","735 Harpy Street, Unit APT C, Evansvlile, Indiana",US,US,False,False,False,False,True,False,False,False,False,1.0,0.6,0.8333333333333334,0.7291666666666666,0.6,0.8478260869565217,False,False
S1-753378540,S3-244929042,S3,Main Street Diner Center,Main Diner Street Center,"404 Bob Drive, Evansville, IN","404 Bob Drive, Evansville, Indiana",US,US,False,False,False,False,True,False,False,False,False,1.0,0.6666666666666666,0.76,0.8333333333333334,0.5833333333333333,0.84375,False,False
S1-852971510,S3-370730690,S3,Mks Petro Pvt. Ltd.,Shri Mks Petro Pvt. Ltd,"S.No.220/27, F-3 Dhanai Punai Apt, Dhule M.Corp, Dhule, Maharashtra","S.no.220/27/2, F-3 Dhanai Punai Apt, Dhule M.corp, Dhule, MH",India,India,False,False,False,False,True,False,False,False,False,0.8,0.8,0.75,0.7321428571428571,0.7727272727272727,0.8253968253968254,False,False
S1-62374490,S3-937274305,S3,The Dent Diner Inc,The Dent Diner,"3475 Deer Track Trail, AZ, Heber","3475-D Deer Track Trl, Overgaard, Arizona",US,US,False,False,False,False,True,False,False,False,False,0.75,0.3,0.75,0.3191489361702128,0.7777777777777778,0.5128205128205128,False,False
S1-843605380,S3-15230405,S3,Kearney Onfolio Co,*** Kearney Onfolio,"751 Ar 16 Highway, Unit Apt S2, Siloam Springs, AR","751 Ar 16 Highway, Siloam Springs, Arkansas",US,US,False,False,False,False,True,False,False,False,False,0.6666666666666666,0.6,0.8125,0.6078431372549019,0.8333333333333334,0.6170212765957447,False,False
S1-976620238,S2-466572966,S2,Diamond Robotics Enterprises,DIAMOND ROBOTICS,"803 Bluff Drive, Round Rock, TX","803 BLUFF DR, ROUND ROCK, TX",US,US,False,False,False,False,True,False,False,False,False,0.6666666666666666,0.7142857142857143,0.5384615384615384,0.75,0.5714285714285714,0.896551724137931,False,False
S1-899659569,S2-850199450,S2,LWU Metal Works Santa Ynez Inc,LWU METAL WS SANTA YNEZ INC,"3020 Calle Pico Court, Santa Ynez, CA","3020 CALLE PICO CT, SANTA NEZ, CA",US,US,False,False,False,False,True,False,False,False,False,0.7142857142857143,0.5555555555555556,0.7666666666666667,0.6666666666666666,0.9,0.8857142857142857,False,False
S1-506173800,S2-553069646,S2,Fresh Marketing Group,Fresh Gr0up Center,"64 Grand Oak Road, Sandwich, MA","MA, SANDWICH, 64 GRAND OAK RD",US,US,False,False,False,False,True,False,False,False,False,0.2,0.7142857142857143,0.16666666666666666,0.6129032258064516,0.33333333333333337,0.31034482758620685,False,False
S1-448044543,S3-849393661,S3,Desert Projects Private Limited,desertprojects.com,"Building No. 2, Navi Sadak Lawrence Road, Amritsar, Punjab","Building No. 2, Amritsar, Katra Khazana, ਪੰਜਾਬ",India,India,False,False,False,False,True,False,False,False,False,0.0,0.3333333333333333,0.3333333333333333,0.2777777777777778,0.5161290322580645,0.4629629629629629,False,False
S1-906178544,S2-308968868,S2,Keystone Energy Networks Corp,Keystone Energy-Networks,"35687 Sayre Road, NY, Champion","35687 SYRE ROAD, CARTHHAGE, NY",US,US,False,False,False,False,True,False,False,False,False,0.75,0.42857142857142855,0.8148148148148148,0.3333333333333333,0.8275862068965517,0.6071428571428572,False,False
S1-458313489,S3-409546179,S3,KWP Century,kwpcentury.com,"4219 Graber Road, Fredericksburg, OH","004219 Graber Rd, Fredericksburg, Ohio",US,US,False,False,False,False,True,False,False,False,False,0.0,0.25,0.4,0.7368421052631579,0.6428571428571428,0.8333333333333334,False,False
S1-510997034,S2-803780521,S2,Lakeview Credit Limited,Lakeview Credit Ltd,"Unit 301 Plot 148/1, 149 Sec 5 Ges Shiv Tara Appt Sanpada, Mumbai, Mumbai City, Maharashtra","UNIT 301 PLOT 148/1, 149 SEC 5 GES SHIV TARA APPT SANPADA, MUMBAI, Maharashtra",India,India,False,False,False,False,True,False,False,False,False,0.5,0.9375,0.6521739130434783,0.922077922077922,0.8260869565217391,0.8620689655172413,False,False
S1-135975771,S2-746360336,S2,Yamuendra Metals Private Limited,yamuendrametalsprivate.com,"40/1579 A2 Punathilpadam Road Edappally P O, Cochin, Ernakulam, Kerala","Keralam, #40/1579 A2 PUNATHILPADAM ROAD EDAPPALLY P O, COCHIN",India,India,False,False,False,False,True,False,False,False,False,0.0,0.75,0.4594594594594595,0.803030303030303,0.75,0.6268656716417911,False,False
S1-46853521,S3-770238474,S3,Shivika Industries Group,Shivika  Industries,"Gujarat, Khambhat, Anand, Khedawal Lpole Nr Gaveratower Dist Anand","Khedawal Lpole Nr Gaveratower Dist Anand, Khambhat, Anand, GJ",India,India,False,False,False,False,True,False,False,False,False,0.6666666666666666,0.7777777777777778,0.7272727272727273,0.8727272727272727,0.75,0.3492063492063492,False,False
S1-220262531,S3-928839560,S3,Mash Solutions of Saidapet Private Limited,Mash Solutions Of Saidapet Pievt Limited,"Plot No.366, 5Th Link St, Nehuru Nagar, Kottivakkam, Saidapet, Kanchipuram, Tamil Nadu","No 2-366, Kanchipuram, Saidapet, TN",India,India,False,False,False,False,True,False,False,False,False,0.7142857142857143,0.26666666666666666,0.6956521739130435,0.2962962962962963,0.9047619047619048,0.32499999999999996,False,False
S1-777419844,S2-792240269,S2,Consolidated Marketing Alliance LLC,Conso1idated Marketing Alliance LLC,"121 112th Street, Bldg E, Everett, WA","121 112ST STREET, EVERETT, WA",US,US,False,False,False,False,True,False,False,False,False,0.6,0.5,0.8333333333333334,0.5405405405405406,0.9714285714285714,0.7352941176470589,False,False
S1-127464520,S3-428708653,S3,Hackman and Heard LLC,Hackman-and Headr LLC,"NY, 268 Ellison Street, Rochester","268 Ellison Street, Rochester, New York",US,US,False,False,False,False,True,False,False,False,False,0.6,0.5714285714285714,0.6521739130434783,0.6842105263157895,0.9047619047619048,0.6756756756756757,False,False
S1-303770399,S2-52959944,S2,Maa Ventures Pvt Ltd,Maa Ventures Pvt,"No. 128, Middle Street Thuiraiyur, Madigai, Thanjavur, Tamil Nadu","Tamil Nadu, NO. 128, MIDDLE STREET THUIRAIYUR, MADIGAI, THANJAVUR",India,India,False,False,False,False,True,False,False,False,False,0.75,1.0,0.7777777777777778,0.9152542372881356,0.8,0.6333333333333333,False,False
S1-607549503,S2-245352295,S2,Department of Education,Department of Educaton,"404 Ash Street, Lockhart, TX","00404 ASH ST, LOCKHART, TX",US,US,False,False,False,False,True,False,False,False,False,0.5,0.42857142857142855,0.782608695652174,0.7037037037037037,0.9565217391304348,0.7692307692307692,False,False
S1-607356362,S2-689405841,S2,Sai Enclave Private Limited,saienclave.com,"2, Greenfield Chs. Ltd., Marian Colony, L.M. Road, Borivali (W), Mumbai, Mumbai City, Maharashtra","2, GREENFIELD CHS. LTD., MARIAN COLONY, L.M. ROAD, BORIVALI (W), MUMBAI, Maharashtra",India,India,False,False,False,False,True,False,False,False,False,0.0,0.9285714285714286,0.23333333333333334,0.9210526315789473,0.4444444444444444,0.8588235294117648,False,False
S1-893983413,S3-279822502,S3,Global Great Energy Private Limited,Global Great Private Limited Service,"H No 16 115/260, Vandanapuri Colony, Beeramguda, Hyderabad, Telangana","H No G-16 115/260, Vandanapuri Colony, Beeramguda, Hyderabad, TG",India,India,False,False,False,False,True,False,False,False,False,0.6666666666666666,0.75,0.5952380952380952,0.8153846153846154,0.5833333333333333,0.8615384615384616,False,False
S1-76523096,S3-875360220,S3,Royal Freight International,Royal Freight International Corp,"10572 Rendezvous Lane, Seneca, OR","10572- Rendezvous Ln, Seneca, Oregon",US,US,False,False,False,False,True,False,False,False,False,0.75,0.42857142857142855,0.8620689655172413,0.6666666666666666,0.84375,0.8181818181818181,False,False
S1-194394490,S2-34201288,S2,Hexagon Watch Private Limited,Hexagon Limited Private Watch,"998/8, Raj Nagar, Near Canal Rest House, Jind, Haryana",,India,India,False,False,False,False,True,False,False,False,False,1.0,0.0,0.7419354838709677,0.0,0.5862068965517242,0.0,False,True
S1-522739683,S2-278817068,S2,"Mathis, Partridge and Kendall Manulife Inc",mathispartridgekendall.com,"718 1st Street, Bismarck, ND","718 1ST STREET, ND, BISMARCK",US,US,False,False,False,False,True,False,False,False,False,0.0,1.0,0.3695652173913043,0.7777777777777778,0.5609756097560976,0.7692307692307692,False,False
S1-928084482,S2-649685818,S2,Federal Sterling For LLC,Federal For LLC Partners,"Northumberland County, VA, 401 Canvasback Lane","401 CANVASBACK LANE, null, NORTHUMBERLAND COUNTY, VA",US,US,False,False,False,False,True,False,False,False,False,0.6,0.8571428571428571,0.375,0.7755102040816326,0.41666666666666663,0.1428571428571429,False,False
S1-728364961,S3-582747894,S3,Meo LLC,LLC Meo,"2468 Chatsworth Court, Springfield, MO","2468 Chatsworth Court, Springfield, Missouri",US,US,False,False,False,False,True,False,False,False,False,1.0,0.6666666666666666,0.25,0.825,0.1428571428571429,0.8571428571428572,False,False
S1-133500112,S2-674531942,S2,Jack (India) Infra LLP,Onyxlyra,"Old No.17/01, New No.108, Uday House, 3Rd Floor, 8Th B Main Road, 30Th Cross, 4Th Block Jayanagar, Bangalore South, Bangalore, Karnataka","DOOR NO 17/01, NEW NO.108, UDAY HOUSE, 3RD FLOOR, 8TH B MAIN ROAD, 30TH CROSS, 4TH BLOCK JAYANAGAR, BANGALORE SOUTH, BANGALORE, ಕರ್ನಾಟಕ",India,India,False,False,False,False,True,False,False,False,False,0.0,0.8333333333333334,0.0,0.8205128205128205,0.15000000000000002,0.905511811023622,False,False
S1-437729238,S2-772554564,S2,Magnetic & Sons Private Limited,Shri Magnetic & Sons [Private],"Dr No : 1-116/84 Official Colony, Andhra Pradesh, Srungavarapu Kota","Andhra Pradesh, DR NO : D/1-116/84 OFFICIAL COLONY, SRUNGAVARAPU KOTA",India,India,False,False,False,False,True,False,False,False,False,0.6,0.9166666666666666,0.59375,0.8507462686567164,0.5517241379310345,0.5076923076923077,False,False
S1-969962873,S2-367211988,S2,Global Engineering Private Limited,globalengineering.com,"Plot No 1073 & 1074, Raja Rajeswara Nagar Serilingampally, Hyderabad, Telangana","Telangana, #1073 & 1074, RAJA RAJESWARA NAGAR SERILINGAMPALLY, HYDERABAD",India,India,False,False,False,False,True,False,False,False,False,0.0,0.8,0.3783783783783784,0.8260869565217391,0.5588235294117647,0.7702702702702703,False,False
S1-601045455,S3-7666059,S3,Fortune Technology Pvt Ltd,Fortune Technology Ltd Pvt,"Plot No. 86, Ground Floor, Shop No. 4, Opp. Dhanashree Bldg, Kandivali West, Kandivlai West, Mumbai, Maharashtra","MH, Plot No. 86, Mumbai",India,India,False,False,False,False,True,False,False,False,False,1.0,0.25,0.7777777777777778,0.15555555555555556,0.7692307692307692,0.1470588235294118,False,False
S1-264723448,S2-254246173,S2,Elite Modern Yhn,ELITE YHN MODERN,"1455 Cambridge Court, Mobile, AL","1455 CAMBRIDGE CT, MOBILE, AL",US,US,False,False,False,False,True,False,False,False,False,1.0,0.6666666666666666,0.6470588235294118,0.7666666666666667,0.5,0.9,False,False
S1-129385880,S2-902044765,S2,Andriana Whitten Global Diana,@andrianawhitten,"1662 Richmond Highway, Amherst County, VA","1662 RICHMOND HWY, AMHERST COUNTY, VA",US,US,False,False,False,False,True,False,False,False,False,0.0,0.7142857142857143,0.4074074074074074,0.75,0.5172413793103448,0.8974358974358975,False,False
S1-1100181,S3-434583002,S3,Miles Worldwide Inc,Miles Worldwide Incorporated,"2772 Williams Highway, Williamstown, WV",,US,US,False,False,False,False,True,False,False,False,False,0.5,0.0,0.6538461538461539,0.0,0.6785714285714286,0.0,False,True
S1-774037631,S2-417927086,S2,Seven Industries LLP,सेवन इंडस्ट्रीज एलएलपी,"D-1/65, Janakpuri, New Delhi, West Delhi, Delhi","NO 100 D-1/65, WEST DELHI, NEW DELHI, दिल्ली",India,India,False,False,False,False,True,False,False,False,False,0.0,0.6,0.0,0.43478260869565216,0.045454545454545414,0.39534883720930236,False,False
S1-589140810,S2-361775184,S2,Samraj Industries Group,SAMRAJ  GROUP SERVICE,"30124223/Rjo/Av6/Dt-12/C1/8, F-1190 Rajapuram, Lucknow, Uttar Pradesh","030124223/RJO/AV6/DT-12/C1/8, F-1190 RAJAPURAM, LUCKNOW, उत्तर प्रदेश",India,India,False,False,False,False,True,False,False,False,False,0.5,0.625,0.3,0.6623376623376623,0.3913043478260869,0.803030303030303,False,False
S1-928033725,S3-506429607,S3,Aditya Southern Producer Private Limited,Aditya Southern Producer Private,"Akhilanand Ray, Upharpura Sahay Nagar, Phulwari, Patna, Bihar","Phulwari, BR, Upharpura Sahay Nagar, Akhilanand Ray, Patna",India,India,False,False,False,False,True,False,False,False,False,0.8,0.7777777777777778,0.7837837837837838,0.7333333333333333,0.8,0.543859649122807,False,False
S1-496576433,S3-556714445,S3,Gujarat Shakti Consulting Private Limited,குஜராத் சக்தி கன்சல்டிங் பிரைவேட் லிமிடெட்,"1St Floor, Door No.27/905 Periyar Evr Lane, Poonamallee High Road, Chennai, Tamil Nadu","Chennai, Door No.27/905 Periyar Evr Lane, Poonamallee High Road, H.no 1St Floor, Chennai, TN",India,India,False,False,False,False,True,False,False,False,False,0.0,0.7647058823529411,0.0,0.7790697674418605,0.0714285714285714,0.6666666666666667,False,False
S1-746513579,S3-633384956,S3,Lotus Food Private Limited,Lotus Food Pvcte Limited,"220, Amruthavillerajbhavan Road Hyderabad, Hyderabad, Telangana","Hyderabad, Amruthavillerajbhavan Road Hyderabad, TG, Block C-97 220",India,India,False,False,False,False,True,False,False,False,False,0.6,0.4444444444444444,0.6428571428571429,0.5737704918032787,0.8846153846153846,0.578125,False,False
S1-218338249,S2-192899890,S2,"Dampier, Ailene, DDS LLC","Dampier, Ailene, DDS","1701 Meadow Ridge Drive, Unit APT 45, Anamosa, IA","1701-1705 MEADOW RIDGE DR, ANAMOSA, IA",US,US,False,False,False,False,True,False,False,False,False,0.75,0.45454545454545453,0.8,0.5098039215686274,0.8181818181818181,0.5652173913043479,False,False
S1-961996823,S3-974613123,S3,Data Printing Works Inc,Data Printing Inc Works,"1240 Sussex Lane, Libertyville, IL","1240 Sussex Ln, Libertyville, Illinois",US,US,False,False,False,False,True,False,False,False,False,1.0,0.42857142857142855,0.75,0.6578947368421053,0.6521739130434783,0.7777777777777778,False,False
S1-446672327,S3-680650843,S3,"South Chicago, LLC","South Chicago, L.L.C.","17859 Graystone Avenue, Unit UNIT 102, Chino Hills, CA",,US,US,False,False,False,False,True,False,False,False,False,0.4,0.0,0.7222222222222222,0.0,0.8947368421052632,0.0,False,True
S1-987934833,S3-561210534,S3,V+ Arcelormittal L.L.C.,V+ L.L.C. Arcelormittal,"1005 Lawsonville Avenue, Reidsville, NC","1005 Lawsonville Ave, Reidsville, North Carolina",US,US,False,False,False,False,True,False,False,False,False,1.0,0.375,0.7619047619047619,0.5777777777777777,0.4545454545454546,0.6739130434782609,False,False
S1-329716151,S2-369267740,S2,"Snyder's Sciences, Inc",snyderssciences.com,"10 Bellevue Street, Unit 3, Boston, MA","#10 BELLEVUE ST, DORCHESTER CITY, MA",US,US,False,False,False,False,True,False,False,False,False,0.0,0.3,0.44,0.2549019607843137,0.7619047619047619,0.5714285714285714,False,False
S1-619492084,S2-159487688,S2,Trinity Emanuel,Trinity Emanuel Inc.,"43 Fair Manor Circle, Spring, TX","43 FAIR MANOR CIR, SPRING, TX",US,US,False,False,False,False,True,False,False,False,False,0.6666666666666666,0.7142857142857143,0.7647058823529411,0.7931034482758621,0.7894736842105263,0.9,False,False
S1-633576426,S3-154658643,S3,Clear Gulf Foods LLC,Clear Gulf Foiso LLC,"3845 Circollo Drive, Covington, KY","3845 Cnrcollo Dr, Covington, Kentucky",US,US,False,False,False,False,True,False,False,False,False,0.6,0.25,0.5652173913043478,0.5,0.85,0.7142857142857143,False,False
S1-797024068,S2-814441152,S2,Y/E Pineapple LLC,LLC Y/E Pineapple,"23671 Rouse Farm Lane, Loudoun County, VA","23671 ROUSE FARM LN, ALDIE, VA",US,US,False,False,False,False,True,False,False,False,False,1.0,0.4444444444444444,0.6666666666666666,0.37777777777777777,0.5294117647058824,0.6153846153846154,False,False
S1-974808558,S3-237320302,S3,Tejavi Biotics Private Limited,Tejavi Biotics,"Door No.12/111, Ward-12, Street-24, Kunjuveetuvilai, Vilavancode, Kanyakumari, Tamil Nadu",,India,India,False,False,False,False,True,False,False,False,False,0.5,0.0,0.42857142857142855,0.0,0.4666666666666667,0.0,False,True
S1-589158044,S2-254007876,S2,Gilbert Fuel,Gilbert Fuel Co,"1319 Hardys Creek Road, Lee County, VA","LEE COUNTY, 1319 1/2 HARDYS CREEK ROAD, VA",US,US,False,False,False,False,True,False,False,False,False,0.6666666666666666,0.7777777777777778,0.7692307692307693,0.7142857142857143,0.8,0.35,False,False
S1-761148060,S2-576070428,S2,Pediatric Dentistry Optimal Clinic Corp,PEDIATRIC DENTISTRY C0RP CLINIC  OPTIMAL,"Massillon, OH, 2237 Tremont Avenue","2237 TREMONT AVENUE, MASSILLON, OH",US,US,False,False,False,False,True,False,False,False,False,0.6666666666666666,1.0,0.6744186046511628,0.8181818181818182,0.641025641025641,0.1875,False,False
S1-582566632,S2-586187153,S2,Selia's Pub,Selia's Pub Pub,"901 Bear Branch Road, Westminster, MD","BEAR BRANCH ROAD, WESTMINSTER, MD",US,US,False,False,False,False,True,False,False,False,False,1.0,0.8333333333333334,0.8181818181818182,0.8787878787878788,0.7333333333333334,0.8857142857142857,False,False
S1-99537089,S3-695476162,S3,Radiant Environmental-Miraj,Radiant Environmental-Miraj Co,"C/Obaban Lavate, Herwadkar, Plazagrd B/1 Pandharpurrd, Miraj, Sangli, Maharashtra","Door No 0781 C/obaban Lavate, Sangli, महाराष्ट्र",India,India,False,False,False,False,True,False,False,False,False,0.75,0.26666666666666666,0.8928571428571429,0.20833333333333334,0.9,0.22368421052631582,False,False
S1-679200050,S2-531260046,S2,Indian Infrastructure Limited,इंडियन इंफ्रास्ट्रक्चर लिमिटेड,"92/707Deepali Building Nehru Place, New Delhi, North Delhi, Delhi","92/707DEEPALI BUILDING NEHRU PLACE, NORTH DELHI, NEW DELHI, Delhi",India,India,False,False,False,False,True,False,False,False,False,0.0,1.0,0.0,1.0,0.06666666666666665,0.8709677419354839,False,False
S1-247635053,S3-998570774,S3,Zique LLC,Zique LLC Center,"3917 Oak Drive, Chesapeake City, VA","##3917 Oak Drive, Chesapeake City, Virginia",US,US,False,False,False,False,True,False,False,False,False,0.6666666666666666,0.7142857142857143,0.5,0.7837837837837838,0.5625,0.8461538461538461,False,False
S1-891596670,S3-14005824,S3,Silver Constructions,সিলভার কনস্ট্রাকশনস,"Flat No. 18 A, 1St Floor 209 Ajc Bose Road, Kolkata, Parganas South, West Bengal","Flat No. 018 A, 1St Floor 209 Ajc Bose Road, Kolkata, Parganas South, পশ্চিমবঙ্গ",India,India,False,False,False,False,True,False,False,False,False,0.0,0.7058823529411765,0.0,0.7058823529411765,0.050000000000000044,0.84,False,False
S1-219990031,S3-827105676,S3,Industries Om Consulting Pvt Ltd,Industries Om Consulting Ltd Pvt,"A-40, Itham Tower 311, Sector-62, Noida, Gautam Buddha Nagar, Uttar Pradesh","H.no 671 A-40, Itham Tower 311, Sector-62, Gautam Buddha Nagar, UP",India,India,False,False,False,False,True,False,False,False,False,1.0,0.5882352941176471,0.8181818181818182,0.6447368421052632,0.8125,0.6285714285714286,False,False
S1-370318467,S2-101321580,S2,Morgan Peak Staking,MORGAN-PEAK,"2800 84th Avenue, Brooklyn Park, MN","2800 84ND AVE, BROOKLYN PARK, MN",US,US,False,False,False,False,True,False,False,False,False,0.6666666666666666,0.5,0.5294117647058824,0.6388888888888888,0.5789473684210527,0.8484848484848485,False,False
S1-569477601,S3-817935193,S3,Jiya Commodeal Private Limited,Jiya Commodeal Private Ltd,"University Road, Dharwar, Attikolladharwad., Karnataka, Dharwad","H.no 210 University Road, Attikolladharwad., Dharwad, Dharwar, ಕರ್ನಾಟಕ",India,India,False,False,False,False,True,False,False,False,False,0.6,0.5,0.7333333333333333,0.532258064516129,0.8666666666666667,0.49230769230769234,False,False
S1-403184365,S2-89778009,S2,Ganeshvani Marketing,GANESHVANI MAKRMGEIGN,"B/702 Pranay Leela Chs Ltd, Piramal Nagar, Nr Sunrise Bldg Off Sv Road, Goregaon We, St, Mumbai, Mumbai, Mumbai City, Maharashtra","B/702 PRANAY LEELA CHS LTD, PIRAMAL NAGAR, NR SUNRISE BLDG OFF SV ROAD, GOREGAON WE, ST, MUMBAI, MUMBAI, Maharashtra",India,India,False,False,False,False,True,False,False,False,False,0.3333333333333333,0.95,0.4230769230769231,0.9433962264150944,0.7142857142857143,0.9008264462809917,False,False
S1-731254122,S2-286942906,S2,Pacific Rivernorth Partners,Pacific Rivernorth Partners LP,"1607 Castleford Drive, Forney, TX",,US,US,False,False,False,False,True,False,False,False,False,0.75,0.0,0.8928571428571429,0.0,0.9,0.0,False,True
S1-908611447,S3-965556646,S3,Nihar Realty Limited,Nihar  Rga1ty Limited,"Bangalore, Karnataka, 21St Cross 14Th Main 3Rd Sector Hsr Layout, No 548, Bengaluru","0548, 21St Cross 14Th Main 3Rd Sector Hsr Layout, ಕರ್ನಾಟಕ, Bangalore",India,India,False,False,False,False,True,False,False,False,False,0.5,0.6,0.5652173913043478,0.5862068965517241,0.9,0.6329113924050633,False,False
S1-98865844,S3-916652956,S3,T & I Cherry,T & I Cherry Ltd,"29832 Birch Avenue, Ackley, IA","29832 Birch Ave, Ackley, Iowa",US,US,False,False,False,False,True,False,False,False,False,0.75,0.42857142857142855,0.6666666666666666,0.7,0.7142857142857143,0.8214285714285714,False,False
S1-691110476,S2-458405902,S2,Certified Learning Collective of Chesapeake City,Certified Learning Chesapeake of Collective City,"403 Whisper Walk, Chesapeake City, VA","03 WHISPER WALK, CHESAPEAKE, VA",US,US,False,False,False,False,True,False,False,False,False,1.0,0.5714285714285714,1.0,0.7647058823529411,0.6666666666666667,0.8285714285714285,False,False
S1-672996432,S3-923008668,S3,Raj Logistics Private Limited,राज लॉजिस्टिक्स प्राइवेट लिमिटेड,"603 Shalimar Chs Ltd, Bhd Shell Petrol Pump Kashimira Village, Miraroad East, Thane, Maharashtra","H.no 603. Shalimar Chs Ltd, Bhd Shell Petrol Pump Kashimira Village, Thane, Miraroad East, महाराष्ट्र",India,India,False,False,False,False,True,False,False,False,False,0.0,0.7647058823529411,0.0,0.74,0.09375,0.7083333333333333,False,False
S1-943825216,S2-289607143,S2,Hoyt Agnc LLC,Hoyt LLC Agnc,"415 Carpenter Avenue, Sea Cliff, NY","415  CARPENTER AVE, SEA CLIFF, NY",US,US,False,False,False,False,True,False,False,False,False,1.0,0.7142857142857143,0.5714285714285714,0.84375,0.5384615384615384,0.9090909090909091,False,False
S1-446139721,S3-576387192,S3,Gold Infotech Private Limited,Dr goldinfotech.com,"New Delhi, Govind Puri, 1612/13, Delhi","1612/13, Govind Puri, New Delhi, DL",India,India,False,False,False,False,True,False,False,False,False,0.0,0.8571428571428571,0.2571428571428571,0.7352941176470589,0.3793103448275862,0.4571428571428572,False,False
S1-825459640,S2-572782330,S2,Melvin Midland Inc,Melvin Midard Inc,"207 Bowles Court, Kennedale, TX","20 BOWLES COURT, KENNEDALE, TX",US,US,False,False,False,False,True,False,False,False,False,0.5,0.6666666666666666,0.55,0.8275862068965517,0.8888888888888888,0.9655172413793104,False,False
S1-471356289,S3-634431873,S3,Pmc Nursing Home Private Limited,M/s Pmc Nursing Home Private Ltd,"G-5Pushpanjali Bijwasan, New Delhi, South West, Delhi","G-5pushpanjali Bijwasan, New Delhi, South West, DL",India,India,False,False,False,False,True,False,False,False,False,0.5,0.875,0.6666666666666666,0.9777777777777777,0.75,0.94,False,False
S1-862150171,S3-203171431,S3,Interstate Foundation,Interstate  Foundation LP,"2105 Bordeaux Drive, Carrollton, TX","002105 Bordeaux Drive, Carrollton, Texas",US,US,False,False,False,False,True,False,False,False,False,0.6666666666666666,0.42857142857142855,0.8636363636363636,0.8108108108108109,0.875,0.868421052631579,False,False
S1-801063780,S2-181587835,S2,Smart United Business Limited,SMART ÚNITED BUSINESS (LTD),"#1-866/3 E/7, Second Floor, Anjum Complex, Beside Sangameshwar Hospital, Msk Mill R, Oad, Gulbarga, Karnataka","1-866/3 E/7, SECOND FLOOR, ANJUM COMPLEX, BESIDE SANGAMESHWAR HOSPITAL, MSK MILL R, OAD, GULBARGA, ಕರ್ನಾಟಕ",India,India,False,False,False,False,True,False,False,False,False,0.3333333333333333,0.8947368421052632,0.6,0.8490566037735849,0.8275862068965517,0.9108910891089109,False,False
S1-502741365,S3-977586769,S3,Dumas Liberty Law Group LLC,Dumas-Liberty Law Group L.L.C.,"106 Blue Willow Drive, Houston, TX","106 Blue Willow Drive, Houston, Texas",US,US,False,False,False,False,True,False,False,False,False,0.5714285714285714,0.7142857142857143,0.8214285714285714,0.8529411764705882,0.9310344827586207,0.9142857142857143,False,False
S1-857395965,S3-816672735,S3,"Rodriguez, Davidson & Mcdonald, LLC","L.L.C. Rodriguez, Davidson & Mcdonald,","322 Doat Street, Fl Floor 1, Buffalo, NY","322 Doat Saint, Fl Floor 1, Buffalo, New York",US,US,False,False,False,False,True,False,False,False,False,0.5,0.5454545454545454,0.7142857142857143,0.5869565217391305,0.696969696969697,0.7619047619047619,False,False
S1-897864640,S3-7956257,S3,Drop Shipping Pvt Ltd,Shri DROP SHIPPING PVT LTD,"206 / 1 D - Muniyappan Street, Kela Ambigapuram, (Ariyamangalam), Ponm, Alai, Trichy, Tiruchirappalli, Tamil Nadu","Door No 206 / 1 D - Muniyappan Street, Kela Ambigapuram, (Ariyamangalam), Ponm, Alai, Trichy, Tiruchirappalli, TN",India,India,False,False,False,False,True,False,False,False,False,0.8,0.7058823529411765,0.7916666666666666,0.82,0.8076923076923077,0.84,False,False
S1-687541939,S3-858828338,S3,Zeor,Zeor LLC,"805 Blue Ridge Drive, Belleville, IL","805 Blue Ridge Drive, Belleville CDP, Illinois",US,US,False,False,False,False,True,False,False,False,False,0.5,0.625,0.3333333333333333,0.7317073170731707,0.5,0.7727272727272727,False,False
S1-862708504,S2-37968505,S2,Urology Clinic LLC,UROLOGY LLC CLINIC,"MA, Weymouth, 19 Belmont Street","19 BELMONT STREET, WEYMOUTH, MA",US,US,False,False,False,False,True,False,False,False,False,1.0,1.0,0.6842105263157895,0.7419354838709677,0.5555555555555556,0.24137931034482762,False,False
S1-672348092,S2-201769599,S2,Apex Constructions Private Limited,apexconstructions.com,"No 18, Venkateshwara, Nagar, 3Rd Street Part 1, Chennai City, Chennai, Tamil Nadu","#18 , VENKATESHWARA, NAGAR, 3RD STREET PART 1, CHENNAI CITY, Tamil Nadu",India,India,False,False,False,False,True,False,False,False,False,0.0,0.9166666666666666,0.4,0.9090909090909091,0.5588235294117647,0.8533333333333333,False,False
S1-785056666,S2-848309632,S2,Krishna Real Finance,कृष्णा रियल फाइनेंस,"B 51, Prem Nagar, Khatipura Road, Jaipur, Rajasthan","B 51, PREM NAGAR, KHATIPURA ROAD, JAIPUR, राजस्थान",India,India,False,False,False,False,True,False,False,False,False,0.0,0.7777777777777778,0.0,0.6666666666666666,0.09999999999999998,0.8085106382978724,False,False
S1-866666152,S3-484475872,S3,ED Optic Private Limited,ED Optic,"Plot No. 197 Bande Nawaz Nagar, Nagpur, Maharashtra","No 197 Bande Nawaz Nagar, Nagpur, MH",India,India,False,False,False,False,True,False,False,False,False,0.5,0.6666666666666666,0.2727272727272727,0.6363636363636364,0.33333333333333337,0.7083333333333333,False,False
S1-452916476,S3-682339126,S3,Lakshmi Classic Consulting Private Limited,ಲಕ್ಷ್ಮಿ ಕ್ಲಾಸಿಕ್ ಕನ್ಸಲ್ಟಿಂಗ್ ಪ್ರೈವೇಟ್ ಲಿಮಿಟೆಡ್,"No 22, K No 72, Bellahalli Village, Bangalore, Karnataka","No ##22, Bangalore, KA",India,India,False,False,False,False,True,False,False,False,False,0.0,0.3333333333333333,0.0,0.3333333333333333,0.08695652173913049,0.34615384615384615,False,False
S1-88641743,S3-46562079,S3,National Green Games,Nationa1 Green,"1187 Arch Street, Portland, IN","1187 Arch St, Portland, Indiana",US,US,False,False,False,False,True,False,False,False,False,0.25,0.42857142857142855,0.42857142857142855,0.65625,0.65,0.6896551724137931,False,False
S1-285029976,S2-962303921,S2,Priya Exports,Shri PRIYA EXPORTS  LIMITED,"863 Industrial Area-A, Ludhiana, Punjab","Punjab, DOOR NO 863- INDUSTRIAL AREA-A, LUDHIANA",India,India,False,False,False,False,True,False,False,False,False,0.5,0.75,0.4583333333333333,0.6956521739130435,0.5,0.5111111111111111,False,False
S1-110545153,S3-59175766,S3,"Beitler, Ferrari & Lawson LLC","Beitler, Ferrari & Lasbnn LLC","NC, Shelby, 589 Winter Park Drive","North Carolina, Shelby, 589 Winter Park Dr",US,US,False,False,False,False,True,False,False,False,False,0.6,0.4444444444444444,0.6551724137931034,0.5581395348837209,0.8846153846153846,0.625,False,False
S1-894875382,S3-301109017,S3,Shakti Finance Private Limited,शक्ति फाइनेंस प्राइवेट लिमिटेड,"Unit No. S-1, P. No. B-9, Krishna Enclave-2, Jaipur, Rajasthan","Ungt No. S-#1, P. No. B-9, Krishna Enclave-2, Jaipur, RJ",India,India,False,False,False,False,True,False,False,False,False,0.0,0.7142857142857143,0.0,0.7272727272727273,0.06666666666666665,0.8545454545454545,False,False
S1-818036698,S2-259564752,S2,Borough Of,Borough Of Corporation,"101 White Oak Street, Brookland, AR","101 WHITE OAK STREET, NULL, BROOKLAND, AR",US,US,False,False,False,False,True,False,False,False,False,0.6666666666666666,0.8571428571428571,0.4,0.8108108108108109,0.4545454545454546,0.868421052631579,False,False
S1-102465692,S2-921542723,S2,Brill Horizon Sea LLC,THE BRILL HORIZON SEA LLC,"7691 River Road, Unit CONDO, Indianapolis, IN","7691 RIVER ROAD, INDIANAPOLIS TOWNSHIP, IN",US,US,False,False,False,False,True,False,False,False,False,0.8,0.625,0.8260869565217391,0.52,0.84,0.5476190476190477,False,False
S1-908628641,S2-678984427,S2,Swastik Consulting Private Limited,ସ୍ୱସ୍ତିକ କନସଲଟିଂ ପ୍ରାଇଭେଟ୍ ଲିମିଟେଡ୍,"Main Road Kantabanji, Kantabanji, Balangir, Orissa","MAIN ROAD KANTABANJI, BALANGIR, KANTABANJI, ଓଡ଼ିଶା",India,India,False,False,False,False,True,False,False,False,False,0.0,0.6666666666666666,0.0,0.6666666666666666,0.02857142857142858,0.574468085106383,False,False
S1-769098151,S3-893558745,S3,Ecstatic Productsprivate Private Limited,Ecstatic Productsprivate Private  Ltd,"A / 101, Shaligram Florra, Nr Sangini Bunglows, Opp Shaligram - 3, Thaltej, Ahmedabad, Gujarat","A / 101, <NULL>, Ahmedabad, ગુજરાત",India,India,False,False,False,False,True,False,False,False,False,0.6,0.21428571428571427,0.7575757575757576,0.1511627906976744,0.9,0.25,False,False
S1-851252210,S3-619873509,S3,Liberty Fresh Suma,Suma Fhrfe Liberty,"2502 Pershing Drive, City Of El Paso, TX","2502. Pershing Dr, El Paso, Texas",US,US,False,False,False,False,True,False,False,False,False,0.5,0.4,0.28,0.5238095238095238,0.05555555555555558,0.631578947368421,False,False
S1-980642914,S3-817913888,S3,Summit Committee LP,The Summit Committee LP,"3100 Sooner Road, Unit 26, Edmond, OK","2100 Sooner Rd, Unit 26, Edmond, Oklahoma",US,US,False,False,False,False,True,False,False,False,False,0.75,0.4,0.7894736842105263,0.6585365853658537,0.8260869565217391,0.7631578947368421,False,False
S1-815111683,S2-487723666,S2,Apex Innovative Wheeler,APEX INNOVATIVE,"712 Greens View Drive, Algonquin, IL",,US,US,False,False,False,False,True,False,False,False,False,0.6666666666666666,0.0,0.6190476190476191,0.0,0.6521739130434783,0.0,False,True
S1-361917992,S2-402728614,S2,Allied Venture LP,A1lied Venture,"310 New York Street, Fortville, IN","FORTVILLE, <NULL>, IN, 310 NEW YTRK ST",US,US,False,False,False,False,True,False,False,False,False,0.25,0.4444444444444444,0.5882352941176471,0.4318181818181818,0.7647058823529411,0.08571428571428574,False,False
S1-649686870,S2-732339093,S2,City Foundation Private Limited,Mr CITY FOUNDATION PRIVATE [(LIMITED)],"Nawabpura, Near Khairuti Masjid, Aurangabad, Maharashtra","NO. 612 NAWABPURA, NEAR KHAIRUTI MASJID, AURANGABAD, महाराष्ट्र",India,India,False,False,False,False,True,False,False,False,False,0.8,0.5555555555555556,0.90625,0.5909090909090909,0.9117647058823529,0.6949152542372881,False,False
S1-572873289,S3-391893248,S3,Planet Consultancy,Planet  Consultancy Co,"Sco 270, First Floor, Sector 14, Panchkula, Haryana","Sco 270, Panchkula, HR",India,India,False,False,False,False,True,False,False,False,False,0.6666666666666666,0.3333333333333333,0.8888888888888888,0.34782608695652173,0.8571428571428572,0.42553191489361697,False,False
S1-710069052,S2-393526801,S2,Kart Theatre Private Limited,KART KART THEATRE PRlVATE,"Sr No. 128/5, Fl No. 103 Bldg B Tiara, Pune, Maharashtra","Maharashtra, SR NO. 128/5., FL NO. 103 BLDG B TIARA, PUNE",India,India,False,False,False,False,True,False,False,False,False,0.4,1.0,0.4838709677419355,0.8936170212765957,0.5,0.5294117647058824,False,False
S1-161175553,S2-408405295,S2,Atlantic Charities Corp,Atlantic Charities,"44 Sacramento Street, Cambridge, MA","CAMBRIDGE, PO BOX 8200, 44-A SACRAMENTO STREET, MA",US,US,False,False,False,False,True,False,False,False,False,0.6666666666666666,0.5555555555555556,0.7619047619047619,0.5510204081632653,0.782608695652174,0.276595744680851,False,False
S1-780905792,S2-862993744,S2,Interfaith Coalition P.C.,Interfaith Coalition P.C. District,"VA, 3104 Knoll Drive, Fairfax County","3104-3106 KNOLL DRIVE, PO BOX 1711, FAIRFAX COUNTY, VA",US,US,False,False,False,False,True,False,False,False,False,0.8,0.6,0.7096774193548387,0.5384615384615384,0.7272727272727273,0.607843137254902,False,False
S1-393446231,S2-772095625,S2,Strategic Printing Solutions,Strategic Printing  S0lutions LP,"480 Filmore Avenue, Bandon, OR","480 FILMORE AVE, BANODN, OR",US,US,False,False,False,False,True,False,False,False,False,0.4,0.42857142857142855,0.71875,0.5806451612903226,0.8709677419354839,0.8214285714285714,False,False
S1-678990839,S2-401192001,S2,Barrow General LLC,Barrow Gsensrcal LLC,"822 Monticello Place, Evanston, IL","822 MONTICELLO PL, EVANSTON CDP, IL",US,US,False,False,False,False,True,False,False,False,False,0.5,0.5714285714285714,0.4166666666666667,0.6486486486486487,0.85,0.7878787878787878,False,False
S1-88308655,S2-247047486,S2,Fresh Cleaning Service PC,Fresh Cleaning Service,"10 Currier And Ives Lane, Eureka, MO","10 CURRIER AND IVES LN, EUREKA CITTY, MO",US,US,False,False,False,False,True,False,False,False,False,0.75,0.6666666666666666,0.8695652173913043,0.6190476190476191,0.88,0.7894736842105263,False,False
S1-893836200,S3-228483271,S3,Ivenent Social,Ivenent  5ocial,"6707 Canyon Crest Drive, Fort Worth, TX","6707 Canyon Crest Dr, Fort Worth, Texas",US,US,False,False,False,False,True,False,False,False,False,0.3333333333333333,0.5555555555555556,0.6,0.7,0.9285714285714286,0.8378378378378378,False,False
S1-795264907,S3-35773339,S3,Hazell Light Inc,Veoorbiio fka Hazell Light Inc,"OH, Unit 0, 1000 Main Street, West Jefferson","1000 Main Street, Unit 0, West Jefferson, OH",US,US,False,False,False,False,True,False,False,False,False,0.6,1.0,0.5,0.7727272727272727,0.5333333333333333,0.5121951219512195,False,False
S1-586547313,S3-904816510,S3,Blue Blue Rre,Blue Rre Blue,"640 Moose Mountain Drive, Tofte, MN","Moose Mountain Drive, Tofte, Minnesota",US,US,False,False,False,False,True,False,False,False,False,1.0,0.5714285714285714,0.8888888888888888,0.6756756756756757,0.5384615384615384,0.6944444444444444,False,False
S1-539294420,S2-493794807,S2,Aayushman Engineering Limited,Aayushman Engineering,"Hasmukh Timber Compound Nr G D Bus Stop, Saijpur Bogha, Ahmedabad, Gujarat","HASMUKH TIMBER COMPOUND NR G D BUS STOP, SAIJPUR BOGHA, ગુજરાત",India,India,False,False,False,False,True,False,False,False,False,0.6666666666666666,0.7692307692307693,0.7037037037037037,0.6933333333333334,0.7241379310344828,0.7605633802816901,False,False
S1-649742276,S3-603858476,S3,Jaswant Nagar Life Pvt. Ltd.,Jaswant Ngar Life Pvt. Ltd.,"Gali No 2, Gulabwadi Chhimara Road, Jaswant Nagar, Etawa, Uttar Pradesh","Gali No 2, Jaswant Nagar, Etawa, UP",India,India,False,False,False,False,True,False,False,False,False,0.6666666666666666,0.5,0.8076923076923077,0.42424242424242425,0.9615384615384616,0.4776119402985075,False,False
S1-992049885,S2-592250313,S2,AXI Ash Pvt Ltd,AXI Ash,"H No 1308, First Floor, Pahari Imli Matia Mahal, Delhi, Central Delhi, Delhi","H NO 1308, FIRST FLOOR, PAHARI IMLI MATIA MAHAL, DELHI, Delhi",India,India,False,False,False,False,True,False,False,False,False,0.5,0.9090909090909091,0.38461538461538464,0.875,0.4666666666666667,0.8028169014084507,False,False
S1-900933183,S3-377708002,S3,"West Line, Inc","West Lie, Inc","559 Klamath Drive, La Conner, WA","559 Klamath Drive, Skagit County, Washington",US,US,False,False,False,False,True,False,False,False,False,0.5,0.3333333333333333,0.6153846153846154,0.36,0.9230769230769231,0.6190476190476191,False,False
S1-9927118,S3-605262967,S3,"Natalee Arroyo, O.D.","Natalee Arroyo,","309 1st Street, City Of Neenah, WI","309 First St, Neenah, Wisconsin",US,US,False,False,False,False,True,False,False,False,False,0.5,0.2,0.75,0.3023255813953488,0.7777777777777778,0.34375,False,False
S1-906005861,S3-173951744,S3,Williams Semiconductor LLC,Williams Semic0nductor LLC,"6007 Hyde Park Drive, Indian Trail, NC","Hyde Park Drive, Indian Trail, North Carolina",US,US,False,False,False,False,True,False,False,False,False,0.5,0.5555555555555556,0.7777777777777778,0.5957446808510638,0.9615384615384616,0.6046511627906976,False,False
S1-584314819,S3-809502485,S3,Creative Signature Sumitomo Inc,Creative Signature Sumitomo,"2606 Mccomas Road, White Hall, MD","Mccomas Road, White Hall, Maryland",US,US,False,False,False,False,True,False,False,False,False,0.75,0.5714285714285714,0.8571428571428571,0.6388888888888888,0.8709677419354839,0.65625,False,False
S1-302494770,S2-787865313,S2,Prairie Veterinary Clinic,Prairie Veterinary Clinic Corporation,"WI, 2115 Hickory Lane, Town Of Oshkosh","2115 HICKORY LN, OSHKOSH, WI",US,US,False,False,False,False,True,False,False,False,False,0.75,0.5,0.6571428571428571,0.47368421052631576,0.6756756756756757,0.5555555555555556,False,False
S1-765070450,S3-41351163,S3,Clean Creative Worldwide,Clean Creative,"11247 Great Neck Drive, South Jordan, UT","#11247 Great Neck Dr, South Jordan, Utah",US,US,False,False,False,False,True,False,False,False,False,0.6666666666666666,0.5555555555555556,0.5454545454545454,0.775,0.5833333333333333,0.868421052631579,False,False
S1-491339976,S2-405515167,S2,Vs Academy,Vs Acodemy,"Lig Flat No. 116A, Ground Floor Satyam Enclave, New Delhi, East Delhi, Delhi","LIG FLAT NO. 116A, GROUND FLOOR SATYAM ENCLAVE, NEW DELHI, Delhi",India,India,False,False,False,False,True,False,False,False,False,0.3333333333333333,0.9090909090909091,0.45454545454545453,0.8983050847457628,0.9,0.8450704225352113,False,False
S1-55370977,S3-497330378,S3,Ace Signature Axiom LLC,Ace Sgitere Axiom LLC,"815 Main Street, Elkin, NC","Main St, Elkin, North Carolina",US,US,False,False,False,False,True,False,False,False,False,0.6,0.25,0.48148148148148145,0.3142857142857143,0.8260869565217391,0.2857142857142857,False,False
S1-761271025,S2-236759007,S2,Jai It Limited,Jai ഐടി Limited,"Alind Kavinpuram, Puliyarakkonam, Trivandrum, Kerala, Neyyattinkara, Thiruvananthapuram, Trivandrum, Kerala","ALIND KAVINPURAM, PULIYARAKKONAM, TRIVANDRUM, KERALA- 69557, NEYYATTINKARA, THIRUVANANTHAPURAM, കേരളം",India,India,False,False,False,False,True,False,False,False,False,0.5,0.7777777777777778,0.47058823529411764,0.8488372093023255,0.8,0.77,False,False
S1-733658132,S2-986721311,S2,Shakti Engineering Pvt Ltd,शक्ति इंजीनियरिंग प्रा. लि.,"Thane (West), Maharashtra, Thane, Office No. 3, Suvart Apartment, Tembhi Naka","OFFICE NO. 3, THANE (WEST), THANE, Maharashtra",India,India,False,False,False,False,True,False,False,False,False,0.0,0.6,0.0,0.484375,0.07692307692307687,0.24637681159420288,False,False
S1-328504124,S3-365594549,S3,Cm (India) Education Limited,Cm (India),"A/702, Sukh Towers, Mirambika Road, Naranpura, Ahmadabad City, Ahmedabad, Gujarat","#700 A/702, Sukh Towers, Mirambika Road, Naranpura, Gatlodiya, Ahmedabad, GJ",India,India,False,False,False,False,True,False,False,False,False,0.5,0.5714285714285714,0.25,0.6375,0.3076923076923077,0.7333333333333334,False,False
S1-825398325,S3-30833406,S3,Desert Fellowship Inc,Desert Desert Fellowship,"NC, 78 Piney Lane, Leasburg","Piney Lane, Leasburg, North Carolina",US,US,False,False,False,False,True,False,False,False,False,0.6666666666666666,0.42857142857142855,0.7142857142857143,0.4473684210526316,0.5416666666666667,0.38235294117647056,False,False
S1-395951986,S2-605177423,S2,"Small, Cho and Jones Housing Center","SMALL, CHO & JONES","14369 452, Lindale, TX",,US,US,False,False,False,False,True,False,False,False,False,0.5,0.0,0.36363636363636365,0.0,0.4411764705882353,0.0,False,True
S1-812231809,S3-618162714,S3,Sidharth Rajeshwari Pvt. Ltd.,Mr SlDHARTH RAJESHWARI PVT. LTD.,"No. 48, (Old No. 35/A) Park Area, 10Th Cross, Wilson Garden, Bangalore, Karnataka","No. 48, (Old No. 35/A) Park Area, 10Th Cross, Wilson Garden, Bangalore, Richmond Circle, KA",India,India,False,False,False,False,True,False,False,False,False,0.5,0.75,0.7666666666666667,0.7294117647058823,0.8666666666666667,0.8148148148148149,False,False
S1-345097622,S3-619703144,S3,Anchor,Anchor Corp,"13224 Catoctin Furnace Road, Thurmont, MD","13224 Catoctin Furnace Road, Thurmont, Maryland",US,US,False,False,False,False,True,False,False,False,False,0.5,0.7142857142857143,0.4444444444444444,0.8181818181818182,0.5454545454545454,0.8666666666666667,False,False
S1-800143876,S2-833240946,S2,Swastik It Private Limited,ಸ್ವಸ್ತಿಕ್ ಐಟಿ ಪ್ರೈವೇಟ್ ಲಿಮಿಟೆಡ್,"No 61, (6Th Main), 15Th Cross, Malleswaram Bangalore-3, Bangalore, Karnataka","NO ##61, MALLESWARAM BANGALORE-3, <NULL>, Karnataka",India,India,False,False,False,False,True,False,False,False,False,0.0,0.5454545454545454,0.0,0.5384615384615384,0.09677419354838712,0.6086956521739131,False,False
S1-44470987,S2-40233929,S2,Shakti Producer Private Limited,Tavoarc,"No.7/264, 60 Feet Road, Co-Operative Nagar Thiruverkadu, Chennai, Tamil Nadu","DOOR NO 7-7/264, CHENNAI, Tamil Nadu",India,India,False,False,False,False,True,False,False,False,False,0.0,0.42857142857142855,0.0,0.32,0.09677419354838712,0.36111111111111116,False,False
S1-146868606,S2-118334025,S2,Varun Fasteners LLP,LLP VARUN FASTENERS,"R-749, New Rajindra Nagar, New Delhi, Delhi","R-749, NEW RAJINDRA NAGAR, NEW DELHI, दिल्ली",India,India,False,False,False,False,True,False,False,False,False,1.0,0.8571428571428571,0.7,0.8108108108108109,0.5789473684210527,0.8536585365853658,False,False
S1-115944664,S2-796619415,S2,Eagle & Co,Eagle &,"Block No. 1100, Tundav-Samlaya Road, Next To Geb Sub-Station, Savli, Vadodara, Gujarat","Gujarat, BLOCK NO. C-1100, TUNDAV-SAMLAYA ROAD, NEXT TO GEB SUB-STATION, SAVLI",India,India,False,False,False,False,True,False,False,False,False,0.5,0.8666666666666667,0.5,0.7777777777777778,0.625,0.6625,False,False
S1-198746647,S2-62497134,S2,Siesta Engineering Private Limited,Smt SIESTA ENGINEERING PRIVATE LIMITED,"403 Harizon Building, Nath Mandir Road South Tukoganj Indore 1, Indore, Madhya Pradesh","Madhya Pradesh, 403 HARIZON BUILDING, NATH MANDIR ROAD SOUTH TUKOGANJ INDORE 1, INDORE",India,India,False,False,False,False,True,False,False,False,False,0.8,1.0,0.8888888888888888,0.9473684210526315,0.8947368421052632,0.6385542168674698,False,False
S1-826915429,S3-651517880,S3,Asiatic Engineering Public Limited,apengineering.com,"No.5, Pillaiyar Kovil Street, Maduravoyal, Chennai, Tamil Nadu","TN, Chennai, No.5",India,India,False,False,False,False,True,False,False,False,False,0.0,0.3,0.2777777777777778,0.15517241379310345,0.4411764705882353,0.18965517241379315,False,False
S1-720990147,S3-208369380,S3,Cenoum,Cenoum LP,"729 Madison Place, Sherman, TX","729 Madison Pl, Sherman, Texas",US,US,False,False,False,False,True,False,False,False,False,0.5,0.42857142857142855,0.5714285714285714,0.625,0.6666666666666667,0.7857142857142857,False,False
S1-362415628,S2-568805723,S2,Value Quality Ameren Inc,Inc. Value Quality Ameren,"616 Patty Lane, Kendallville, IN","616 PATTY LANE, NULL, KENDALLVILLE, IN",US,US,False,False,False,False,True,False,False,False,False,1.0,0.8333333333333334,0.76,0.7941176470588235,0.6666666666666667,0.8571428571428572,False,False
S1-61331705,S2-57302469,S2,Prime Construction Limited,प्राइम कंस्ट्रक्शन लिमिटेड,"16 First Floor, 40 Dlf Industrial Area Kirti Nagar, New Delhi, West Delhi, Delhi","C-16 FIRST FLOOR, NEW DELHI, HIRAN KUDNA, Delhi",India,India,False,False,False,False,True,False,False,False,False,0.0,0.3333333333333333,0.0,0.2911392405063291,0.038461538461538436,0.381578947368421,False,False
S1-80428717,S2-834524767,S2,Krishna (India) Amenity Private Limited,Krishna (Índia) Amenity Private Limited,"101, Raj Sun Flower Tower, A Wing Royal Complex, Eksar Road, Borivali (Wes, T), Mumbai, Maharashtra","BLOCK E-5-817 101, RAJ SUN FLOWER TOWER, A WING ROYAL COMPLEX, EKSAR ROAD, BORIVALI (WES, T), Maharashtra",India,India,False,False,False,False,True,False,False,False,False,0.6666666666666666,0.75,0.8421052631578947,0.7857142857142857,0.972972972972973,0.7835051546391752,False,False
S1-616345113,S3-9466677,S3,Urban Tavern!,Urban Tavem!,"Bryant, IN, 6175 200","6175 200, Bryant, Indiana",US,US,False,False,False,False,True,False,False,False,False,0.3333333333333333,0.6,0.7272727272727273,0.5416666666666666,0.8333333333333334,0.21739130434782605,False,False
S1-713618865,S2-514256931,S2,Dynamic Media Limited,ডায়নামিক মিডিয়া লিমিটেড,"West Bengal, Calcutta, Kolkata, 11 Madeville Gardens","H.NO 11. MADEVILLE GARDENS, CALCUTTA, KOLKATA, West Bengal",India,India,False,False,False,False,True,False,False,False,False,0.0,0.7777777777777778,0.0,0.7962962962962963,0.07999999999999996,0.31481481481481477,False,False
S1-288335073,S3-386540712,S3,Padma Enterprises Limited,*** Padmaenterprises.Com,"Apeejayhouseblock-A, 15Parkstreet, Kolkata, Howrah, West Bengal","Apeejayhouseblock-a, 15Parkstreet, Kolkata, Howrah, WB",India,India,False,False,False,False,True,False,False,False,False,0.0,0.625,0.4642857142857143,0.8103448275862069,0.72,0.847457627118644,False,False
S1-194490413,S2-785224446,S2,Custom Financial Corporation,Corporation Custom Fínancial,"B.No. 5 Akarsh Encleve, Tilhari R2-1028-1 Mandla, Jabalpur, Madhya Pradesh","B.NO. 5 AKARSH ENCLEVE, <NULL>, JABALPUR, KATANGA, Madhya Pradesh",India,India,False,False,False,False,True,False,False,False,False,0.5,0.5333333333333333,0.625,0.4880952380952381,0.1785714285714286,0.6,False,False
S1-104446476,S3-296882063,S3,Newport News City Youth Chiropractic P.C.,Newport News City Youth Chiropractic,"327 Saint Thomas Drive, Unit C, Newport News City, VA","327 Saint Thomas Drive, Newport News, Virginia",US,US,False,False,False,False,True,False,False,False,False,0.7142857142857143,0.5454545454545454,0.8918918918918919,0.5636363636363636,0.9,0.74,False,False
S1-875241387,S3-607953987,S3,Lucknow India Pvt. Ltd.,Pvt. Lucknow India Ltd,"Flat No Al/203, Block N, Sec-4, Alaknanda Apptt Gomti Nagar Extension, Lucknow, Uttar Pradesh","Flat No Al/203, Lucknow, Khargapur, UP",India,India,False,False,False,False,True,False,False,False,False,1.0,0.2777777777777778,0.8095238095238095,0.20618556701030927,0.6190476190476191,0.31818181818181823,False,False
S1-787933251,S2-223221086,S2,Dallas Goff Interstate Velos LLC,Dallas Goff Interstate LLC Service,"3838 Fortune Lane, Dallas, TX","3838-3842 FORTUNE LN, DALAS, TX",US,US,False,False,False,False,True,False,False,False,False,0.6666666666666666,0.375,0.5897435897435898,0.5,0.7352941176470589,0.7241379310344828,False,False
S1-160925457,S2-946473708,S2,Siify Inc,Siify Ínc,"334358 1050 Road, Mcloud, OK","334358 1050 RD, MCLOUD, OK",US,US,False,False,False,False,True,False,False,False,False,0.3333333333333333,0.6666666666666666,0.4,0.7692307692307693,0.8888888888888888,0.9230769230769231,False,False
S1-610286736,S3-346736471,S3,Life Healthcare Limited,लाइफ हेल्थकेयर Limited,"1010/P-66 Beside Manta, Dairy Dhani Ke Kutiya, Jabalpur, Madhya Pradesh","1010/P-66 Beside Manta, Dairy Dhani Ke Kutiya, Jabalpur, MP",India,India,False,False,False,False,True,False,False,False,False,0.2,0.7692307692307693,0.17142857142857143,0.8153846153846154,0.3913043478260869,0.8235294117647058,False,False
S1-763809922,S3-238510715,S3,Liberty Society,Liberty Liberty Seocbety,"1712 Fieldcrest Circle, Franklin, TN","1712-1716 Fieldcrest Cir, Franklin, Tennessee",US,US,False,False,False,False,True,False,False,False,False,0.3333333333333333,0.375,0.38095238095238093,0.5319148936170213,0.5833333333333333,0.6511627906976745,False,False
S1-49561767,S2-496941540,S2,Superior Brighthouse Inc,Superior Inc Services,"202 3rd Street, Glasgow, WV","202 THIRD ST, GLASGOW, WV",US,US,False,False,False,False,True,False,False,False,False,0.5,0.42857142857142855,0.28125,0.5172413793103449,0.45833333333333337,0.72,False,False
S1-651180618,S2-761643089,S2,Office of Finance PC,LLC 0ffice of Finance,"32 Windy Point Drive, Poquoson City, VA","32 WINMY POINT DRIVE, POQUOSON, VA",US,US,False,False,False,False,True,False,False,False,False,0.3333333333333333,0.625,0.6363636363636364,0.6578947368421053,0.6190476190476191,0.8378378378378378,False,False
S1-838043796,S2-677843488,S2,Digital Investments Limited,डिजिटल इन्वेस्टमेंट्स लिमिटेड,"G.T Road, Marhia Parao, Varanasi, Uttar Pradesh","294 G.T ROAD, MARHIA PARAO, VARANASI, Uttar Pradesh",India,India,False,False,False,False,True,False,False,False,False,0.0,0.8888888888888888,0.0,0.9111111111111111,0.03448275862068961,0.9166666666666666,False,False
S1-21011776,S2-924988480,S2,North Urban Marketing Private Limited,नॉर्थ अर्बन मार्केटिंग प्राइवेट लिमिटेड,"Office No.- 117H-1/383-3, Pandu Nagar, Sarvodaya Nagar, Kanpur Nagar, Uttar Pradesh","OFFICE NO.- 117H-1/383-3, PANDU NAGAR, SARVODAYA NAGAR, KANPUR NAGAR, उत्तर प्रदेश",India,India,False,False,False,False,True,False,False,False,False,0.0,0.7142857142857143,0.0,0.6842105263157895,0.10256410256410253,0.8441558441558441,False,False
S1-661923829,S2-715600296,S2,Office of Public Works Inc.,Office of Pmblic Works Inc.,"41 114th Street, Unit Apartment 14, Troy, NY","#41 114TH ST, TRYO CITY, NY",US,US,False,False,False,False,True,False,False,False,False,0.6666666666666666,0.2727272727272727,0.7777777777777778,0.24489795918367346,0.9615384615384616,0.4878048780487805,False,False
S1-512394120,S3-57583639,S3,50 Lake Way Properties,50 Lake,"27424 Ladd Avenue, Washington, OK","27424-27428 Ladd Ave, Washington, Oklahoma",US,US,False,False,False,False,True,False,False,False,False,0.5,0.375,0.25,0.5853658536585366,0.31818181818181823,0.625,False,False
S1-731774511,S3-67387410,S3,Memorial Charities,Belokorsol née Memorial Charities,"607 Main Street, OH, New Lebanon","607 Main Street, New Lebanon, OH",US,US,False,False,False,False,True,False,False,False,False,0.5,1.0,0.5161290322580645,0.8064516129032258,0.5454545454545454,0.8,False,False
S1-877300759,S2-90201811,S2,Mann's Patriot Insurance,Mann's Patriot,"155 Berkley Lane, Caldwell, WV","155 BERKLY LANE, WV, CALDWELL",US,US,False,False,False,False,True,False,False,False,False,0.75,0.6666666666666666,0.5454545454545454,0.6451612903225806,0.5833333333333333,0.75,False,False
S1-869825103,S2-914696880,S2,"Ramirez, Schwartz & Lopez LP","RAMIREZ, SCHWARTZ & LÓPEZ LP","420 Reservoir Avenue, Unit 230, Revere, MA","20 RESERVOIR AVENUE, REVERE, MA",US,US,False,False,False,False,True,False,False,False,False,0.6,0.5,0.75,0.6944444444444444,0.96,0.7435897435897436,False,False
S1-830738928,S3-96074241,S3,First Projects Private Limited,M/s firstprojects.com,"House No. 306A Kh No. 44/10 Pradhan Enclave Pole No. Nglac87 Nangloi, Delhi, West Delhi, Delhi","Delhi, West Delhi, House No. 306A Kh No. 44/10 Pradhan Enclave Pole No. Nglac87 Nangloi, दिल्ली",India,India,False,False,False,False,True,False,False,False,False,0.0,0.9285714285714286,0.2777777777777778,0.8846153846153846,0.3666666666666667,0.5617977528089888,False,False
S1-651775813,S3-155706940,S3,"Roller, Goddard & Frederick LLC","Roller, Goddard & Frederick","Stafford County, VA, Unit UNIT 103, 500 Lancelot Lane","500 Lancelot Lane, Fredericksburg, Virginia",US,US,False,False,False,False,True,False,False,False,False,0.75,0.3,0.8461538461538461,0.19696969696969696,0.8571428571428572,0.14,False,False
S1-639328769,S2-512162407,S2,Aamod (international)private Ltd,Ltd Aamod (intermnationl)prilate,"C/O Shri Gavesh Bhaulal K, 1028 Mundipar Goregaon Go, Goregaon, Gondia, Maharashtra","C/O SHRI GAVSEH BHAULAL K, 1028 MUNDIPAR GOREGAON GO, GONDIA, null, Maharashtra",India,India,False,False,False,False,True,False,False,False,False,0.3333333333333333,0.7857142857142857,0.45,0.8,0.6451612903225806,0.8481012658227848,False,False
S1-192710090,S2-16951890,S2,Divine Brokers Private Limited,Divine Brokers,"M/S. Giriraj Corp, Raigarh(Mh), Flat - 502, Plot - 05, Sector - 18, Panvel, Maharashtra","M/S. GIRIRAJ CORP, FLAT - 5-502, PLOT - 05, SECTOR - 18, PANVEL, Maharashtra",India,India,False,False,False,False,True,False,False,False,False,0.5,0.8,0.42857142857142855,0.7972972972972973,0.4666666666666667,0.821917808219178,False,False
S1-639351975,S2-243769417,S2,Bromberg Rapid Aluminum,BROMBERG RAPID ALUMINUM CORP,"604 Lynnwood Trail, Cedar Park, TX","00604 LYNNWOOD TRAIL, PMB 6455, CEDAR PARK, TX",US,US,False,False,False,False,True,False,False,False,False,0.75,0.5555555555555556,0.8076923076923077,0.6904761904761905,0.8214285714285714,0.7441860465116279,False,False
S1-831294274,S2-224146213,S2,Cardiology Smart Care Inc.,CARDIOLOGY SMART CARE ÍNC,"NY, Greenfield, 99 Wing Road","99. WING RD, GREENFIELD, NY",US,US,False,False,False,False,True,False,False,False,False,0.6,0.6666666666666666,0.76,0.5862068965517241,0.96,0.23076923076923073,False,False
S1-856659202,S2-222295983,S2,The Dent Bistro! Corp,THE DENT BISTRO! [CORPORATION],"1415 Barclay Street, OH, Springfield","001415 BARCLAY STREET, SPRINGFIELD, OH",US,US,False,False,False,False,True,False,False,False,False,0.6,0.6666666666666666,0.72,0.7837837837837838,0.7407407407407407,0.7777777777777778,False,False
S1-670159818,S2-250431505,S2,Classic Green Products Private Limited,क्लासिक ग्रीन प्रोडक्ट्स प्राइवेट लिमिटेड,"O-7, First Floor, Neelkanth Chamber I Saini Enclave Market, Vikas Marg, Delhi","O-7, FIRST FLOOR, NEELKANTH CHAMBER I SAINI ENCLAVE MARKET, VIKAS MARG, DELHI, दिल्ली",India,India,False,False,False,False,True,False,False,False,False,0.0,0.9285714285714286,0.0,0.9078947368421053,0.09756097560975607,0.9125,False,False
S1-599077378,S2-763211895,S2,Winfield Silicon,Winfield Sílicon,"7886 Rocky Ford Road, Hokes Bluff, AL","AL, GADSDEN, ROCKY FORD RD",US,US,False,False,False,False,True,False,False,False,False,0.3333333333333333,0.3333333333333333,0.6470588235294118,0.2558139534883721,0.9375,0.22857142857142854,False,False
S1-685957813,S2-787029885,S2,Baba Finance Limited,బాబా ఫైనాన్స్ లిమిటెడ్,"D No. 6-9-1263, Migh-9, Aphb Colony, Kt Road, Tirupati (Rural), Chittoor, Andhra Pradesh","TIRUPATI (RURAL), CHITTOOR, H.NO 6-9-1263, MIGH-9, APHB COLONY, KT ROAD, Andhra Pradesh",India,India,False,False,False,False,True,False,False,False,False,0.0,0.875,0.0,0.9,0.09090909090909094,0.379746835443038,False,False
S1-365349444,S3-172469500,S3,Pediatric Center LLC,LLC The-Pediatric Center,"167 607, Carthage, TX","167-171 607, Texas, Carthage",US,US,False,False,False,False,True,False,False,False,False,0.75,0.5,0.6,0.41379310344827586,0.5,0.5,False,False
S1-972804736,S2-24201069,S2,Ajra Impex Private Limited,Ajra Iprmnx Private Limited (ID: 67102),"193 B Paroli Road, Ajara, Taluka - Ajara, District - Kolhapur, Ajra, Kolhapur, Maharashtra","193 B PAROLI ROAD, AJARA, TALUKA - AJARA, DISTRICT - KOLHAPUR, AJRA, Maharashtra",India,India,False,False,False,False,True,False,False,False,False,0.42857142857142855,1.0,0.48717948717948717,0.9523809523809523,0.6388888888888888,0.8875,False,False
S1-309709211,S2-517784557,S2,Hitech Ventures,हाईटेक वेंचर्स,"107/1/3, Floor-Grd, Panchsheela, Dargah Road, Panchsheela, Mumbai, Maharashtra","107/1/3, BOMBAY, Maharashtra",India,India,False,False,False,False,True,False,False,False,False,0.0,0.36363636363636365,0.0,0.26153846153846155,0.06666666666666665,0.33333333333333337,False,False
S1-171223322,S3-124936234,S3,Hari Infrastructure Private Limited,హరి ఇన్‌ఫ్రాస్ట్రక్చర్ ప్రైవేట్ లిమిటెడ్,"Plot No.21, Sy No.177 Part, Phase-111, Ida, Cherlapally, Uppal, Hyderabad, Telangana","TG, Sy No.177 Part, Phase-111, Ida, Cherlapally, Hyderabad, Uppal, 21",India,India,False,False,False,False,True,False,False,False,False,0.0,0.7857142857142857,0.0,0.7012987012987013,0.050000000000000044,0.7012987012987013,False,False
S1-457052233,S3-880377765,S3,Nia,Nia Center,"3890 Steves Boulevard, Flagstaff, AZ","Arizona, Flagstaff, Steves Boulevard",US,US,False,False,False,False,True,False,False,False,False,0.5,0.5,0.125,0.6,0.30000000000000004,0.11764705882352944,False,False
S1-779009616,S2-269360356,S2,Shyam Projects Pvt Ltd,ஷ்யாம் புராஜெக்ட்ஸ் பிரைவேட் லிமிடெட்,"Old No.16, New No.7, Appadurai Street, Seethammal Colony, Chennai, Tamil Nadu","DOOR NO 14, CHENNAI, Tamil Nadu",India,India,False,False,False,False,True,False,False,False,False,0.0,0.2857142857142857,0.0,0.2777777777777778,0.08108108108108103,0.3472222222222222,False,False
S1-591154323,S3-891317117,S3,Cultural Guild Corp,Cultural (Guild),"2107 Deerfield Drive, Carrollton, TX","02107 Deerfield Drive, Carrollton CDP, Texas",US,US,False,False,False,False,True,False,False,False,False,0.6666666666666666,0.375,0.7058823529411765,0.7142857142857143,0.736842105263158,0.8095238095238095,False,False
S1-653516616,S2-907452899,S2,Commission on Aging,Commission on,"228 Gila Trail, Mecklenburg County, VA","228 GILA TRAIL, BRACEY, VA",US,US,False,False,False,False,True,False,False,False,False,0.6666666666666666,0.5714285714285714,0.6875,0.36585365853658536,0.6842105263157895,0.6111111111111112,False,False
S1-424538448,S2-749671163,S2,Direct (india) Pvt Ltd,dírectindia.com,"New Delhi, Cd 49 F 1440 Lig G 8 Rajouri Garden Mother Dairy, Delhi, West Delhi","337 CD 49 F 1440 LIG G 8 RAJOURI GARDEN MOTHER DAIRY, NEW DELHI, Delhi",India,India,False,False,False,False,True,False,False,False,False,0.0,0.8666666666666667,0.24,0.8,0.55,0.7733333333333333,False,False
S1-400022177,S2-259518871,S2,Marinelli Muniholdings Inc.,Marinelli Muniholdings  Incorporated,"26 Deer Run Drive, Newark, DE","#26 DEER RUN DR, PO BOX 1869, NEWARK, DE",US,US,False,False,False,False,True,False,False,False,False,0.5,0.5,0.7272727272727273,0.5,0.7428571428571429,0.6666666666666667,False,False
S1-371054567,S3-274705847,S3,Pediatric Dental Group,Pediatric Group Services & Co,"9333 Timothy Court, Charlotte, NC",,US,US,False,False,False,False,True,False,False,False,False,0.4,0.0,0.36363636363636365,0.0,0.40740740740740744,0.0,False,True
S1-449321613,S2-256572489,S2,Bharath Law Chambers,Shri BHARATH BHARATH LAW CHAMBERS,"76/1B, Bidhan Sarani Flat No. 17C, 17Th Floor, Kolkata, Kolkata, Howrah, West Bengal","D/76/1B, BIDHAN SARANI FLAT NO. 17C, 17TH FLOOR, KOLKAOA, KOLKATA, West Bengal",India,India,False,False,False,False,True,False,False,False,False,0.75,0.8,0.75,0.8055555555555556,0.6060606060606061,0.8701298701298701,False,False
S1-166704185,S3-27099007,S3,Rar Packaging (India),Rar Packaging,"B-5/200 S D Area Near By Tennis Stadium, New Delhi, South Delhi, Delhi","B-5/200 S D Area Near By Tennis Stadium, New Delhi, South Delhi, DL",India,India,False,False,False,False,True,False,False,False,False,0.6666666666666666,0.9285714285714286,0.6470588235294118,0.9821428571428571,0.6842105263157895,0.9552238805970149,False,False
S1-683732595,S3-184962563,S3,Anchor Mortgage Concepts,Anchor Concepts Services,"13272 Watson Lane, Surprise, AZ","13272 Watson Lane, Surprise, Arizona",US,US,False,False,False,False,True,False,False,False,False,0.5,0.6666666666666666,0.375,0.7878787878787878,0.41666666666666663,0.8529411764705882,False,False
S1-496966294,S2-487406840,S2,Dayal Services Corp,Dayal Services Corporation,"Gujarat, Opp. Intel Vitrified, Morvi, S.No.105/1P2, Rajkot","#317 S.NO.105/1P2, OPP. INTEL VITRIFIED, MORVI, Gujarat",India,India,False,False,False,False,True,False,False,False,False,0.5,0.8181818181818182,0.7083333333333334,0.7368421052631579,0.7307692307692308,0.39622641509433965,False,False
S1-604284315,S2-881790717,S2,Phelps and Simpson Hill,Phelps and Simpson Services,"2418 York Road, Gastonia, NC","2418 YORK RD, GATSONIA TOWNSHIP, NC",US,US,False,False,False,False,True,False,False,False,False,0.6,0.375,0.5862068965517241,0.375,0.7407407407407407,0.6363636363636364,False,False
S1-98102788,S2-16212984,S2,Troy & Hardy PLLC,Troy & & Hardy,"6519 171st Avenue, Snohomish, WA","6519 171ST AVENUE, SNOHOMISH CP, WA",US,US,False,False,False,False,True,False,False,False,False,0.6666666666666666,0.8333333333333334,0.6153846153846154,0.84375,0.6666666666666667,0.9090909090909091,False,False
S1-742621602,S2-742912313,S2,Bhadohi Seva Samiti,Dr BHADOHI SCAE SCAE SAMITI,"1557, Sadashiv Peth, Near Navi Peth Vitthal Mandir, Pune, Maharashtra","1557, SADASHIV PETH, NEAR NAVI PETH VITTHAL MANDIR, Maharashtra",India,India,False,False,False,False,True,False,False,False,False,0.4,0.8888888888888888,0.48,0.8793103448275862,0.6666666666666667,0.9230769230769231,False,False
S1-459834157,S3-707106769,S3,Heart Council LLC,Heart LLC Council,"620 Walnut Street, Kannapolis, NC","62 Walnut St, Kannapolis CIY, North Carolina",US,US,False,False,False,False,True,False,False,False,False,1.0,0.2,0.6666666666666666,0.3877551020408163,0.5294117647058824,0.5,False,False
S1-745021854,S3-859654526,S3,"Martin, Heath & Loughry, Inc","Inc Martin, Heath & Loughry,","AR, Greenway, 319 Jack Street","Greenway, Jack St, Arkansas",US,US,False,False,False,False,True,False,False,False,False,1.0,0.2857142857142857,0.76,0.38235294117647056,0.6666666666666667,0.4444444444444444,False,False
S1-814592458,S3-30807343,S3,Department of Parks and Recreation Group,Department of Parks and Rcereatno Group,"8805 Graham Street, Charlotte, NC","##8805 Graham Street, Charlotte, North Carolina",US,US,False,False,False,False,True,False,False,False,False,0.7142857142857143,0.5714285714285714,0.6222222222222222,0.6666666666666666,0.9,0.7209302325581395,False,False
S1-733710989,S3-45641344,S3,Konstanze Lopez Sony,Konstanze Lopez,"371 Fox Squirrel Road, Boiling Spring Lakes, NC","371-375 Fox Squirrel Road, Boiling Spring Lakes, North Carolina",US,US,False,False,False,False,True,False,False,False,False,0.6666666666666666,0.6363636363636364,0.7222222222222222,0.6724137931034483,0.75,0.7377049180327868,False,False
S1-944279581,S2-638453980,S2,Prosafe Traders Private Limited,Prosafe Tidehr Private Limited,"Ladiwala Bhawan Chs, Cabin 1, Cts No. 347 348 357, S V Road, Kandivali (W), Kandivali Fire Brigade, Kandivali West, Maharashtra, Shop No. 6, Mumbai","SHOP NO. 6, LADIWALA BHAWAN CHS, CABIN 1, CTS NO. 347 348 357, S V ROAD, KANDIVALI (W), KANDIVALI FIRE BRIGADE, KANDIVALI WEST, Maharashtra",India,India,False,False,False,False,True,False,False,False,False,0.6,0.9545454545454546,0.5833333333333334,0.9017857142857143,0.8709677419354839,0.7985074626865671,False,False
S1-191687313,S2-738788912,S2,Lower Mountain Stardust LLC,-- mountainlowerstardust.com,"106 Corbin Street, Paris, TN","106 CRBIN ST, PARIS, TN",US,US,False,False,False,False,True,False,False,False,False,0.0,0.42857142857142855,0.5,0.5925925925925926,0.4814814814814815,0.8076923076923077,False,False
S1-572228549,S2-769399499,S2,Global Boutique Inc.,Inc Global Boutique,"4619 Vincent Road, Millington, TN","TN, 4619 VINCENT RD, MILLINGTON",US,US,False,False,False,False,True,False,False,False,False,1.0,0.6666666666666666,0.7,0.6470588235294118,0.5789473684210527,0.7419354838709677,False,False
S1-203296872,S2-62080335,S2,Shalimar (India) Producer Limited,Shalimar (India) Producer,"160, Thimmaiah Road, Bharathi Nagar Opposite To Memorial Park, Bengaluru, Bangalore, Karnataka","160, THIMMAIAH ROAD, BHARATHI NAGAR OPPOSITE TO MEMORIAL PARK, BENGALURU, ಕರ್ನಾಟಕ",India,India,False,False,False,False,True,False,False,False,False,0.75,0.7692307692307693,0.75,0.7362637362637363,0.7419354838709677,0.7865168539325843,False,False
S1-817587464,S2-81961831,S2,"Zito Communications, Inc.","ZITO INC. COMMUNICATIONS,","525 5th Avenue, Antler, ND","ANTLER CITY, ND, 525 FIFTH AVENUE",US,US,False,False,False,False,True,False,False,False,False,1.0,0.5714285714285714,0.75,0.4166666666666667,0.6521739130434783,0.19354838709677424,False,False
S1-584513086,S2-670173914,S2,Consultancy Gill Gems Limited,CONSULTANCY GDILL GEMS LIMITED | www.consultanc.com,"Batayan Apartment, 1St Floor, Room No.1-2/C, P191, Block-B, Lake Town, Kolkata, Parganas North, West Bengal","HN 283 BATAYAN APARTMENT, 1ST FLOOR, ROOM NO.1-2/C, P191, BLOCK-B, LAKE TOWN, KOLKATA, West Bengal",India,India,False,False,False,False,True,False,False,False,False,0.3333333333333333,0.8095238095238095,0.5952380952380952,0.7821782178217822,0.5686274509803921,0.7777777777777778,False,False
S1-640552876,S2-440801147,S2,Urgent Care Center Inc,Urgent Cáre Center,"9133 Falkwood Road, Raleigh, NC","9133 FALKWOOD RD, RALEIGH, NC",US,US,False,False,False,False,True,False,False,False,False,0.4,0.6666666666666666,0.5454545454545454,0.7857142857142857,0.7727272727272727,0.9310344827586207,False,False
S1-5136687,S3-10132733,S3,Seema & Brothers Private Limited,Seema & Brothers Privtae Limited,"N-165 Ff Bholaka Bagh, New Delhi, Lado Sarai, Delhi, New Delhi","N-165 Ff Bholaka Bagh, New Delhi, दिल्ली",India,India,False,False,False,False,True,False,False,False,False,0.6,0.7,0.75,0.6122448979591837,0.9333333333333333,0.5517241379310345,False,False
S1-692583868,S3-32624767,S3,Helios Inc.,Helios Helios Inc.,"6705 Maple Knoll Drive, Gaithersburg, MD","006705 Maple Knoll Drive, <NULL>, Gaithersburg, Maryland",US,US,False,False,False,False,True,False,False,False,False,1.0,0.4444444444444444,0.8,0.6538461538461539,0.5882352941176471,0.7169811320754718,False,False
S1-241215541,S3-789410950,S3,RTP Tours Company,RTP Tours Tours Co,"O-2 Lower Ground Floor Lajpat Nagar-Ii, New Delhi, South Delhi, Delhi","Sisana, Plot 39 O-2 Lower Ground Floor Lajpat Nagar-ii, South Delhi, DL",India,India,False,False,False,False,True,False,False,False,False,0.5,0.6666666666666666,0.625,0.704225352112676,0.6111111111111112,0.5882352941176471,False,False
S1-660755027,S3-531381800,S3,Ram Properties Private Limited,Ram Properties,"Unit No. 516-B, E-Wing, Parksite Kailash Ind Est, Mumbai, Maharashtra","Unit No. 516-B, Mumbai, MH",India,India,False,False,False,False,True,False,False,False,False,0.5,0.38461538461538464,0.4444444444444444,0.30158730158730157,0.4666666666666667,0.359375,False,False
S1-715512008,S2-69473094,S2,Digital Infrastructure,Digital lnfrastructure,"Pune, Suma Shilp93/5A Erandawane, Maharashtra, Pune","SUMA SHILP9-3/5A ERANDAWANE, PUNE, Maharashtra",India,India,False,False,False,False,True,False,False,False,False,0.3333333333333333,0.625,0.7391304347826086,0.7872340425531915,0.9545454545454546,0.6666666666666667,False,False
S1-22829144,S3-384014254,S3,Gulf Complete Detailing Inc,Gulf Detailing Complete Inc,"73 Locust Avenue, Unit 1, Worcester, MA","73- Locust Ave, # 1, Worcester, Massachusetts",US,US,False,False,False,False,True,False,False,False,False,1.0,0.4444444444444444,0.7857142857142857,0.5106382978723404,0.40740740740740744,0.5128205128205128,False,False
S1-851959406,S3-590253640,S3,Supreme Education Group,Onyxonyxsol d/b/a Supreme Education Group,"35 Bristol Avenue, NY, Lockport","35 Bristol Avenue, Lockport, NY",US,US,False,False,False,False,True,False,False,False,False,0.42857142857142855,1.0,0.5675675675675675,0.8,0.5609756097560976,0.7931034482758621,False,False
S1-48562730,S2-401919568,S2,Blue Trading Private Limited,Private Blue Tbrcang Limited,"Rajasthan, Jaipur, C/O Kaptan Singh, Jaipur, A.52F, Rajiv Gandhi Nagar","JAIPUR, Rajasthan, C/O KAPTAN SINGH, JAIPUR",India,India,False,False,False,False,True,False,False,False,False,0.6,0.5454545454545454,0.4857142857142857,0.543859649122807,0.3928571428571429,0.4,False,False
S1-845205857,S2-234606220,S2,Elkins Health Center LLC,Elkins Health LLC Services,"N9272 7th Avenue, Town Of Clearfield, WI","9272 7ST AVENUE, TOWN OF CLEARFIELD, WI",US,US,False,False,False,False,True,False,False,False,False,0.6,0.5555555555555556,0.4375,0.775,0.6153846153846154,0.9210526315789473,False,False
S1-120297703,S2-390618758,S2,Basheerbagh Carriers,Basheerbagh Carriers Limited,"607, 6Th Floor, Babukhan Estates, Basheerbagh, Hyderabad, Telangana","607, 6TH FLOOR, BABUKHAN ESTATES, BASHEERBAGH, Telangana",India,India,False,False,False,False,True,False,False,False,False,0.6666666666666666,0.875,0.6923076923076923,0.8,0.7142857142857143,0.8387096774193549,False,False
S1-34265939,S2-518166751,S2,Fortune Investments Pvt Ltd,Sri Fortune Investments Pvt,"Kozhikode, No: 11/391, Nadammalpoyil Omassery, Puthur, Kozhikode, Kerala","NO: 11/391, NADAMMALPOYIL OMASSERY, PUTHUR, KOZHIKODE, കേരളം",India,India,False,False,False,False,True,False,False,False,False,0.6,0.7777777777777778,0.7241379310344828,0.7868852459016393,0.7037037037037037,0.7575757575757576,False,False
S1-772608560,S3-837584179,S3,Rio Rancho Family Association LLC,Rio Ráncho Family Association LLC,"2602 Box Lake Drive, Rio Rancho, NM","2602 Box Lake Drive, Rio Rancho, New Mexico",US,US,False,False,False,False,True,False,False,False,False,0.6666666666666666,0.6666666666666666,0.8235294117647058,0.75,0.9696969696969697,0.8048780487804879,False,False
S1-456962340,S2-777101360,S2,Aqua Credits Limited,Sri AQUA CEAHITS LIMITED,"C/O Subba Lal Vishvakarma, Jaraudhi, Singrauli, Madhya Pradesh","PLOT 94 C/O SUBBA LAL VISHVAKARMA, JARAUDHI, SINGRAULI, मध्य प्रदेश",India,India,False,False,False,False,True,False,False,False,False,0.4,0.5384615384615384,0.48148148148148145,0.56,0.7083333333333333,0.671875,False,False
S1-668897081,S2-897896736,S2,Future Ventures Limited,फ्यूचर वेंचर्स लिमिटेड,"Block-D, 501 Archi Paradise, Shobhagpura, Udaipur, Rajasthan","BLOCK-D, 501 ARCHI PARADISE, SHOBHAGPURA, UDAIPUR, BHUWANA,GIRWA, राजस्थान",India,India,False,False,False,False,True,False,False,False,False,0.0,0.6363636363636364,0.0,0.5866666666666667,0.08695652173913049,0.7246376811594203,False,False
S1-221180084,S2-493149757,S2,Ziraendra Services Limited,ZIRAENDRA SERVICES,"313, Paradise Tower Gokhale Road, Naupada, Thane, Maharashtra",,India,India,False,False,False,False,True,False,False,False,False,0.6666666666666666,0.0,0.6666666666666666,0.0,0.6923076923076923,0.0,False,True
S1-883094752,S2-133199402,S2,"Yolanda H. Sanchez, MD","Yolanda H. Sanchez, MD [Inc.]","2463 Burnwood Drive, City Of Oshkosh, WI","2463-2465 Burnwood Dr, CITY OF OSHKOSH, WI",US,US,False,False,False,False,True,False,False,False,False,0.8,0.6666666666666666,0.8181818181818182,0.6904761904761905,0.8333333333333334,0.8,False,False
S1-902868851,S3-297132629,S3,Isha Enterprises Private Limited,Smt *** Isha  Enterprises Private Limited,"Unit No. 711, 7Th Floor, Devika Tower, New Delhi, South Delhi, Delhi","Block F-46 Unit No. 711, 7Th Floor, Devika Tower, South Delhi, New Delhi, DL",India,India,False,False,False,False,True,False,False,False,False,0.8,0.7142857142857143,0.8787878787878788,0.746031746031746,0.8888888888888888,0.6571428571428571,False,False
S1-806436830,S3-393992582,S3,QQ Rolls Private Limited,QQ Rolls Prviaet Limited,"E 7 Saptagiri Duplex, Akota Main Road Akota, Vadodara, Gujarat","No 298 E 7 Saptagiri Duplex, Vadodara, Akota Main Road Akota, ગુજરાત",India,India,False,False,False,False,True,False,False,False,False,0.6,0.6666666666666666,0.5172413793103449,0.6515151515151515,0.8333333333333334,0.5076923076923077,False,False
S1-25016581,S3-510605013,S3,Smart Laboratories Private Limited,Smart,"Dlf Qe, B 801 Central Park, Gurgaon, Sector 42 Golf Course Road, Haryana","B 801 Central Park, Sector 42 Golf Course Road, Dlf Qe, Gurgaon, Haryana",India,India,False,False,False,False,True,False,False,False,False,0.25,1.0,0.09375,0.8571428571428571,0.1470588235294118,0.5588235294117647,False,False
S1-183607224,S2-101549234,S2,"Margaux Anderson, L.C.S.W.","Margaux Anderson, L.C.S.W. Ltd","OH, 2805 Stefan Place, Beavercreek","2805 STEFAN PLACE, FAIRBRON, OH",US,US,False,False,False,False,True,False,False,False,False,0.8571428571428571,0.6666666666666666,0.8461538461538461,0.3902439024390244,0.8571428571428572,0.59375,False,False
S1-466501117,S3-21525788,S3,Chiropractic Coastal Specialists,Chir0practic Coastal Service,"Austin, 1112 Austin Highlands Boulevard, TX","1112 Austin Highlands Blvd, Austin, Texas",US,US,False,False,False,False,True,False,False,False,False,0.2,0.42857142857142855,0.4358974358974359,0.4772727272727273,0.71875,0.5121951219512195,False,False
S1-577471398,S2-889199742,S2,Park Wellness L.L.C.,Park Wellness,"735 Marquette Avenue, Minneapolis, MN",,US,US,False,False,False,False,True,False,False,False,False,0.5,0.0,0.6875,0.0,0.6842105263157895,0.0,False,True
S1-450019149,S2-793144910,S2,Wylie and Gomez Eco PC,Wylie and Gómez Eco PC,"1406 Killarney Lane, Greenville, IL","001406 KILLARNEY LANE, GREENVILLE, IL",US,US,False,False,False,False,True,False,False,False,False,0.6666666666666666,0.6666666666666666,0.7391304347826086,0.9375,0.9545454545454546,0.9428571428571428,False,False
S1-362736439,S3-633845085,S3,Sinkfield Madison PLLC,5inkfield Madison (PLLC),"1403 26th Avenue, Altoona, IA","Altoona, 1403c 26st Ave, Iowa",US,US,False,False,False,False,True,False,False,False,False,0.5,0.1111111111111111,0.9047619047619048,0.28205128205128205,0.9545454545454546,0.18518518518518523,False,False
S1-823044361,S2-299639457,S2,R&m Traders Private Limited,R&M  TRADERS PFRIVFEA LIMITED,"Park Town, 12 Krishnappa Maistry Street, Tamil Nadu, Chennai","12 KRISHNAPPA MAISTRY STREET, PARK TOWN, CHENNAI, தமிழ்நாடு",India,India,False,False,False,False,True,False,False,False,False,0.6666666666666666,0.7,0.5454545454545454,0.5970149253731343,0.8571428571428572,0.5087719298245614,False,False
S1-265951415,S2-331795042,S2,IOP Coastal Network P.C.,THE IOP COASTAL NETWORK P.C.,"17 B Witt Lane, Riverhead, NY","RIVERHEAD, 17 B. Witt Lane, NY",US,US,False,False,False,False,True,False,False,False,False,0.8333333333333334,1.0,0.8333333333333334,0.7857142857142857,0.8518518518518519,0.2592592592592593,False,False
S1-745392403,S3-302333871,S3,Reflect Public School,Reflect Reflect Public School Company,"R Rao, 2-22-7/1, S Villa, Girija Street, Behind Collector Bunglow, Srinagar, Kaki, Nada, Kakinada, East Godavari, Andhra Pradesh","H.no 36 R Rao, 2-22-7/1, S Villa, Girija Street, Behind Collector Bunglow, Srinagar, Kaki, Nada, East Godavari, Kakinada, AP",India,India,False,False,False,False,True,False,False,False,False,0.75,0.76,0.6551724137931034,0.7833333333333333,0.5675675675675675,0.7542372881355932,False,False
S1-940531426,S3-428225253,S3,BE Infosys Private Limited,BE Infosys Limited Center,"Lg-A-05, Lg-A-06, Lg-A-07 & Lg-A-08 Art Guild House Lower Gr Floor, Phoenix Marketcity, Lbs Ma, Rg, Kurla-W, Mumbai, Mumbai City, Maharashtra","Lg-a-05, Mumbai, Mumbai City, MH",India,India,False,False,False,False,True,False,False,False,False,0.6,0.21739130434782608,0.46875,0.18095238095238095,0.6153846153846154,0.22307692307692306,False,False
S1-22743730,S2-172868467,S2,Miranda Plains Inc,Miranda Pláins Inc,"11407 Elliott Road, Lynn, IN","11407 ELLIOTT RD, LYNN, IN",US,US,False,False,False,False,True,False,False,False,False,0.5,0.6666666666666666,0.6842105263157895,0.7692307692307693,0.9444444444444444,0.9230769230769231,False,False
S1-889188665,S3-755663770,S3,Mcfarland Made Inc,Mcfarland Made Incorporated,"41 Knollwood Lane, Broadway, NC","Broadway, North Carolina, 0041 Knollwood Lane",US,US,False,False,False,False,True,False,False,False,False,0.5,0.375,0.64,0.5111111111111111,0.6666666666666667,0.2093023255813954,False,False
S1-699286516,S2-523719895,S2,Pacific Dental Associates,Pacific-Dental,"526 Cool Mist Drive, Houston, TX","526- COOL MIST DR, HOUSTON, TX",US,US,False,False,False,False,True,False,False,False,False,0.6666666666666666,0.7142857142857143,0.5217391304347826,0.7666666666666667,0.56,0.9,False,False
S1-78616302,S2-897163547,S2,Stella Academy Pvt Ltd,STELLA LTD PVT ACADEMY ACADEMY,"Shop No. 10, Tripat Shopping Complex, Patiala, Punjab","Punjab, SHOP NO. 10, TRIPAT SHOPPING COMPLEX, PATAILA",India,India,False,False,False,False,True,False,False,False,False,1.0,0.7777777777777778,0.68,0.74,0.5,0.6734693877551021,False,False
S1-989795467,S2-476788203,S2,Foot & Ankle Care LLC,Foot and  Care LLC Partners,"NC, 1008 Gay Street, Rocky Mount","PMB 2360, ROCKY MOUNT, NC, 1008 1/2 GAY STREET",US,US,False,False,False,False,True,False,False,False,False,0.5,0.6,0.41379310344827586,0.5681818181818182,0.5384615384615384,0.2093023255813954,False,False
S1-70015007,S3-909778351,S3,"Eaton & Salyer Annaly, LLC","Eaton & Sályer Ánnaly, LLC","5103 Leahbelle Street, Houston, TX","5103- Leahbelle Street, Houston, Texas",US,US,False,False,False,False,True,False,False,False,False,0.3333333333333333,0.6666666666666666,0.5769230769230769,0.8529411764705882,0.9130434782608696,0.9142857142857143,False,False
S1-563335368,S3-300075238,S3,Wilson Realty Clinic,wilsonrealtyclinic.com,"IL, 2900 B28 Fox Bridge Road, Springfield","2900 B28 Fox Bridge Rd, Springfield, Illinois",US,US,False,False,False,False,True,False,False,False,False,0.0,0.5555555555555556,0.46153846153846156,0.625,0.7272727272727273,0.6744186046511628,False,False
S1-659859478,S3-951901437,S3,Janatha Metal Private Limited,Janatha Metal Private,"Karnataka, Bengaluru, B Block 8 Fananda Bairavi # 236 H M Road, Flat B-801, Bangalore","H.no 903 Flat B-801, Bengaluru, Bangalore, KA",India,India,False,False,False,False,True,False,False,False,False,0.75,0.35294117647058826,0.7037037037037037,0.3253012048192771,0.7241379310344828,0.240506329113924,False,False
S1-800095832,S2-757626050,S2,Synon LLC,Llc Synon,"54 Banks Street, Cambridge, MA","CAMBRIDGE, MA, 054 BANKS ST",US,US,False,False,False,False,True,False,False,False,False,1.0,0.42857142857142855,0.4,0.6333333333333333,0.11111111111111116,0.1428571428571429,False,False
S1-187797971,S2-195097048,S2,Hassler Global Sun,Hassler Global Sun Corporation,"2240 Golden Oak Lane, Unit 150, Merced, CA","2240 Golden Oak Ln, MERCED, CA",US,US,False,False,False,False,True,False,False,False,False,0.75,0.5555555555555556,0.5714285714285714,0.575,0.6,0.717948717948718,False,False
S1-502503450,S2-407534807,S2,Better Education Solutions,Better Education,"599 Sussex Avenue, Fl 1, Tenino, WA","SUSSEX AVENUE, TENNO, WA",US,US,False,False,False,False,True,False,False,False,False,0.6666666666666666,0.375,0.6363636363636364,0.5151515151515151,0.6153846153846154,0.6875,False,False
S1-634207828,S2-236514160,S2,Shivam Law Chambers Private Limited,SHIVAM LAW CHAM8ERS PRIVATE LTD,"Uttar Pradesh, Ekant Vihar, Near Church Kaharai Mod, 31/Ev/10, Agra, Shamshabad Road","#31/EV/10, EKANT VIHAR, NEAR CHURCH KAHARAI MOD, SHAMSHABAD ROAD, Uttar Pradesh",India,India,False,False,False,False,True,False,False,False,False,0.42857142857142855,0.9285714285714286,0.6216216216216216,0.8181818181818182,0.8571428571428572,0.5316455696202531,False,False
S1-992385331,S3-545994023,S3,Regional Asset Labs Inc,Regional Asset Lábs Inc,"4321 Sheridan Road, Pekin, IL",,US,US,False,False,False,False,True,False,False,False,False,0.6,0.0,0.75,0.0,0.9565217391304348,0.0,False,True
S1-616825530,S2-256853645,S2,Raghav Realtech Ltd,Raghav Realtech Realtech Ltd.,"5, Third Floor Front Portion, Sant Nagar, East Of Kailash, New Delhi, South Delhi, Delhi","5., THIRD FLOOR FRONT PORTION, SANT NAGAR, EAST OF KAILASH, NEW DELHI, Delhi",India,India,False,False,False,False,True,False,False,False,False,1.0,0.9230769230769231,0.9444444444444444,0.9,0.6785714285714286,0.8536585365853658,False,False
S1-492235064,S3-791324352,S3,Cobalt Office LLC,Cobalt (Office),"Baltimore, 630 Denison Street, MD",,US,US,False,False,False,False,True,False,False,False,False,0.6666666666666666,0.0,0.7333333333333333,0.0,0.7647058823529411,0.0,False,True
S1-746195171,S3-353010428,S3,"Dickson, Jackson and Minor Colombier Inc","Inc. Dickson, Jackson And Minor Colombier","217 Canterbury Court, Columbiana, OH","217 Canterbury Court, Columbiana, Ohio",US,US,False,False,False,False,True,False,False,False,False,1.0,0.6666666666666666,0.8333333333333334,0.9393939393939394,0.7948717948717949,0.9444444444444444,False,False
S1-872940768,S2-947574323,S2,"Leach, Douglas & Bryant","Leach, Douglas & Bryant Ltd","4736 El Molino Lane, Chino Hills, CA","4736 EL MOLINO LN, CHINO HILLS, CA",US,US,False,False,False,False,True,False,False,False,False,0.75,0.75,0.8181818181818182,0.7575757575757576,0.8333333333333334,0.9411764705882353,False,False
S1-559871332,S3-57478041,S3,Uniontown City Internal Medicine Partners LLC,Uniontown City Internal Medicine Panerrs LLC,"150 Virginia Avenue, Uniontown City, PA","15 Virginia Ave, Uniontown City, Pennsylvania",US,US,False,False,False,False,True,False,False,False,False,0.7142857142857143,0.3333333333333333,0.8085106382978723,0.5625,0.9333333333333333,0.6744186046511628,False,False
S1-87211076,S2-833331198,S2,Sai India Private Limited,SAI INDIA PRIVATE LTD,"51/7/1, Chitrakoot, Ratna Avenue, Richmond Road, Bangalore North, Bangalore, Karnataka","51/7/1, CHITRAKOOT, RATNA AVENUE, RICHMOND ROAD, BANGALORE NORTH, Karnataka",India,India,False,False,False,False,True,False,False,False,False,0.6,1.0,0.68,0.9571428571428572,0.84,0.875,False,False
S1-85184195,S3-68225529,S3,Collado & Coomes,Collado Coomes Center,"59 Steward Road, Higden, AR","059 Steward Rd, Higden, Arkansas",US,US,False,False,False,False,True,False,False,False,False,0.6666666666666666,0.25,0.631578947368421,0.6129032258064516,0.6666666666666667,0.7,False,False
S1-392208552,S3-29833655,S3,Unique Foundation Private Limited,Unique-Foundation Private,"Flt No I-1803 Green World, Gut No.242 Hissa No, Thane, Maharashtra","Flt No I-b3/1803 Green World, Gut No.242 Hissa No, Thane, MH",India,India,False,False,False,False,True,False,False,False,False,0.75,0.7692307692307693,0.7419354838709677,0.7377049180327869,0.7575757575757576,0.8095238095238095,False,False
S1-616713880,S2-442153894,S2,Human Rights Foundation PC,Human Rights PC Center,"432 Beardstown Street, Virginia, IL","43 BEARDSTOWN STREET, VIRGINIA, IL",US,US,False,False,False,False,True,False,False,False,False,0.6,0.6666666666666666,0.375,0.8484848484848485,0.5384615384615384,0.9696969696969697,False,False
S1-354449785,S2-104201068,S2,Nari Fund Private Limited,NARI FUND PRÍVATE LIMITED,"20-234/4, Karvel Nagar, Kothapalem, Revenue 66, Visakhapatnam (Urban), Visakhapatnam, Vishakhapatnam, Andhra Pradesh","BLOCK C-9-26 20-234/4, KARVEL NAGAR, KOTHAPALEM, REVENUE 66, VISAKHAPATNAM (URBAN), VISAKHAPATNAM, Andhra Pradesh",India,India,False,False,False,False,True,False,False,False,False,0.6,0.7058823529411765,0.7692307692307693,0.8152173913043478,0.96,0.7383177570093458,False,False
S1-248947265,S3-926278586,S3,"Sean Lowery Leapfrog, LLC",Sean Lowery,"5 Wilson Way, Newburyport, MA","5 Wilson Way, Neburyport, Massachusetts",US,US,False,False,False,False,True,False,False,False,False,0.5,0.42857142857142855,0.4090909090909091,0.5789473684210527,0.45833333333333337,0.6756756756756757,False,False
S1-417962519,S3-394154281,S3,Lowgap Education Platinum Project,Lowgap Education Platinum Project [LP],"149 Fawn Lane, Lowgap, NC","North Carolina, 14 Fawn Ln, Lowgap",US,US,False,False,False,False,True,False,False,False,False,0.8,0.2222222222222222,0.9090909090909091,0.25,0.9166666666666666,0.34375,False,False
S1-827722842,S2-449238980,S2,Monika's Cleaning Service,Monika's Cléaning Service,"161 100, Monroe, UT","100, MONROE, UT",US,US,False,False,False,False,True,False,False,False,False,0.6,0.75,0.7692307692307693,0.7333333333333333,0.96,0.7647058823529411,False,False
S1-381216956,S2-504971211,S2,Invision & Brothers Private Limited,Invision & Brothers,"Samruddhi Nirmala Convent Road Pumping Station, Maharashtra, Nashik","SAMRUDDHI NIRMALA CONVENT ROAD PUMPING STATION, NASHIK, Maharashtra",India,India,False,False,False,False,True,False,False,False,False,0.5,1.0,0.4838709677419355,0.9076923076923077,0.5151515151515151,0.7846153846153846,False,False
S1-20347927,S2-978275071,S2,Pass Infracon Ltd,Pass Infrac0n  Ltd,"Imfa Buildingbomikhol P O Rasulgarh Rasulgarh, Bhubaneswar, Khordha, Orissa","IMFA BUILDINGBOMIKHOL P O RASULGARH RASULGARH, BHUBANESWAR, ଓଡ଼ିଶା",India,India,False,False,False,False,True,False,False,False,False,0.5,0.6666666666666666,0.6666666666666666,0.7121212121212122,0.9411764705882353,0.8055555555555556,False,False
S1-636214768,S3-442653897,S3,Ventures Dd Educational Limited,Ventures,"Kerala, Kozhikode, Thayyil House, Safa, Kmk Haji Road, Petta","Kozhikode, Thayyil House, Kerala, Kozhikode, Safa, Kmk Haji Road, Petta",India,India,False,False,False,False,True,False,False,False,False,0.25,1.0,0.20689655172413793,0.9629629629629629,0.25806451612903225,0.6307692307692307,False,False
S1-2943113,S3-113037120,S3,Chennai Ton Private Limited,Chennai Ton Private Ltd,"No 7, Arumugam Nagar 2Nd Street Madipakkam, Chennai, Kancheepuram, Tamil Nadu","Door No 7, Arumugam Nagar 2Nd Street Madipakkam, Chennai, Kancheepuram, TN",India,India,False,False,False,False,True,False,False,False,False,0.6,0.6923076923076923,0.7037037037037037,0.8082191780821918,0.8518518518518519,0.821917808219178,False,False
S1-958844559,S2-17361140,S2,Raj Foods Private Limited,राज फूड्स प्राइवेट लिमिटेड,"C/O Satveer Bhati, S/O Jati Ram Village Aicher, Greater Noida, Gautam Buddha Nagar, Uttar Pradesh","GREATER NOIDA, GAUTAM BUDDHA NAGAR, Uttar Pradesh, S/O JATI RAM VILLAGE AICHER, #71 C/O SATVEER BHATI",India,India,False,False,False,False,True,False,False,False,False,0.0,0.9411764705882353,0.0,0.8901098901098901,0.11538461538461542,0.19791666666666663,False,False
S1-278539101,S2-5580152,S2,Sat Enterprises Private Limited,Sat Enterprises Private,"No. 26/C, Electronics City Hosur Road, Bangalore, Karnataka","NO. 26/C/1 , ELECTRONICS CITY HOSUR ROAD, ಕರ್ನಾಟಕ",India,India,False,False,False,False,True,False,False,False,False,0.75,0.6363636363636364,0.7142857142857143,0.5238095238095238,0.7419354838709677,0.6181818181818182,False,False
S1-942890896,S3-596470185,S3,Indo Impex Private Limited,Indo Impex Psraivte Limited,"Shop No 06, Sr No 68/1/2/13, Utopiya Society Shoping Arcade, Wanawadi, Pune, Maharashtra","Shop No 06, Sr No 68/1/2/13, Utopiya Society Shoping Arcade, Wanawadi, Pune, महाराष्ट्र",India,India,False,False,False,False,True,False,False,False,False,0.6,0.875,0.5806451612903226,0.7558139534883721,0.8888888888888888,0.8674698795180723,False,False
S1-948346302,S3-231670896,S3,Sai India Private Limited,Sai India Limited Services,"No 863 Ground Floor 10Th Block Anjannapura, Bangalore, Karnataka","No 00863 Ground Floor 10Th Block Anjannapura, Bangalore, ಕರ್ನಾಟಕ",India,India,False,False,False,False,True,False,False,False,False,0.6,0.6363636363636364,0.42424242424242425,0.6901408450704225,0.5769230769230769,0.8225806451612903,False,False
S1-613113977,S3-98941608,S3,Land Broadcasting Private Limited,Land Broadcasting,"F-88, Mayapuri Mayapuri Industrial Area Phase-Ii, New Delhi, South West Delhi, Delhi","F-88, New Delhi, दिल्ली",India,India,False,False,False,False,True,False,False,False,False,0.5,0.3333333333333333,0.4838709677419355,0.17647058823529413,0.5151515151515151,0.1875,False,False
S1-202399327,S3-509215245,S3,Frase & Devine Eco,Orbinovi,"597 Piney Fork Church Road, Eden, NC","597 Piney Fork Church Rd, <NULL>, Eden, North Carolina",US,US,False,False,False,False,True,False,False,False,False,0.0,0.45454545454545453,0.0,0.4727272727272727,0.1875,0.607843137254902,False,False
S1-327749396,S3-642124076,S3,Beacon Nutrition Solutions Inc,Beacon Nutrition Solutions,"17610 Austins Creek Drive, Charlotte, NC","17610 Austins Creek Dr, Charlottte, North Carolina",US,US,False,False,False,False,True,False,False,False,False,0.75,0.3,0.84,0.5769230769230769,0.8666666666666667,0.6666666666666667,False,False
S1-771420432,S3-460364561,S3,Bay Initiative,Bay Initiative Inc.,"2610 Cash Canyon Road, Chattanooga, TN","2610 Cash Canyon Road, Chattanooga, Tennessee",US,US,False,False,False,False,True,False,False,False,False,0.6666666666666666,0.7142857142857143,0.8,0.7804878048780488,0.7777777777777778,0.8372093023255813,False,False
S1-942786950,S2-662077395,S2,Model Farmers Private Limited,Model Frmedrs Private Límited,"C 102 Nayan Garden Baba Sankul Ostwal Tuling, Thane, Mumbai City, Maharashtra","C 00102 NAYAN GARDEN BABA SNKUL OSTWAL TULING, MUMBAI CITY, Maharashtra",India,India,False,False,False,False,True,False,False,False,False,0.3333333333333333,0.6428571428571429,0.5428571428571428,0.759493670886076,0.896551724137931,0.8783783783783784,False,False
S1-196957243,S2-752491236,S2,Oncology Atlantic Specialists Inc,ONCOLOGY INC SPECIALISTS (ATLANTIC),"23891 Bernard Road, New Ulm, TX","23891 BERNARD ROAD, NEW ULM TOWNSHIP, TX",US,US,False,False,False,False,True,False,False,False,False,1.0,0.8571428571428571,0.8235294117647058,0.75,0.6363636363636364,0.7631578947368421,False,False
S1-720915798,S3-196811479,S3,Denoor Therapy Inc,Denoor  Therapy Inc | www.denoorth.com,"10216 Woodbridge Drive, Little Rock, AR","Liittle ROCK, 10216b Woodbridge Drive, Arkansas",US,US,False,False,False,False,True,False,False,False,False,0.42857142857142855,0.3333333333333333,0.5161290322580645,0.5918367346938775,0.4864864864864865,0.4222222222222223,False,False
S1-110193514,S3-689319065,S3,Sunrise Technology Pvt Ltd,Sunrise टेक्नोलॉजी प्रा. लि.,"C/O Subodh Mishra, Muzaffarpur, Tola Ward 4, Muzaffarpur, Bihar","Muzaffarpur, BR, C/o Subodh Mishra, Muzaffarpur",India,India,False,False,False,False,True,False,False,False,False,0.14285714285714285,0.5,0.14285714285714285,0.58,0.34615384615384615,0.30508474576271183,False,False
S1-64475417,S2-49073497,S2,Surgical Modern Associates,Surgical Módern Associates,"1728 Cypress Street, Norfolk City, VA","1728- CYPRESS ST, NORFOLK CITY, VA",US,US,False,False,False,False,True,False,False,False,False,0.5,0.7142857142857143,0.7777777777777778,0.8235294117647058,0.9615384615384616,0.8857142857142857,False,False
S1-410552596,S2-538810431,S2,Perry Floating,Jaxwex,"UT, 999 Eliason Avenue, Brigham City","999 ELIASNO AVENUE, <NULL>, BRIGHAM CITY, UT",US,US,False,False,False,False,True,False,False,False,False,0.0,0.625,0.0,0.5106382978723404,0.0714285714285714,0.6341463414634146,False,False
S1-118582655,S2-866423889,S2,Aparna Brothers Company,Aparna Br0thers Company,"Nu-10B, D-47, Gandhidham, Kachchh, Gujarat","NU-10B, D-47, GANDHIDHAM, Gujarat",India,India,False,False,False,False,True,False,False,False,False,0.5,0.8571428571428571,0.75,0.7297297297297297,0.9565217391304348,0.7894736842105263,False,False
S1-789499498,S2-740512359,S2,Surgical Center LLC,SURGICAL-CENTER,"15550 Thistle Drive, Fountain Hills, AZ",,US,US,False,False,False,False,True,False,False,False,False,0.6666666666666666,0.0,0.7647058823529411,0.0,0.7894736842105263,0.0,False,True
S1-875251203,S3-821290227,S3,Dream Consultants Private Limited,டிரீம் கன்சல்டன்ட்ஸ் பிரைவேட் லிமிடெட்,"K-54, Anna Nagar East, Chennai, Tamil Nadu","K-54, Anna Nagar East, Chennai, TN",India,India,False,False,False,False,True,False,False,False,False,0.0,0.6666666666666666,0.0,0.75,0.07894736842105265,0.7948717948717949,False,False
S1-599369235,S3-766261035,S3,"IC Silver Auto, LLC","Lc Silver Auto, LLC","4280 Kress Drive, Bellefontaine, OH","280 Kress Drive, Liberty Twp, Ohio",US,US,False,False,False,False,True,False,False,False,False,0.6,0.2222222222222222,0.8823529411764706,0.32608695652173914,0.9444444444444444,0.5454545454545454,False,False
S1-568187686,S2-308520060,S2,LA Solutions Private Limited,LA SOLUTIONS LIMITED PRIVATE,"Re/1 V I P Road, Kolkata, Calcutta, West Bengal","RE/1 V I P ROAD, KOLKATA, West Bengal",India,India,False,False,False,False,True,False,False,False,False,1.0,0.9,0.7931034482758621,0.8048780487804879,0.6428571428571428,0.7954545454545454,False,False
S1-683732595,S3-418140483,S3,Anchor Mortgage Concepts,Anch0r Mórtgage Concepts Corporation,"13272 Watson Lane, Surprise, AZ","13272 Watson Lane, Surprise, Arizona",US,US,False,False,False,False,True,False,False,False,False,0.16666666666666666,0.6666666666666666,0.41025641025641024,0.7878787878787878,0.6111111111111112,0.8529411764705882,False,False
S1-913986140,S3-40550648,S3,Sree Power Private Limited,Sree Power Private Ltd,"P.No.259, Chandisar Gidc, Chandisar, Tal. Palanpur, Palanpur, Banaskantha, Gujarat","P.no.259, Chandisar Gidc, Chandisar, Tal. Palanpur, Palanpur, Banas Kantha, GJ",India,India,False,False,False,False,True,False,False,False,False,0.6,0.5833333333333334,0.6923076923076923,0.8,0.8461538461538461,0.92,False,False
S1-506372358,S3-552990028,S3,South Regional Sachs,South  Regional Sachs Corp,"1888 22B, Schuyler Falls, NY","##1888 22B, Schuyler Falls, New York",US,US,False,False,False,False,True,False,False,False,False,0.75,0.5714285714285714,0.782608695652174,0.7419354838709677,0.8,0.8125,False,False
S1-352696993,S3-716259983,S3,Shankar Global,Shri Shankar Global Company,"Eta-1, Greater Noida, Uttar Pradesh, C-161, Noida, Gautam Buddha Nagar","Hn 816 C-161, Eta-1, Greater Noida, Gautam Buddha Nagar, Noida, उत्तर प्रदेश",India,India,False,False,False,False,True,False,False,False,False,0.5,0.6,0.48,0.5512820512820513,0.5185185185185186,0.352112676056338,False,False
S1-686290294,S2-877632725,S2,ES Crystal Prime LLC,ES Crystal Prime,"1256 Hazelwood Avenue, Akron, OH",,US,US,False,False,False,False,True,False,False,False,False,0.75,0.0,0.7777777777777778,0.0,0.8,0.0,False,True
S1-14008981,S3-883978119,S3,Om Logistics,Om Logistics Company,"Mig-88, 2Nd Floor, Near Prime Hospital Road No:1, Kphb Coony, Kukatpally, Hyderabad, Telangana","Mig-c-88, Kukatpally, Medchal Malkajgiri, తెలంగాణ",India,India,False,False,False,False,True,False,False,False,False,0.6666666666666666,0.15789473684210525,0.5555555555555556,0.13157894736842105,0.6,0.19318181818181823,False,False
S1-947314671,S3-830802787,S3,Madhuvan Transportprivate Private Limited,Madhuvan Transportprivate Private Ltd,"Tc 7/2012, Ug 69A, 1St Floor Ulloor Gardens, Medical College, Thiruvananthapuram, Trivandrum, Kerala","No. ##89 Tc 7/2012, Ug 69A, 1St Floor Ulloor Gardens, Medical College, Thiruvananthapuram, Trivandrum, KL",India,India,False,False,False,False,True,False,False,False,False,0.6,0.7647058823529411,0.7714285714285715,0.8736842105263158,0.9024390243902439,0.8958333333333334,False,False
S1-884375449,S2-976036970,S2,"Heyward, Miller & Vargas Twin LLC","Heyward, Miller + Vargas Twin","150 Cornerstone Drive, Unit 204, Cary, NC","150-D CORNERSTONE DRIVE, CARY, NC",US,US,False,False,False,False,True,False,False,False,False,0.6666666666666666,0.625,0.7419354838709677,0.625,0.8,0.7105263157894737,False,False
S1-336517340,S2-980171141,S2,Anna-Maria Curro Diamond End Inc.,ANNA-MARIA CUROR DIAMOND END INC.,"1464 Road 160, Emporia, KS","1464 RAD 160, EMPORIA, KS",US,US,False,False,False,False,True,False,False,False,False,0.7142857142857143,0.6666666666666666,0.7575757575757576,0.7916666666666666,0.9375,0.9583333333333334,False,False
S1-464435619,S3-81664145,S3,Yamuan Industries Pvt. Ltd.,yamuanindustries.com,"Office No. 405, Cts-3652 Winner Court Pl-23 Sahani Rd Sujan Park Lulla Ngr, Pune, Maharashtra","Office No. 405, Pune, MH",India,India,False,False,False,False,True,False,False,False,False,0.0,0.2222222222222222,0.4642857142857143,0.19318181818181818,0.6799999999999999,0.2359550561797753,False,False
S1-114840669,S3-109177315,S3,Vijay Ventures Private Limited,Vijay ভেঞ্চারস প্রাইভেট লিমিটেড,"14A, 5Th Floor Fmc Fortuna 234/3A Ajc Bose Road, Kolkata, Kolkata, Howrah, West Bengal","014A, 5Th Floor Fmc Fortuna 234/3A Ajc Bose Road, Kolkata, Kolkata, Paddapukur, WB",India,India,False,False,False,False,True,False,False,False,False,0.14285714285714285,0.5882352941176471,0.07547169811320754,0.627906976744186,0.25806451612903225,0.7901234567901234,False,False
S1-558406453,S3-221629056,S3,Supreme Developers Private Limited,private supreme developers limited,"V.Po.Kanganwal G.T. Road, Ludhiana, Punjab","Ludhiana, V.po.kanganwal G.t. Road, ਪੰਜਾਬ",India,India,False,False,False,False,True,False,False,False,False,1.0,0.7777777777777778,0.8285714285714286,0.6590909090909091,0.5294117647058824,0.3846153846153846,False,False
S1-816929382,S3-931494370,S3,Guru Industries Private Limited,Guru Industries  Private,"Sr. No. 681, Gavhane Wasti, Bhosari, Pune, Maharashtra","Sr. No. 681, Bhosari, Pune, MH",India,India,False,False,False,False,True,False,False,False,False,0.75,0.5555555555555556,0.7241379310344828,0.44680851063829785,0.7419354838709677,0.5208333333333333,False,False
S1-252232737,S3-426556099,S3,Excellent Green Private Limited,Excellent Private Limited [Center],"No 102, Butt Road St Thomas Mount, Chennai, Tamil Nadu","Door No 102, Butt Road St Thomas Mount, Kancheepuram, Chennai, TN",India,India,False,False,False,False,True,False,False,False,False,0.6,0.6153846153846154,0.6111111111111112,0.5735294117647058,0.59375,0.6229508196721312,False,False
S1-772838059,S3-893100809,S3,Developers Vero India Private Limited,deve1opers vero india private limited,"Syno 64, B No 9, 13Th Floor, Krc Mind Space, Shaikpet, Hyderabad, Telangana","H.no 504 Syno 64, B No 9, 13Th Floor, Krc Mind Space, Shaikpet, Hyderabad, తెలంగాణ",India,India,False,False,False,False,True,False,False,False,False,0.6666666666666666,0.75,0.8421052631578947,0.7125,0.972972972972973,0.7631578947368421,False,False
S1-448949437,S2-613301306,S2,Laughlin Wen Inc,LAUGHLIN WEN,"Lakeville, MN, 17671 Hyde Park Avenue","17671 HYDE PARK AVENUE, LAKEVILLE, MN",US,US,False,False,False,False,True,False,False,False,False,0.6666666666666666,1.0,0.7142857142857143,0.8333333333333334,0.75,0.2571428571428571,False,False
S1-196186860,S2-289351441,S2,Cybele & Sons Limited,Cybele + Sons,"Seth Maneksha Ardeshir Patel Co-Op Housing Society Limited, Paliram Road, Opp B M C., K- We, St Ward, Andheri West Mumbai, Mumbai City, Maharashtra","SETH MANEKSHA ARDESHIR PATEL CO-OP HOUSING SOCIETY LIMITED, PALIRAM ROAD, OPP B M C., K- WE, ST WARD, ANDHERI WEST MUMBAI, Maharashtra",India,India,False,False,False,False,True,False,False,False,False,0.5,0.9583333333333334,0.4,0.959349593495935,0.4736842105263158,0.9130434782608696,False,False
S1-306896981,S2-894087991,S2,Raven,Raven Center,"6480 Merle Hay Road, Unit Unit 211, Johnston, IA","6480 MEREL HAY RD, JOHNSTON, IA",US,US,False,False,False,False,True,False,False,False,False,0.5,0.4,0.3,0.43478260869565216,0.41666666666666663,0.6,False,False
S1-580084219,S2-956961299,S2,Moody Beyond,Moody Beyond Ltd,"112 Salt Works Road, Palestine, TX","SALT WORKS RD, PALESTINE, TX",US,US,False,False,False,False,True,False,False,False,False,0.6666666666666666,0.5714285714285714,0.7142857142857143,0.6875,0.75,0.8125,False,False
S1-250438736,S3-317956146,S3,# 6 UT Manulife,# Six UT Manulife,"5850 University Drive, Huntsville, AL","Huntsville, Alabama, 5850- University Dr",US,US,False,False,False,False,True,False,False,False,False,0.5,0.42857142857142855,0.7142857142857143,0.675,0.8,0.10810810810810811,False,False
S1-110694261,S3-123834373,S3,Capital Federation,Capital Federation LLC,"6834 Flute Street, Fl 1, Lacey, WA","6834 Flute Saint, Fl 1, Lacey, Washington",US,US,False,False,False,False,True,False,False,False,False,0.6666666666666666,0.5555555555555556,0.8,0.5365853658536586,0.8181818181818181,0.6842105263157895,False,False
S1-346478859,S2-6808059,S2,Kea LLC,Kea,"8307 Flora Avenue, Fl 0, Saint Louis, MO","8307 FLORA AVE, SAINT LOUIS, MO",US,US,False,False,False,False,True,False,False,False,False,0.5,0.5555555555555556,0.2,0.6944444444444444,0.4285714285714286,0.7837837837837838,False,False
S1-639776400,S3-732742735,S3,Baba Innovations Pvt. Ltd.,Baba Innovations Pvt.,"Vg-12, Pruksa Silvana, Bommenahalli, Bangalore North, Bangalore, Karnataka","Vg-##12, Pruksa Silvana, Bommenahalli, Bangalore, Bangalore North, KA",India,India,False,False,False,False,True,False,False,False,False,0.75,0.7777777777777778,0.8181818181818182,0.8166666666666667,0.8333333333333334,0.8260869565217391,False,False
S1-952399472,S3-167460370,S3,Global Center (India) Group,Global Center,"Flat No 1354 Pocket C1, Vasant Kunj, South Delhi, Delhi","Flat No 1354 Pocket C1, Vasant Kunj, South Delhi, DL",India,India,False,False,False,False,True,False,False,False,False,0.5,0.9,0.4782608695652174,0.9787234042553191,0.52,0.9423076923076923,False,False
S1-392587010,S3-700841122,S3,Ahmedabad Chits Private Limited,Ahmedabad Cdtts Private Limited,"301, Trinity Complex Hebatpur Road, Thaltej, Ahmedabad, Gujarat","301, Ahmedabad, GJ",India,India,False,False,False,False,True,False,False,False,False,0.6,0.2222222222222222,0.7575757575757576,0.20689655172413793,0.935483870967742,0.27118644067796616,False,False
S1-992908808,S3-772477311,S3,"Joni E. Martinez, D.D.S.",Joniemartinez.Com,"6316 Horseshoe Drive, Raleigh, NC","North Carolina, 006316 Horseshoe Drive, Raleigh",US,US,False,False,False,False,True,False,False,False,False,0.0,0.375,0.375,0.5652173913043478,0.6666666666666667,0.5555555555555556,False,False
S1-851672780,S3-430800043,S3,Colonial Dynamic Quest LLC,Orbifaye,"72 Main Street, Salamanca, NY","72 Main Street, Salamanca, New York",US,US,False,False,False,False,True,False,False,False,False,0.0,0.5714285714285714,0.0,0.75,0.15384615384615385,0.8181818181818181,False,False
S1-971233587,S3-324549182,S3,Johnson City America,Johnson City America Corporation,"200 Valley Drive W, Johnson City, TX","200 Valley Dr W, Johnson City, Texas",US,US,False,False,False,False,True,False,False,False,False,0.75,0.5555555555555556,0.6,0.6842105263157895,0.625,0.8235294117647058,False,False
S1-664627295,S2-54823766,S2,Buddy Business Limited,Buddy Business Ltd,"305, 3Rd Floor, Kaushalya Estate, Bander Bagicha, Dak Banglow Road, Patna, Bihar",,India,India,False,False,False,False,True,False,False,False,False,0.5,0.0,0.6363636363636364,0.0,0.8181818181818181,0.0,False,True
S1-763386006,S2-5803389,S2,Unified Harvard LLC,Unified Harvard,"OH, 313 Girard Avenue, Canton","313 GIRARD AVENUE, CANTON, OH",US,US,False,False,False,False,True,False,False,False,False,0.6666666666666666,1.0,0.7647058823529411,0.7857142857142857,0.7894736842105263,0.7777777777777778,False,False
S1-694010900,S2-159129625,S2,Cole Silver Maintenance Inc,Cole Snvlerr Maintenance Inc,"2511 Park Avenue, Johnson City, TN","##2511 PARK AVE, JOHNSON CITY, TN",US,US,False,False,False,False,True,False,False,False,False,0.6,0.7142857142857143,0.59375,0.8387096774193549,0.8571428571428572,0.90625,False,False
S1-650344736,S2-723235328,S2,Stem Trading Corporation,Smt Onyxriza #74871,"Unitno14Agroundfloorvipul, Dlf Qe, Agora Mg Road Gurgaon, Haryana, Gurgaon","UNITNO14AGROUNDFLOORVIPUL, AGORA MG ROAD GURGAON, DLF QE, GURGAON, हरियाणा",India,India,False,False,False,False,True,False,False,False,False,0.0,0.7777777777777778,0.0,0.7083333333333334,0.16666666666666663,0.6857142857142857,False,False
S1-494665234,S3-748568309,S3,4631 Mountain View Court Holdings LLC,LLC 4631 Mountain View Court Holdings,"3700 Collin Street, Fort Worth, TX","3700 Collin Saint, Ft Worth, Texas",US,US,False,False,False,False,True,False,False,False,False,1.0,0.3333333333333333,0.8421052631578947,0.475,0.7837837837837838,0.71875,False,False
S1-973066545,S3-808323149,S3,Sanand Investment Private Limited,Sanand Private Limited Services,"Survey No.437, Shed No.5, Sanket Industrial Estate, Sanand, Ahmedabad, Gujarat","Survey No.437, Shed No.5, Sanket Industrial Estate, Sanand, Ahmedabad, GJ",India,India,False,False,False,False,True,False,False,False,False,0.6,0.8333333333333334,0.4634146341463415,0.8970588235294118,0.4242424242424242,0.9315068493150684,False,False
S1-558789564,S2-846139032,S2,Digital Consulting Pvt Ltd,डिजिटल कंसल्टिंग प्रा. लि.,"Gala No. 48, Rajprabha Landmark, Ind Estate, Vasai, Palghar, Vasai-Virar City, Vasai, Thane, Maharashtra","GALA NO. 48, THANE, VASAI, Maharashtra",India,India,False,False,False,False,True,False,False,False,False,0.0,0.46153846153846156,0.0,0.3614457831325301,0.07692307692307687,0.34736842105263155,False,False
S1-994236666,S3-219195969,S3,Bhawani Nidhi Private Limited,Iriorbi dba Bhawani Nidhi Private Limited,"Sector-F, Lda Sitapur Road Scheme, Jankipuram, Lucknow, Uttar Pradesh, Plot No. B-2/98, Lucknow","Plot No. B-2/98, Sector-F, Lda Sitapur Road Scheme, Jankipuram, Lucknow, Uttar Pradesh",India,India,False,False,False,False,True,False,False,False,False,0.6666666666666666,1.0,0.6923076923076923,0.9259259259259259,0.7073170731707317,0.5681818181818181,False,False
S1-59823805,S2-465390370,S2,Eastern Infrastructure Private Limited,Eastern Infrastructure Private Ltd,"Flat 3 Yashopuram Building B/2, S. No, 265/3 Chinchwad, Pune City, Pune, Maharashtra","FLAT #3 YASHOPURAM BUILDING B/2, S. NO, 265/3 CHINCHWAD, PUNE CITY, Maharashtra",India,India,False,False,False,False,True,False,False,False,False,0.6,1.0,0.7837837837837838,0.9577464788732394,0.8947368421052632,0.9358974358974359,False,False
S1-769651947,S2-476634865,S2,Shree Trading Pvt Ltd,Shri Shree Tairdgn Pvt Ltd,"House No. 103, Uttar Pradesh, Gautam Buddha Nagar, Noida, 1St Floor Tower 2, Grand Forte Society, Sigma -4","HOUSE NO. 0103, 1ST FLOOR TOWER 2, GRAND FORTE SOCIETY, SIGMA -4, NOIDA, Uttar Pradesh",India,India,False,False,False,False,True,False,False,False,False,0.5,0.7368421052631579,0.3548387096774194,0.6831683168316832,0.6153846153846154,0.37755102040816324,False,False
S1-222776829,S3-311642734,S3,Onyx Fisheries LLC,Onyx Fisheries,"9563 Kilwood Court, Orangevale, CA","9563 Kilwood Ct, Orangevale, California",US,US,False,False,False,False,True,False,False,False,False,0.6666666666666666,0.42857142857142855,0.75,0.625,0.7777777777777778,0.7027027027027026,False,False
S1-882511170,S2-577204357,S2,Killeen Clear Daedalus,Killeen Daedalus Clear,"3510 Sands Lane, Killeen, TX","TX, KILLEEN, 3510 SANDS LANE",US,US,False,False,False,False,True,False,False,False,False,1.0,1.0,0.7391304347826086,0.7142857142857143,0.4545454545454546,0.15384615384615385,False,False
S1-689796879,S2-81853996,S2,Veterans Federation,Veterans,"Wilmington, 1114 Anchors Bend Way, NC","1114 ANCHORS BEND WAY, WILMINGTON, NC",US,US,False,False,False,False,True,False,False,False,False,0.5,1.0,0.375,0.8333333333333334,0.42105263157894735,0.37142857142857144,False,False
S1-213731896,S2-296242381,S2,"Walters, Leora, CPA","Walters, Leora, CPA Co","1382 Forest Trail Drive, Bandera, TX","##1382 FOREST TRAIL DR, BANDERA, TX",US,US,False,False,False,False,True,False,False,False,False,0.75,0.7142857142857143,0.8823529411764706,0.7941176470588235,0.85,0.9117647058823529,False,False
S1-217543549,S3-966407186,S3,Southern Atlantic Printing Inc,Southern Atlantic Inc Printing,"AR, 914 Elizabeth Cove, Marion","Elizabeth Cv, Marion, Arkansas",US,US,False,False,False,False,True,False,False,False,False,1.0,0.2857142857142857,0.8620689655172413,0.3684210526315789,0.7333333333333334,0.3571428571428571,False,False
S1-512835028,S2-891476661,S2,Hima Industries,Hima (Indoutsries),"Mewat, H.No.154 Main Gali Near Masjid Vill. Otha Nuh, Haryana","Haryana, ##154 MAIN GALI NEAR MASJID VILL. OTHA NUH, MEWAT",India,India,False,False,False,False,True,False,False,False,False,0.3333333333333333,0.8333333333333334,0.42105263157894735,0.7796610169491526,0.8125,0.7586206896551724,False,False
S1-544499729,S3-812697074,S3,Orthopedic Unified Specialists Inc,Orthopedic Unified,"1806 1st Street, Unit 6C, Greenville, NC","First Street, PO Box 612, Greenville, North Carolina",US,US,False,False,False,False,True,False,False,False,False,0.5,0.15384615384615385,0.5,0.2903225806451613,0.5294117647058824,0.4693877551020408,False,False
S1-759108494,S3-37715826,S3,"1488 Seventh Ave Apartments, Inc","1488 Seventh Ave lnc Inc Apartments,","414 Crawford Street, Paris, IL",,US,US,False,False,False,False,True,False,False,False,False,0.8333333333333334,0.0,0.7352941176470589,0.0,0.6571428571428571,0.0,False,True
S1-36664431,S2-998292051,S2,Custom Cannabis,CUSTOM CENTER,"KY, 207 Garden Gate Drive, Berea","207 GARDEN GATE DR, BEREA, KY",US,US,False,False,False,False,True,False,False,False,False,0.3333333333333333,0.7142857142857143,0.3333333333333333,0.59375,0.6,0.7,False,False
S1-965428211,S2-208065150,S2,Bright Better Metal of Tremonton,Bright Better Metal of,"880 Rocket Road, Tremonton, UT","880 ROCKET ROAD, TRMONTON, UT",US,US,False,False,False,False,True,False,False,False,False,0.8,0.6666666666666666,0.6666666666666666,0.8148148148148148,0.6875,0.9642857142857143,False,False
S1-366694310,S2-836058794,S2,Delta Metals LLC,Delta Metals,"306 E Lucas St, Algona, IA","306 EAST LUCAS ST, ALGONA, IA",US,US,False,False,False,False,True,False,False,False,False,0.6666666666666666,0.7142857142857143,0.7142857142857143,0.7692307692307693,0.75,0.8888888888888888,False,False
S1-51044101,S3-503689618,S3,Fink Prairie Pgim LLC,Beloiriio fka Fink Prairie Pgim LLC,"KY, 1035 Mt Zion Road, Union","1035 Mt Zion Road, Union, KY",US,US,False,False,False,False,True,False,False,False,False,0.6666666666666666,1.0,0.59375,0.8,0.6,0.7692307692307692,False,False
S1-662730996,S2-571023689,S2,East Impex Pvt Ltd,East Impex (Pvt),"Kalgidhar Textile Mill Compound, Nr. Kashiram Mill, Hotel Good Luck Lane, Narol Chandola Roa, D, Narol, Ahmedabad, Gujarat","KALGIDHAR TEXTILE MILL COMPOUND, NR. KASHIRAM MILL, HOTEL GOOD LUCK LANE, NAROL CHANDOLA ROA, D, NAROL, AHMEDABAD, ગુજરાત",India,India,False,False,False,False,True,False,False,False,False,0.75,0.8823529411764706,0.75,0.8785046728971962,0.7777777777777778,0.9385964912280702,False,False
S1-616991576,S2-382601780,S2,Prairie Charities Center,PRAIRIE CHARITIES,"16876 Island Terrace, Lakeville, MN","16876 ISLAND TER, MN, LAKEVILLE",US,US,False,False,False,False,True,False,False,False,False,0.6666666666666666,0.6666666666666666,0.6818181818181818,0.6571428571428571,0.7083333333333333,0.7878787878787878,False,False
S1-597543884,S3-429453262,S3,Myers Custom Pattana Co,Myers Custom Pattana,"2 Gray Avenue, Unit Apartment 1, Saco, ME","Gray Ave, Unit Apartment 1, Saco, Maine",US,US,False,False,False,False,True,False,False,False,False,0.75,0.5,0.8571428571428571,0.7073170731707317,0.8695652173913043,0.7894736842105263,False,False
S1-853554686,S2-931061635,S2,As Infotech Ltd,As  Infotech,"House No. H-78/8A, F/F Batla House, Jamia Nagar, Okhla, New Delhi, South Delhi, Delhi","HOUSE NO. H-#78/8A, F/F BATLA HOUSE, JAMIA NAGAR, OKHLA, NEW DELHI, Delhi",India,India,False,False,False,False,True,False,False,False,False,0.6666666666666666,0.9230769230769231,0.6923076923076923,0.8833333333333333,0.7333333333333334,0.8461538461538461,False,False
S1-851786518,S3-253768067,S3,Hogan Strategic Lightwave,Hogan Strategic,"16196 Mauna Loa Lane, Surprise, AZ","16196 Manua Loa Ln, <NULL>, Surprise, Arizona",US,US,False,False,False,False,True,False,False,False,False,0.6666666666666666,0.3,0.5652173913043478,0.3877551020408163,0.6,0.6666666666666667,False,False
S1-825481596,S2-689399817,S2,Hutchinson Endocrinology,Hutchinson Éndocrinology,"742 Rockwood Street, Springfield, MO","742- ROCKWOOD ST, MO, SPPRINGFIELD",US,US,False,False,False,False,True,False,False,False,False,0.3333333333333333,0.42857142857142855,0.76,0.6052631578947368,0.9583333333333334,0.7647058823529411,False,False
S1-6815488,S2-977671495,S2,Mega Hospital Private Limited,MEGA HOSPITAL LIMITED CENTER,"H No 195B, Jite, Pen, Pen, Raigarh(Mh), Maharashtra","NO 195B , JITE, PEN, PEN, Maharashtra",India,India,False,False,False,False,True,False,False,False,False,0.6,0.625,0.5142857142857142,0.65,0.6551724137931034,0.7111111111111111,False,False
S1-532613456,S3-800130131,S3,Devaksh Tradecomm Private Limited,Devaksh Tradec0mm Private  Limited,"Sno 54/1/20 Pragati Gardeen Badhe Wasti, Mundhwa H Aveli Pune Mundhawa, Pune City, Pune, Maharashtra","Sno 54/1/20/9 Pragati Gardeen Badhe Wasti, Mundhwa H Aveli Pune Mundhawa, Pune, Pune City, MH",India,India,False,False,False,False,True,False,False,False,False,0.6,0.8235294117647058,0.8235294117647058,0.788235294117647,0.9696969696969697,0.8229166666666666,False,False
S1-237190021,S3-71653348,S3,Division of Education Corp,Division Of Education Corp [Association],"9450 Cabela Drive, Unit 2146, Glendale, AZ","9450 Cabela Drive, # 2146, Glendale, Arizona",US,US,False,False,False,False,True,False,False,False,False,0.8,0.625,0.7096774193548387,0.6818181818181818,0.6842105263157895,0.7435897435897436,False,False
S1-777581216,S2-395754808,S2,Kristine's Unified Studios,Kristine's Uamnified Studios,"35 Division Street, Milford, NY","35  DIVISION ST, MILFORD, NY",US,US,False,False,False,False,True,False,False,False,False,0.6,0.6666666666666666,0.7857142857142857,0.7857142857142857,0.9285714285714286,0.8620689655172413,False,False
S1-764548117,S3-163906302,S3,Oncology Value Partners Corp,Oncology Value Partners Corporation,"1350 Callen Lane, Des Plaines, IL","Illinois, Des Plaines, 1350 Callen Ln",US,US,False,False,False,False,True,False,False,False,False,0.6,0.5,0.7878787878787878,0.5384615384615384,0.8,0.2857142857142857,False,False
S1-707533773,S3-163777317,S3,Forge Aspac LLC,Forge Ashac LLC,"2045 Fairfax Avenue, Hamilton, OH","2045 Fairfax Ave, Hamilton, Ohio",US,US,False,False,False,False,True,False,False,False,False,0.5,0.42857142857142855,0.625,0.78125,0.9333333333333333,0.8387096774193549,False,False
S1-704760949,S3-914424013,S3,NFM Electric Private Limited,NFM Electric Prívate-Limited,"256, 1St Flr, Banashankari, 6Th Stage, 1St Block, Bangalore South, Bangalore, Karnataka","0256, 1St Flr, Banashankari, 6Th Stage, 1St Block, Bangalore South, KA",India,India,False,False,False,False,True,False,False,False,False,0.6,0.6666666666666666,0.7931034482758621,0.84375,0.9642857142857143,0.775,False,False
S1-254940735,S3-67625707,S3,Orthopedic Clinic LLC,Orthopedic Clinic,"10632 Camino Circle, Mesa Desert, AZ","10632 Camino Circle, Mesa Desert, Arizona",US,US,False,False,False,False,True,False,False,False,False,0.6666666666666666,0.7142857142857143,0.8333333333333334,0.8157894736842105,0.8095238095238095,0.8717948717948718,False,False
S1-871666,S3-783468503,S3,Rager Medical Center,Noviorbi d/b/a Rager Medical Center,"UT, Layton, 1055 Jamie Matt Circle","1055 Jamie Matt Circle, Layton, UT",US,US,False,False,False,False,True,False,False,False,False,0.42857142857142855,1.0,0.5454545454545454,0.7647058823529411,0.5714285714285714,0.375,False,False
S1-777916735,S2-415365239,S2,Zhao & Drain Corp,Zhao & Dráin Córp,"111 Whitsett Road, Unit 13, Nashville, TN","00111 WHITSETT RD, NASHVILLE, TN",US,US,False,False,False,False,True,False,False,False,False,0.2,0.3333333333333333,0.3684210526315789,0.5609756097560976,0.8666666666666667,0.6842105263157895,False,False
S1-555114693,S3-230693118,S3,Choudhary Engineers Center,Choudhary Engineers Center Ltd,"Lucknow, 93 E Dalibagh Enclave, Uttar Pradesh, Lucknow, 202 Windsor Court 1","202 Windsor Court 1, 93 E Dalibagh Enclave, Lucknow, Shrawasti, UP",India,India,False,False,False,False,True,False,False,False,False,0.75,0.6923076923076923,0.8571428571428571,0.5769230769230769,0.8666666666666667,0.352112676056338,False,False
S1-774084818,S3-591233720,S3,Autism Assistance Charities,-- Autism Assisatcne  Charities,"5428 Frederick Avenue, Baltimore, MD","Baltimore, Frederick Avenue, Maryland",US,US,False,False,False,False,True,False,False,False,False,0.5,0.5,0.6129032258064516,0.625,0.8888888888888888,0.4571428571428572,False,False
S1-357708048,S3-297001293,S3,Lopez Frontier Packaging Inc,Lopez Packaging Inc Partners,"2433 Hanna Street, Fort Wayne, IN","2433 Hana St, Fort Wayne, Indiana",US,US,False,False,False,False,True,False,False,False,False,0.6,0.3333333333333333,0.45714285714285713,0.6285714285714286,0.3571428571428571,0.6774193548387097,False,False
S1-796316582,S2-645360348,S2,Interfaith Network,INTERFAITH NETWORK LP,"Unit Suite 120, 7601 Office Plaza Drive, West Des Moines, IA",,US,US,False,False,False,False,True,False,False,False,False,0.6666666666666666,0.0,0.8421052631578947,0.0,0.8571428571428572,0.0,False,True
S1-264646404,S2-827426314,S2,Bodyne Andretti,bodyneandretti.com,"Knoxville, IA, 707 Jefferson Street","707 JEFFERSON SHREET, KNOXIVLLE, IA",US,US,False,False,False,False,True,False,False,False,False,0.0,0.42857142857142855,0.5263157894736842,0.5121951219512195,0.7222222222222222,0.18181818181818177,False,False
S1-352443785,S2-59625507,S2,Green Consultancy Limited,గ్రీన్ కన్సల్టెన్సీ లిమిటెడ్,"1-10-73/2/9 4Th Floor Lumbini Arcade, Sardar Patel Road, Beside Baby Basket Store, Old Patigadda, Chikoti Garden, Secunderabad, Hyderabad, Telangana","DOOR NO 1-10-73/2/9/3 4TH FLOOR LUMBINI ARCADE, SARDAR PATEL ROAD, BESIDE BABY BASKET STORE, OLD PATIGADDA, CHIKOTI GARDEN, SECUNDERABAD, HYDERABAD, Telangana",India,India,False,False,False,False,True,False,False,False,False,0.0,0.8846153846153846,0.0,0.9259259259259259,0.0714285714285714,0.9337748344370861,False,False
S1-664399492,S3-442133895,S3,GY Vincom LLP,GY LLP Vincom,"A-3 B Wing Rajdin Apartment, Opp Acc Compound, Tm Hospital Road, Thane, Maharashtra","A-3 B Wing Rajdin Apartment, Thane, MH",India,India,False,False,False,False,True,False,False,False,False,1.0,0.4666666666666667,0.5714285714285714,0.41025641025641024,0.3846153846153846,0.45569620253164556,False,False
S1-20269839,S2-650660356,S2,Roanoke County Family Express Services,Roanoke County Family Express Services LLC,"2065 Tula Drive, Roanoke County, VA","ROANOKE COUNTY, TULA DR, VA",US,US,False,False,False,False,True,False,False,False,False,0.8333333333333334,0.5714285714285714,0.9,0.5882352941176471,0.9047619047619048,0.2727272727272727,False,False
S1-260141187,S2-539528736,S2,Stinson & Byrd P.C.,P.C. Stinson & 8yrd,"1814 Mississippi Street, Little Rock, AR","01814 MISSISSIPPI ST, LITTLE ROCK, AR",US,US,False,False,False,False,True,False,False,False,False,0.6,0.5,0.4,0.8055555555555556,0.4375,0.868421052631579,False,False
S1-905468754,S3-246382730,S3,Memorial Initiative,Memorial Initiative Corporation,"15475 Bollam Drive, OR, Clackamas","15475 Bollam Dr, Clackamas, Oregon",US,US,False,False,False,False,True,False,False,False,False,0.6666666666666666,0.42857142857142855,0.6071428571428571,0.6388888888888888,0.6129032258064516,0.59375,False,False
S1-459825839,S3-758400742,S3,Sitectech,Sitectech Ltd,"OH, Harrison, 104 Hopping Court","Harrison, 104 Hopping Court, Ohio",US,US,False,False,False,False,True,False,False,False,False,0.5,0.6666666666666666,0.6,0.75,0.6923076923076923,0.7419354838709677,False,False
S1-78778627,S2-666170949,S2,Helwig Precision Materials LLC,HELWIG  PRECISION LLC CENTER,"2407 Harbor Pass Drive, Pearland, TX","HARBOR PASS DRIVE, PEARALND, TX",US,US,False,False,False,False,True,False,False,False,False,0.6,0.5714285714285714,0.5142857142857142,0.6388888888888888,0.5666666666666667,0.7941176470588236,False,False
S1-352445368,S2-242256276,S2,Arnold's Medical,Arnold's Medical Federation,"3242 Noor Street, Dallas, TX","3244 Noor St, DALLAS, TX",US,US,False,False,False,False,True,False,False,False,False,0.75,0.42857142857142855,0.56,0.5714285714285714,0.5925925925925926,0.8076923076923077,False,False
S1-66181882,S2-850326756,S2,Bryant & Goss PC,Bryant & Goss Inc,"515 Tomahawk Island Drive, Unit C2, Portland, OR","OR, 515 TOMAHAWK ISLAND DRIVE, PORTLAND",US,US,False,False,False,False,True,False,False,False,False,0.5,0.75,0.6666666666666666,0.6590909090909091,0.8666666666666667,0.6888888888888889,False,False
S1-257516296,S3-941984310,S3,Lucknow Technologies Private Limited,Lucknow  Technologies Piraate Limited,"Esi 495 Sector A Stp Rd Mahayojna, Lucknow, Uttar Pradesh","Esi 495 Sector A Stp Rd Mahayojna, Lucknoq, Lucknow, उत्तर प्रदेश",India,India,False,False,False,False,True,False,False,False,False,0.6,0.6153846153846154,0.7435897435897436,0.5882352941176471,0.9166666666666666,0.6935483870967742,False,False
S1-27151853,S3-633706892,S3,Highland Management Inc,Highland Managmcet  Inc,"40 State Street, Troy, NY","40-42 State Street, Troy, New York",US,US,False,False,False,False,True,False,False,False,False,0.5,0.5,0.5769230769230769,0.5806451612903226,0.8695652173913043,0.71875,False,False
S1-279573570,S3-202269491,S3,New Swastik Foods Private Limited,न्यू स्वस्तिक फूड्स प्राइवेट लिमिटेड,"378 South Avenue, Baratpur South Avenue, Rampur, Uttar Pradesh","#378. South Avenue, Baratpur South Avenue, Rampur, UP",India,India,False,False,False,False,True,False,False,False,False,0.0,0.625,0.0,0.7045454545454546,0.11111111111111116,0.8135593220338984,False,False
S1-448865095,S2-796061555,S2,"Odilia B. Green, D.D.S.","Odilia B. Green, D.D.S. Corp","Unit 21, MA, Boston, 31 Spring Street","31 SPRING ST, W. ROXBURY, MA",US,US,False,False,False,False,True,False,False,False,False,0.8333333333333334,0.3,0.7727272727272727,0.25,0.8,0.17647058823529416,False,False
S1-952920896,S3-714015443,S3,Lucknow Services Pvt Ltd,lucknowservices.com,"Plot No 38, Bhagwan Das, Alok Puri Kalyanpur Lko, Lucknow, Uttar Pradesh","Bhagwan Das, Alok Puri Kalyanpur Lko, उत्तर प्रदेश, Lucknow, Door No B3/38, Lucknow",India,India,False,False,False,False,True,False,False,False,False,0.0,0.5625,0.4444444444444444,0.4888888888888889,0.6666666666666667,0.4358974358974359,False,False
S1-350725675,S2-374417330,S2,Harpreet Traders Pvt. Ltd.,Harpreet Tradras Pvt. Ltd.,"115, Amarnath Avenue, Indore Road, Ujjain, Madhya Pradesh",,India,India,False,False,False,False,True,False,False,False,False,0.6,0.0,0.6923076923076923,0.0,0.9166666666666666,0.0,False,True
S1-819852863,S3-277189335,S3,V W Smith Elm LLC,L.L.C. V W Smith Elm,"111 Atlantic Walk, Saltaire, NY","Atlantic Walk, Saltaire, New York",US,US,False,False,False,False,True,False,False,False,False,0.5714285714285714,0.42857142857142855,0.5238095238095238,0.6470588235294118,0.4736842105263158,0.6774193548387097,False,False
S1-798572405,S3-859924812,S3,UKB Hospital Private Limited,UKB Hospital,"No. 224, 3Rd Floor, #80/3, Vijinapur Village, Old Madras Road K R Puram Hobli, Bengaluru (Ksn), Bangalore North, Bangalore, Karnataka","No 224, 3Rd Floor, #80/3, Vijinapur Village, Old Madras Road K R Puram Hobli, Bengaluru (Ksn), Bangalore North, Bangalore, KA",India,India,False,False,False,False,True,False,False,False,False,0.5,0.9047619047619048,0.38461538461538464,0.9339622641509434,0.4285714285714286,0.9421487603305785,False,False
S1-831135509,S3-899909983,S3,Garcia Maywood,Garcia Maywobd,"Buffalo, MN, 706 6th Avenue","706 6th Avenue, Buffalo CDP, Minnesota",US,US,False,False,False,False,True,False,False,False,False,0.3333333333333333,0.5714285714285714,0.7142857142857143,0.46153846153846156,0.9285714285714286,0.16666666666666663,False,False
S1-384702770,S3-610458966,S3,Jr Polytechnic,Jr Po1ytechnic,"10, Amirnagar Co. Op. H. Soc., Kabir Chowk, Ahmadabad City, Ahmedabad, Gujarat","10, Amirnagar Co. Op. H. Soc., Kabir Chowk, Ahmadabad City, Ahmedabad, GJ",India,India,False,False,False,False,True,False,False,False,False,0.3333333333333333,0.8461538461538461,0.6,0.8852459016393442,0.9285714285714286,0.927536231884058,False,False
S1-569655272,S3-251168861,S3,Melany Thompson Metropolitan Fox L.L.C.,Melany Thompson Metropolitan Fox Llc,"911 Salter Path Road, Atlantic Beach, NC","Atlantic Beach CDP, 911 Salter Path Rd, North Carolina",US,US,False,False,False,False,True,False,False,False,False,0.5714285714285714,0.45454545454545453,0.8648648648648649,0.5,0.9473684210526316,0.32692307692307687,False,False
S1-90363529,S2-576336537,S2,Seven Tech Private Limited,7 TECH PRIVATE LIMITED,"No.38 A Block, 3Rd Street, Anna Nagar, Chennai, Tamil Nadu","NO 38 A BLOCK, 3RD STREET, ANNA NAGAR, VILLUPURAM, CHENNAI, Tamil Nadu",India,India,False,False,False,False,True,False,False,False,False,0.6,0.9166666666666666,0.76,0.7903225806451613,0.8076923076923077,0.8307692307692307,False,False
S1-748835556,S3-229670390,S3,Perez Metro Inc,Perez Inc Metro Metro,"9368 Redwood Lake Boulevard, Zachary City, LA",,US,US,False,False,False,False,True,False,False,False,False,1.0,0.0,0.6470588235294118,0.0,0.5714285714285714,0.0,False,True
S1-895025474,S2-230264221,S2,G W Cleveland Steers,G W-CLEVELAND STEERS LLC,"16 Fort Avenue, Unit APT 16, Baltimore, MD","16 FORT AVE, BALTIMORE, MD",US,US,False,False,False,False,True,False,False,False,False,0.8,0.5,0.8181818181818182,0.5405405405405406,0.8333333333333334,0.6153846153846154,False,False
S1-183318203,S2-84447909,S2,"Mccourt and Lester Golden, Inc","Mccourt and Lester Golden,","OH, Bethel, 2260 Dean Road","2260 DEAN RD, OH, BETHEL",US,US,False,False,False,False,True,False,False,False,False,0.8,0.6666666666666666,0.8518518518518519,0.6153846153846154,0.8620689655172413,0.16666666666666663,False,False
S1-669249037,S2-365233233,S2,Green Exports Private Limited,ग्रीन एक्सपोर्ट्स प्राइवेट लिमिटेड,"603, 6Th Floor, Maheshwari Niketan, Kolbad Road, Off L.B.S. Marg, Kolbad, Thane, Maharashtra","603, THANE, Maharashtra",India,India,False,False,False,False,True,False,False,False,False,0.0,0.21428571428571427,0.0,0.2465753424657534,0.08823529411764708,0.25,False,False
S1-48472312,S2-605230788,S2,Pune City Gas Private Limited,Pune City Gas Private (ID: 25423),"Rmheightssno81, 94And, 95Indirashanakar Nagari Pdrd, Pune City, Pune, Maharashtra","RMHEIGHTSSNO81, 94AND, 95INDIRASHANAKAR NAGARI PDRD, PUNE CITY, Maharashtra",India,India,False,False,False,False,True,False,False,False,False,0.5714285714285714,1.0,0.5714285714285714,0.9565217391304348,0.7333333333333334,0.9342105263157895,False,False
S1-61673974,S2-728464448,S2,Wildlife Coalition,WILDLIFE CMAITIOEN,"201 Tabernacle Street, Unit A406, St George City, UT","201 TABERNACLE STREET, ST. EGORGE, UT",US,US,False,False,False,False,True,False,False,False,False,0.3333333333333333,0.5,0.45454545454545453,0.4807692307692308,0.8333333333333334,0.653061224489796,False,False
S1-571917008,S3-972574620,S3,Cardiology Platinum Clinic,The Cardiology Platinum Clínic,"500 Rivulon Boulevard, Unit 3042, Gilbert, AZ",,US,US,False,False,False,False,True,False,False,False,False,0.4,0.0,0.6774193548387096,0.0,0.8333333333333334,0.0,False,True
S1-358755951,S3-987585023,S3,Ryder's Total Appliance,Ryder'S  Total Appliance Co,"32 Goldfinch Drive, Nantucket, MA","32 Goldfinch Drive, Nantucket, Massachusetts",US,US,False,False,False,False,True,False,False,False,False,0.8,0.6666666666666666,0.875,0.725,0.8846153846153846,0.7380952380952381,False,False
S1-49899691,S3-512068686,S3,Shiv Institute Private Limited,Shiv Private Institute Limited,"Alwar, Shahdod Industrial Area, F-28, Rajasthan, Tijara","F-28, Shahdod Industrial Area, Tijara, Alwar, RJ",India,India,False,False,False,False,True,False,False,False,False,1.0,0.7777777777777778,0.8620689655172413,0.625,0.6,0.607843137254902,False,False
S1-245699054,S3-673198776,S3,Jyotsna (India) Organics Private Limited,Jyotsna Limited Organics Private (India),"Plot Bearing Cts No 27A Pt, New Cts 502 Of Village Wadhavali, C G Marg, Chembur, Mumbai, Maharashtra","MH, Door No 522 Plot Bearing Cts No 27A Pt, Mumbai",India,India,False,False,False,False,True,False,False,False,False,1.0,0.35,0.8,0.29411764705882354,0.6842105263157895,0.2421052631578947,False,False
S1-121685985,S2-102931058,S2,Anchor Wholesale Systems LLC,Anchor Wholesale Technologies LLC,"532 Lightner Road, Port Clinton, OH","532 LIGHTNER RD, PORT CLINTON, OH",US,US,False,False,False,False,True,False,False,False,False,0.6,0.7142857142857143,0.46153846153846156,0.8181818181818182,0.6666666666666667,0.9393939393939394,False,False
S1-653827187,S2-876448230,S2,Constantina's Prairie Motors LLC,Llc Constantina's Prairie Motors,"2110 Lake Crest Drive, Snohomish, WA","2110 LAKE CREST DR, SNOHOMSIH CITY, WA",US,US,False,False,False,False,True,False,False,False,False,1.0,0.4444444444444444,0.8181818181818182,0.5,0.75,0.7222222222222222,False,False
S1-515994544,S2-131288574,S2,C & X Asia LLC,C & X Asia,"543 9th Street, Mcminnville, OR","543 9TH ST, MCMINNVILLE, OR",US,US,False,False,False,False,True,False,False,False,False,0.75,0.6666666666666666,0.6,0.7857142857142857,0.6666666666666667,0.8620689655172413,False,False
S1-287866892,S3-891050710,S3,Ujjaiya Enterprises Limited,Ujjaiya Entgerrises Limited,"C/O 1 By 22 Yamunapuram, Awasiya Yojan, Bulandshahr, Uttar Pradesh","C/o 1 By 22 Yamunapuram, Bulandshahr, Adaoli, UP",India,India,False,False,False,False,True,False,False,False,False,0.5,0.5384615384615384,0.6666666666666666,0.4647887323943662,0.9259259259259259,0.5873015873015873,False,False
S1-391099790,S3-831924957,S3,Royal Wealth Group PLLC,Royal Wealth Group P.L.L.C.,"119 Hermon Street, Unit 2, Winthrop, MA","119 Hermon St, Unit 2, Winthrop, Massachusetts",US,US,False,False,False,False,True,False,False,False,False,0.42857142857142855,0.5555555555555556,0.6923076923076923,0.6304347826086957,0.8846153846153846,0.6511627906976745,False,False
S1-321076252,S3-515799397,S3,My Consultants LLP,M/s My Consultants LLP,"House No. 725, Sector 19, Panchkula, Haryana","House No. 725, Panchkula, HR",India,India,False,False,False,False,True,False,False,False,False,0.6,0.5,0.8,0.525,0.8181818181818181,0.625,False,False
S1-191368398,S2-111044815,S2,Bharat Healthcare Limited,भारत हेल्थकेयर लिमिटेड,"22 Aakriti Apartments, 62, Indraprastha Extension, Delhi, East Delhi, Delhi","0022 AAKRITI APARTMENTS, DELHI, दिल्ली",India,India,False,False,False,False,True,False,False,False,False,0.0,0.3,0.0,0.373134328358209,0.07999999999999996,0.37142857142857144,False,False
S1-924645350,S2-687097609,S2,Bishnupur Realtors Pvt Ltd,Bishnupur Realtors  Pvt - 7446034794,"Village- Chandi, P O- Kanyanagar, P S- Bishnupur, South 24 Parganas, Bishnupur, South 24 Parganas, West Bengal","VILLAGE- CHANDI, P O- KANYANAGAR, P S- BISHNUPUR, SOUTH 24 PARGANAS, BISHNUPUR, পশ্চিমবঙ্গ",India,India,False,False,False,False,True,False,False,False,False,0.6,0.7692307692307693,0.6176470588235294,0.7341772151898734,0.696969696969697,0.7128712871287128,False,False
S1-751264985,S3-582101724,S3,Lara's Lending Inc,Inc Lara'S Lending,"8761 Dunlap Avenue, Lexington, MN","8761 Dunlap Ave, Lexington, Minnesota",US,US,False,False,False,False,True,False,False,False,False,1.0,0.42857142857142855,0.6842105263157895,0.631578947368421,0.5555555555555556,0.7142857142857143,False,False
S1-361728344,S2-439660511,S2,Midas Alloy Pvt. Ltd.,M/s Midas  Ay Pvt. Ltd. - 2617167185,"Sy6 Mr Prime, Bp Raju Marg, Whitefield Serilingampaly, Serilingampally, K.V.Rangareddy, Telangana","SY6 MR PRIME, BP RAJU MARG, WHITEFIELD SERILINGAMPALY, SERILINGAMPALLY, తెలంగాణ",India,India,False,False,False,False,True,False,False,False,False,0.375,0.6428571428571429,0.35294117647058826,0.6625,0.4193548387096774,0.7391304347826086,False,False
S1-297087341,S2-978093822,S2,Empire Universal LLC,Empire  Universa1 LLC,"827 Diligence Drive, Unit 210, Newport News City, VA","827C DILIGENCE DRIVE, NEWPORT NEWS CITY, VA",US,US,False,False,False,False,True,False,False,False,False,0.5,0.6,0.7142857142857143,0.673469387755102,0.95,0.7959183673469388,False,False
S1-523620384,S3-459984808,S3,ZDT Elite Sumitomo Inc,ZDT Elite Sumitomo,"305 Scott Drive, Englewood, OH","305 Scott Dr, Englewood, Ohio",US,US,False,False,False,False,True,False,False,False,False,0.75,0.42857142857142855,0.8,0.7,0.8181818181818181,0.8214285714285714,False,False
S1-946809253,S2-781261122,S2,"Lockwood Prime Tokyo, LLC","Lockwood Tokyo, LLC Center","111 Mimosa Drive, Midwest City, OK","111C MIMOSA DRIVE, OKLAHOMACITY, OK",US,US,False,False,False,False,True,False,False,False,False,0.6,0.375,0.5,0.43902439024390244,0.48,0.7272727272727273,False,False
S1-746442912,S3-431855028,S3,Jilli Hamann Valley Adamas Inc,Jilli Hamann Valley Adamas Incorporated,"OH, 11432 Dundee Drive, Hillsboro","Dundee Drive, Hillsboro, Ohio",US,US,False,False,False,False,True,False,False,False,False,0.6666666666666666,0.5,0.75,0.5882352941176471,0.7692307692307692,0.5483870967741935,False,False
S1-134680808,S3-803901485,S3,Onyx Cell,Onyx Cfhell,"1410 Orchard Knob Avenue, Chattanooga, TN","1410 Orchard Knob Avenue, Chattanooga, Tennessee",US,US,False,False,False,False,True,False,False,False,False,0.3333333333333333,0.7142857142857143,0.45454545454545453,0.7954545454545454,0.8181818181818181,0.8478260869565217,False,False
S1-752592892,S2-44591751,S2,Ace Global Pvt Ltd,ఏస్ గ్లోబల్ ప్రైవేట్ లిమిటెడ్,"F No. 102, P No. 952, Gafoor Nagar Vittal Rao Nagar, Madhapur, Hyderabad, Telangana","F NO. ##102, Andhra Pradesh, HYDERABAD",India,India,False,False,False,False,True,False,False,False,False,0.0,0.2857142857142857,0.0,0.18072289156626506,0.10344827586206895,0.35526315789473684,False,False
S1-955738567,S3-320861110,S3,Reyes Capital Southwest LLC,Reyes Cápital Southwest LLC,"1615 -110 General Booth Boulevard, Virginia Beach City, VA","1615 -110 General Booth Boulevard, Virginia Beach City, Virginia",US,US,False,False,False,False,True,False,False,False,False,0.6,0.8888888888888888,0.7857142857142857,0.9807692307692307,0.962962962962963,0.9016393442622951,False,False
S1-835067493,S3-607194004,S3,Smith Telefonica Associates,Smith Telefonica Associates Corporation,"23208 Hopi Street, Buckeye, AZ",,US,US,False,False,False,False,True,False,False,False,False,0.75,0.0,0.6756756756756757,0.0,0.6923076923076923,0.0,False,True
S1-679809389,S2-212241989,S2,Gold Investment Private Limited,गोल्ड इन्वेस्टमेंट प्राइवेट लिमिटेड,"126, Jyoti Nagar, Aurangabad, Maharashtra","Maharashtra, REGIONAL OFFICE AURANGABAD, HN 997 126, AURANGABAD",India,India,False,False,False,False,True,False,False,False,False,0.0,0.3333333333333333,0.0,0.328125,0.08571428571428574,0.33333333333333337,False,False
S1-334147211,S2-10322459,S2,Askar & Brothers Ltd,ASKAR and and,"20-6-30/2, Main Road, Ayodhya Nagar, Vijayawada, Krishna, Andhra Pradesh","HN ##205 20-6-30/2, MAIN ROAD, AYODHYA NAGAR, VIJAYAWADA, Andhra Pradesh",India,India,False,False,False,False,True,False,False,False,False,0.25,0.7857142857142857,0.19047619047619047,0.8028169014084507,0.4444444444444444,0.7761194029850746,False,False
S1-182509297,S3-185912279,S3,Vision Supreme Medicine LLC,Vision Surpeim Medicine LLC,"2353 Wilbur Road, Martinsville, IN","2353 Wilbur Rd, Indiana, Martinsvlle",US,US,False,False,False,False,True,False,False,False,False,0.6,0.25,0.5625,0.47619047619047616,0.8518518518518519,0.6470588235294117,False,False
S1-693219260,S3-312859623,S3,Shree Agro Private Limited,ಶ್ರೀ ಅಗ್ರೋ ಪ್ರೈವೇಟ್ ಲಿಮಿಟೆಡ್,"Shop No.344 Sfs 407 4Th, Stage, Yelahanka New Town, Bangalore North, Bangalore, Karnataka","Shop No.344 Sfs 407 4Th, Bangalore, Bangalore North, KA",India,India,False,False,False,False,True,False,False,False,False,0.0,0.5714285714285714,0.0,0.5068493150684932,0.0714285714285714,0.5595238095238095,False,False
S1-965022709,S3-566521229,S3,Kartikeya Events (India) Pvt. Ltd.,Dr Kartikeya Evees (India) Pvt. Ltd.,"Imratlal Balkishan Yadav Fauzdar Colony Rasuliya, Hoshangabad, Madhya Pradesh","Imratlal Balkishan Yadav Fauzdar Colony Rasuliya, Narmadapuram, Hoshangabad, मध्य प्रदेश",India,India,False,False,False,False,True,False,False,False,False,0.5714285714285714,0.5833333333333334,0.7058823529411765,0.6129032258064516,0.84375,0.6941176470588235,False,False
S1-841809362,S2-67731529,S2,High It Private Limited,હાઇ આઈટી પ્રાઇવેટ લિમિટેડ,"12A Bkg St.Plot (Bhaktinagar Station Plot), Rajkot, Gujarat","H.NO 2A BKG ST.PLOT (BHAKTINAGAR STATION PLOT), RAJKOT, Gujarat",India,India,False,False,False,False,True,False,False,False,False,0.0,0.6363636363636364,0.0,0.8846153846153846,0.07999999999999996,0.9152542372881356,False,False
S1-525882575,S3-844085950,S3,Saor Urban,Saor Urban Corporation,"1501 Nowell Road, Unit 300, Raleigh, NC","1501 Nowell Rd, # 300, Raleigh, North Carolina",US,US,False,False,False,False,True,False,False,False,False,0.6666666666666666,0.4,0.4,0.46938775510204084,0.4545454545454546,0.5365853658536586,False,False
S1-931488140,S2-150898756,S2,Yashwant Mind (India) Private Limited,Mr Yashwant Mind (India) Private  Ltd,"21 B B Ganguly St 2Nd Fl, Kolkata, Calcutta, West Bengal","31 B B GANGULY ST 2ND FL, KOLKATA, পশ্চিমবঙ্গ",India,India,False,False,False,False,True,False,False,False,False,0.5714285714285714,0.5,0.7027027027027027,0.4915254237288136,0.8,0.6037735849056604,False,False
S1-184437137,S3-894621797,S3,Chatham Premier Apollo Inc,Chatham Premier (Apollo),"City Of Kenosha, 9410 71st Street, WI","9410 71st St, Kenosha, Wisconsin",US,US,False,False,False,False,True,False,False,False,False,0.75,0.3333333333333333,0.8333333333333334,0.42857142857142855,0.8461538461538461,0.17142857142857137,False,False
S1-726589081,S2-981383883,S2,Sree Traders Ltd,SREE LTD SERVICES,"Bengaluru, Old No 1/J New No 34, 3Rd Cross Assaye Road, Karnataka, Bangalore","1/J NEW NO 34, 3RD CROSS ASSAYE ROAD, BENGALURU, Karnataka",India,India,False,False,False,False,True,False,False,False,False,0.5,0.8461538461538461,0.20833333333333334,0.7246376811594203,0.47058823529411764,0.5555555555555556,False,False
S1-226577270,S3-17698702,S3,Frontier Gsr,Frontier Gsr Corporation,"2301 Prairie Street, Elkhart, IN","#2301 Prairie Street, Ellkhart CITY, Indiana",US,US,False,False,False,False,True,False,False,False,False,0.6666666666666666,0.375,0.45454545454545453,0.6341463414634146,0.5,0.7317073170731707,False,False
S1-105500760,S3-398119062,S3,Meerut Crop Private Limited,Crop,"Uttar Pradesh, 255/9, Sch 7 Shastri Nagar, Meerut","255/9, Sch 7 Shastri Nagar, Meerut, Uttar Pradesh",India,India,False,False,False,False,True,False,False,False,False,0.25,1.0,0.08,0.8695652173913043,0.14814814814814814,0.3913043478260869,False,False
S1-748385483,S3-905832965,S3,Straight Edge Nails! Clinic,Straight Straight Edge Nails! Clinic,"Baton Rouge, LA, 8746 Elvin Drive","08746 Elvin Dr, Baton Rouge, Louisiana",US,US,False,False,False,False,True,False,False,False,False,1.0,0.3333333333333333,0.9230769230769231,0.5365853658536586,0.7428571428571429,0.16666666666666663,False,False
S1-864562280,S3-293635147,S3,Galaxy Consultants Private Limited,Galaxy  Consultants Private,"B-122, Faridabad, Haryana, Gali No.2, Vinay Nagar, Sector -92","HR, Faridabad, Gali No.2, Vinay Nagar, Sector -92, Faridabad, B-122",India,India,False,False,False,False,True,False,False,False,False,0.75,0.8333333333333334,0.75,0.7288135593220338,0.7647058823529411,0.5166666666666666,False,False
S1-147654664,S3-114515953,S3,"Direct Exploration, Inc","Direct-Exploration,","130 Roland Avenue, Unit Apartment 1, Lackawanna, NY","Roland Ave, Lackawanna, New York",US,US,False,False,False,False,True,False,False,False,False,0.6666666666666666,0.18181818181818182,0.8,0.34545454545454546,0.8181818181818181,0.375,False,False
S1-95845764,S2-434876159,S2,Ace Developers Private Limited,एस डेवलपर्स प्राइवेट लिमिटेड,"Flat No. 15, 4Th Floor, A-Wing, Gaurav Apartment Nahur Road, Mulund(W), Mumbai, Mumbai City, Maharashtra","NO 0015, 4TH FLOOR, A-WING, GAURAV APARTMENT NAHUR ROAD, MULUND(W), MUMBAI, Maharashtra",India,India,False,False,False,False,True,False,False,False,False,0.0,0.7647058823529411,0.0,0.8202247191011236,0.06666666666666665,0.8,False,False
S1-155203680,S3-414636781,S3,Verrora Array Inc,Verrora  Array,"IA, West Des Moines, 6689 Vista Drive, Unit Apt 89109","6689 Vista Dr, Unit Apt 89109, West Des Moines, Iowa",US,US,False,False,False,False,True,False,False,False,False,0.6666666666666666,0.6666666666666666,0.7333333333333333,0.6909090909090909,0.7647058823529411,0.21999999999999997,False,False
S1-437910958,S2-883297391,S2,Zaheerabad Healthcare Pvt. Ltd.,Zaheerabad Healthcare Ltd. Pvt.,"Plt N 25, Teachers Colony, Pastapur, Zaheerabad, Zaheerabad, Medak, Telangana","PLT N ##25, TEACHERS COLONY, PASTAPUR, ZAHEERABAD, ZAHEERABAD, Telangana",India,India,False,False,False,False,True,False,False,False,False,1.0,0.8888888888888888,0.8,0.864406779661017,0.7931034482758621,0.9154929577464789,False,False
S1-299051901,S3-581518358,S3,Veterans Charities,Veterans Charities Co,"CA, 4201 Sierra Vista Avenue, Sacramento","4201 Sierra Vista Ave, Fruitridge Pocket, California",US,US,False,False,False,False,True,False,False,False,False,0.6666666666666666,0.3,0.8888888888888888,0.2923076923076923,0.8571428571428572,0.48,False,False
S1-573891747,S2-915045232,S2,L 3 Z Harbor Inc,L 3  Z,"South Bend, IN, 938 32nd Street","938 32ND STREET, SOUTH BEND, IN",US,US,False,False,False,False,True,False,False,False,False,0.6,1.0,0.21428571428571427,0.7931034482758621,0.3125,0.13793103448275867,False,False
S1-433958412,S3-494256882,S3,Baba Industries Private Limited,Aviviovera,"2Nd Floor, Maharashtra, T, Mumbai, Zainab Villa, 187, Turner Road, Opp. Moti Mahal Restaurant, Bandra - Wes","B3/2nd Floor, Zainab Villa, 187, Turner Road, Opp. Moti Mahal Restaurant, Bandra - Wes, T, Mumbai, MH",India,India,False,False,False,False,True,False,False,False,False,0.0,0.8333333333333334,0.0,0.8247422680412371,0.16129032258064513,0.625,False,False
S1-69639567,S2-658663242,S2,Quality Strategic Japan LLC,LLC QUALITY STRATEGIC JÁPAN,"13411 Launders Street, Unit CND 30, Fairfax County, VA","13411 LAUNDERS STREET, HERNDON, VA",US,US,False,False,False,False,True,False,False,False,False,0.6,0.4,0.6129032258064516,0.3620689655172414,0.6666666666666667,0.5686274509803921,False,False
S1-923858537,S3-202483613,S3,Custom Retail Innovations Partners,Custom Retail Innovations Partes,"53 Crepe Myrtle Drive, Louisa County, VA","Crepe Myrtle Drive, Louisa County, Virginia",US,US,False,False,False,False,True,False,False,False,False,0.6,0.625,0.8235294117647058,0.7441860465116279,0.9411764705882353,0.7804878048780488,False,False
S1-215942931,S3-1391743,S3,Ear Nose & Throat Partners of Needles,Ear Nose + Throat Of Needles Partners,"2259 Paseo Del Rey Street, Needles, CA","2259 Paseo Del Rey St, Needles, California",US,US,False,False,False,False,True,False,False,False,False,0.8571428571428571,0.5555555555555556,0.7435897435897436,0.6744186046511628,0.5405405405405406,0.7,False,False
S1-590961925,S2-888556087,S2,Clear Genomic Worldwide P.C.,Clear 6enomic P.C. Services,"3301 Goldfield Road, Unit 3041, Apache Junction, AZ","3301 GOLDFIELD ROAD, APACHE JUNCTION, AZ",US,US,False,False,False,False,True,False,False,False,False,0.42857142857142855,0.75,0.2894736842105263,0.7446808510638298,0.4814814814814815,0.7916666666666666,False,False
S1-163088009,S3-880698218,S3,Vijay It Private Limited,विजय आईटी प्राइवेट लिमिटेड,"Plot No. B-8, Tower C, 604, Noida One, Sec-62, Noida, Gautam Buddha Nagar, Uttar Pradesh","Plot No. B-8, Gautam Buddha Nagar, UP",India,India,False,False,False,False,True,False,False,False,False,0.0,0.4117647058823529,0.0,0.4166666666666667,0.07692307692307687,0.42500000000000004,False,False
S1-96109810,S2-942003474,S2,Gujarat Agro Private Limited,ಗುಜರಾತ್ ಅಗ್ರೋ ಪ್ರೈವೇಟ್ ಲಿಮಿಟೆಡ್,"Karnataka, Windmills Of Your Mind, Epip Area Hoodi, Bangalore, Bangalore, No.4012 G-Flr","G-FLR, WINDMILLS OF YOUR MIND, EPIP AREA HOODI, BANGALORE, BANGALORE, Karnataka",India,India,False,False,False,False,True,False,False,False,False,0.0,0.8461538461538461,0.0,0.7837837837837838,0.09677419354838712,0.7317073170731707,False,False
S1-769964291,S2-160336544,S2,Soul Telecom (India) Corporation,Soul (India) Corporation Center,"G-134A, Haryana, Ground Floor, Sushant Lok-2, Sector 56, Sadar Bazar, Gurgaon","G-134A, GROUND FLOOR, SUSHANT LOK-2, SECTOR 56, SADAR BAZAR, Haryana",India,India,False,False,False,False,True,False,False,False,False,0.6,0.9230769230769231,0.5277777777777778,0.8529411764705882,0.5,0.8169014084507042,False,False
S1-305589566,S2-779126851,S2,PA Engineers Limited,paengineers.com,"1-7 B-4, Burfkhana Road, Banipark, Rajasthan","NO 1-7 B-4, BANIPARK, BURFKHANA ROAD, Rajasthan",India,India,False,False,False,False,True,False,False,False,False,0.0,0.8888888888888888,0.34782608695652173,0.8372093023255814,0.65,0.5227272727272727,False,False
S1-888314542,S2-554692312,S2,Rigg Pinnacle Rate,Rigg Pinnacle Rate Corporation,"2478 Durham Drive, Memphis, TN","2478 DURHAM DR, MEMPHIS, TN",US,US,False,False,False,False,True,False,False,False,False,0.75,0.6666666666666666,0.5925925925925926,0.75,0.6,0.8928571428571429,False,False
S1-510045138,S2-740281338,S2,International Technologies Private Limited,इंटरनेशनल टेक्नोलॉजीज प्राइवेट लिमिटेड,"C/O Ram Gopal, Balwakheri, M.Nagar, Shamli, Shamli, Muzaffarnagar, Uttar Pradesh","C/O RAM GOPAL, BALWAKHERI, M.NAGAR, SHAMLI, MUZAFFARNAGAR, उत्तर प्रदेश",India,India,False,False,False,False,True,False,False,False,False,0.0,0.6923076923076923,0.0,0.6527777777777778,0.04761904761904767,0.7432432432432432,False,False
S1-88666072,S3-540710118,S3,Rue Alliancebernstein LLC,LLC Rue Alliancebemstein,"Springdale, 4641 231 Highway, WA","4641 231 Highway, Springdale, Washington",US,US,False,False,False,False,True,False,False,False,False,0.5,0.6666666666666666,0.5517241379310345,0.6578947368421053,0.6,0.21052631578947367,False,False
S1-967307194,S3-564771484,S3,"Sweet Book Store, Inc","Sweet Book Store,","221 Allen Street, Dickinson, ND","North Dakota, Dickinson, 221 Allen St",US,US,False,False,False,False,True,False,False,False,False,0.75,0.375,0.7777777777777778,0.4634146341463415,0.8,0.2571428571428571,False,False
S1-985318368,S2-132399494,S2,Sai Star Infotech Private Limited,সাই স্টার ইনফোটেক প্রাইভেট লিমিটেড,"142/1A Sarat Bose Roadsatyam Apartment 1St Floor Suit No 1A 1B, Kolkata, Calcutta, West Bengal","DOOR NO 142/1 SARAT BOSE ROADSATYAM APARTMENT 1ST FLOOR SUIT NO 1A 1B, CALCUTTA, West Bengal",India,India,False,False,False,False,True,False,False,False,False,0.0,0.8235294117647058,0.0,0.8333333333333334,0.08823529411764708,0.8131868131868132,False,False
S1-680634588,S2-240110937,S2,"Shamblin, Minick and Guerra Hartford","Shamblin, Minick and Guerra Hartford LLC","873 Panas Place, Nogales, AZ","73 PANAS PLACE, AZ, NOGALES",US,US,False,False,False,False,True,False,False,False,False,0.8333333333333334,0.6666666666666666,0.8918918918918919,0.7407407407407407,0.8974358974358975,0.7307692307692308,False,False
S1-91053900,S3-641003612,S3,Dyanne Brown Complete Boa P.C.,Dyanne Brown Complete Boa,"Spokane, 4516 Frederick Avenue, WA","Spokane, Washington, 4516 Frederick Ave, PMB 1051",US,US,False,False,False,False,True,False,False,False,False,0.6666666666666666,0.3333333333333333,0.8461538461538461,0.5102040816326531,0.8620689655172413,0.5869565217391304,False,False
S1-299805664,S3-923049703,S3,Om Properties Private Limited,ઓમ Properties પ્રાઇવેટ લિમિટેડ,"Gujarat, Jamnagar, F P N 9/2 Nr Noori Chokdi, Kalavad, Bethak Road","F P N 9/2 Nr Noori Chokdi, Kalavad, Jamnagar, GJ",India,India,False,False,False,False,True,False,False,False,False,0.14285714285714285,0.7142857142857143,0.22727272727272727,0.6349206349206349,0.43333333333333335,0.5806451612903225,False,False
S1-959086752,S3-688028029,S3,G & A Wireless PC,PC G & A Wrenras,"921 Wisconsin Dells Parkway, Fl 1st, Village Of Lake Delton, WI","921 Wisconsin Dlls Parkway, Fl. 1st, Baraboo, Wisconsin",US,US,False,False,False,False,True,False,False,False,False,0.6,0.38461538461538464,0.13636363636363635,0.45454545454545453,0.33333333333333337,0.65,False,False
S1-950474779,S3-395431117,S3,"Mindy Keck, D.O.","mindy keck, d.0.","316 Dogeye Road, Benson, NC","Benson, 0392 Dogeye Road, North Carolina",US,US,False,False,False,False,True,False,False,False,False,0.6,0.375,0.8461538461538461,0.37209302325581395,0.9285714285714286,0.42105263157894735,False,False
S1-763631398,S3-272957543,S3,Intelligent & Partners LLP,Intelligent & Partners-L.L.P.,"Building No 19/525, Vadakara, Kozhikode, Kerala","Kozhikode, കേരളം, Vadakara, Building No 19/525",India,India,False,False,False,False,True,False,False,False,False,0.4,0.75,0.8,0.6274509803921569,0.9230769230769231,0.2727272727272727,False,False
S1-169170534,S2-71112343,S2,Huber's Bay Development,Huber's Báy,"Carolina Shores, 38 Lighthouse Cove Loop, NC","38 LIGHTHOUSE COVE LOOP, CAROLINA SHORES, NC",US,US,False,False,False,False,True,False,False,False,False,0.4,1.0,0.30434782608695654,0.8604651162790697,0.4347826086956522,0.23809523809523814,False,False
S1-648507146,S2-826520172,S2,Forbes International School Pvt Ltd,Forbes School Pvt Ltd Center,"# 3550, 2Nd Floor, Service Road, 3Rd Cross, 13Th 'H' Main, Hal 2Nd Stage, Indiranaga, R, Bangalore, Karnataka","3550 , 2ND FLOOR, SERVICE ROAD, 3RD CROSS, 13TH 'H' MAIN, HAL 2ND STAGE, INDIRANAGA, R, ಕರ್ನಾಟಕ",India,India,False,False,False,False,True,False,False,False,False,0.6666666666666666,0.8235294117647058,0.5128205128205128,0.7346938775510204,0.4,0.8020833333333334,False,False
S1-616794717,S2-149125902,S2,Valsad Fund Private Limited,VALSAD FUND PRIVATE LIMITED #10285,"R. S. No.151/3 Village - Tithal, Valsad, Gujarat","R. S. NO.##151/3 VILLAGE - TITHAL, VALSAD, ગુજરાત",India,India,False,False,False,False,True,False,False,False,False,0.8,0.8,0.8064516129032258,0.717391304347826,0.8181818181818181,0.8333333333333334,False,False
S1-539229067,S3-928318846,S3,Coastal Committee,ccommittee.com,"6603 Hamilton Drive, Evans, NY","6603 Hamilton Dr, Evans, New York",US,US,False,False,False,False,True,False,False,False,False,0.0,0.375,0.4444444444444444,0.5714285714285714,0.3529411764705882,0.7096774193548387,False,False
S1-705036583,S3-799055065,S3,Aditya Trading Private Limited,Aditya Limited Private Trading,"Flat No 1, S No 658/715, Pawan Nagar, Upper Kondhwa Road, Bibwewadi, Pune City, Pune, Maharashtra","3-1, Pune City, Pune, महाराष्ट्र",India,India,False,False,False,False,True,False,False,False,False,1.0,0.17647058823529413,0.7419354838709677,0.11702127659574468,0.5333333333333333,0.19999999999999996,False,False
S1-348591236,S2-843512054,S2,Tirupati Infrastructure Private Limited,তিরুপতি ইনফ্রাস্ট্রাকচার প্রাইভেট লিমিটেড,"156/3 B.T Road, 2Nd Floor, Northern Park, Kolkata, Kolkata, Howrah, West Bengal","B.T ROD, HOWRAH, KOLKATA, West Bengal",India,India,False,False,False,False,True,False,False,False,False,0.0,0.42857142857142855,0.0,0.391304347826087,0.04878048780487809,0.4246575342465754,False,False
S1-524602318,S3-302444607,S3,Betcher Paloma of Felton Inc,[Inc] Betcher Paloma of Felton,"5283 Sandtown Road, Felton, DE","5283 Sandtown Road, Felton, Delaware",US,US,False,False,False,False,True,False,False,False,False,1.0,0.6666666666666666,0.7931034482758621,0.8125,0.7142857142857143,0.8235294117647058,False,False
S1-158629374,S3-575659447,S3,Ghaziabad Loom Limited,Ghaziabad Lbmo  Limited,"Office No 374 3Rd Floor, Cloud 9 Sec 1 Vaishali, Ghaziabad, Uttar Pradesh","Block E-558 Offce No 374 3Rd Floor, उत्तर प्रदेश",India,India,False,False,False,False,True,False,False,False,False,0.5,0.21052631578947367,0.6,0.20212765957446807,0.8636363636363636,0.17142857142857137,False,False
S1-661988022,S2-507344376,S2,Atlantic Creative Systems Corp,Atlantic Systems Creative Corp,"Whitakers, NC, 2445 Fishing Creek Road","2445-2449 FISHING CREEK ROAD, WHITAKERS, NC",US,US,False,False,False,False,True,False,False,False,False,1.0,0.8571428571428571,0.8666666666666667,0.7560975609756098,0.5333333333333333,0.36585365853658536,False,False
S1-390479502,S3-789990632,S3,OQP Management Private Limited,OQP Mnagemegt Private Limited,"Old No. 12, New No. 2, Kamal-Lok Building, Ground Floor, Front Portion, Gajapathy Road, Kil, Pauk, Chennai, Tamil Nadu","No #12, Chennai, தமிழ்நாடு",India,India,False,False,False,False,True,False,False,False,False,0.6,0.15,0.6666666666666666,0.09821428571428571,0.9333333333333333,0.13084112149532712,False,False
S1-113807952,S2-458718356,S2,Federal Foundation,FEDERAL FÓUNDATION,"14429 Leafhopper Drive, Boyds, MD","14429-14431 LEAFHOPPER DRIVE, BOYDS, MD",US,US,False,False,False,False,True,False,False,False,False,0.3333333333333333,0.8333333333333334,0.6842105263157895,0.8,0.9444444444444444,0.8378378378378378,False,False
S1-644995328,S2-751587342,S2,Genna Lockyer Fusion,GENNA LOCKYER SERVICES,"193 Screven Road, Tryon, NC","193 1/2 SCREVEN RD, TRYON, NC",US,US,False,False,False,False,True,False,False,False,False,0.5,0.5,0.46153846153846156,0.6,0.6818181818181819,0.7777777777777778,False,False
S1-520600443,S3-12617528,S3,Vv (India) Computer Private Limited,Limited Vv (India) Computer Services,"33, Sabita Kunja, Ankulchandra Naskar Road, Tentulberi, Garia, Sonarpur, Kolkata, Parganas South, West Bengal","G-33, Sabita Kunja, Ankulchandra Naskar Road, Tentulberi, Garia, Sonarpur, Parganas South, Kolkata, WB",India,India,False,False,False,False,True,False,False,False,False,0.6666666666666666,0.75,0.5,0.8137254901960784,0.4117647058823529,0.7920792079207921,False,False
S1-5162879,S3-953234992,S3,Beverus Federal Lng Inc,Inc Beverus Federal Lng,"4200 29, Unit 484, Greensboro, NC","200 29, # 484, Greensboro, North Carolina",US,US,False,False,False,False,True,False,False,False,False,1.0,0.3333333333333333,0.75,0.47619047619047616,0.6521739130434783,0.5,False,False
S1-440976607,S2-933503630,S2,Amar Brothers Private Limited,Amar Brothers Limited Private,"Block 1, Mahanagar Ecopolis, Telangana, Hyderabad, Hayathnagar, Flat No 4D","FLAT NO 4D, BLOCK 1, MAHANAGAR ECOPOLIS, HAYATHNAGAR, Telangana",India,India,False,False,False,False,True,False,False,False,False,1.0,0.9,0.8,0.7014925373134329,0.6551724137931034,0.4347826086956522,False,False
S1-410027970,S2-179993833,S2,Modestine Janzen Automobile LLC,Modestine-Janzen Automobile L.L.C.,"4549 River Road, Tucson, AZ","4549 River Rd, TUCSON, AZ",US,US,False,False,False,False,True,False,False,False,False,0.5,0.6666666666666666,0.84375,0.76,0.9393939393939394,0.92,False,False
S1-23325392,S2-251266437,S2,"Moody, Chrissie G., P.A.","Moody, Chrissie G., P.A. Inc.","9625 Wyoming Circle, Bloomington, MN","625 WYOMING CIR, MN, MINNEAPOLIS CDP",US,US,False,False,False,False,True,False,False,False,False,0.8333333333333334,0.2222222222222222,0.8181818181818182,0.3333333333333333,0.8333333333333334,0.47058823529411764,False,False
S1-286559924,S3-481006445,S3,Chiropractic Clinic LLC,Chiropractic Cdhnc-LLC,"IL, Chicago, 248 112th Place","248 112th Place, Chicago, Illinois",US,US,False,False,False,False,True,False,False,False,False,0.5,0.6666666666666666,0.6,0.5882352941176471,0.8695652173913043,0.125,False,False
S1-271986790,S2-698410456,S2,Balaji Silver Marketing Limited,बालाजी सिल्वर मार्केटिंग लिमिटेड,"868, Sarai Allawardi, Near Sarai Fatak, Sadar Bazar, Gurgaon, Haryana","Haryana, GURGAON, PLOT 972 868, SADAR BAZAR",India,India,False,False,False,False,True,False,False,False,False,0.0,0.45454545454545453,0.0,0.373134328358209,0.09375,0.296875,False,False
S1-941452297,S3-216997885,S3,ZWZ Resorts Private Limited,>> ZWZ Resorts Private [Limited],"Shop No. G - 4, Ground Floor Manish Twin Plaza, Plot No. 2, Sector, 4, Dwarka, New Delhi, South West Delhi, Delhi","Shpo No. G - 4/4, Ground Floor Manish Twin Plaza, Plot No. 2, Sector, 4, Dwarka, New Delhi, South West Delhi, DL",India,India,False,False,False,False,True,False,False,False,False,0.8,0.8421052631578947,0.8928571428571429,0.8901098901098901,0.9,0.9306930693069306,False,False
S1-377115824,S3-836150821,S3,Balaji Investment Private Limited,Balaji Investment Prívate Ltd Ltd,"No 9, Senthil Avenue Main Road Kamarajapuram, Chennai, Tamil Nadu","9, Senthil Avenue Main Road Kamarajapuram, Chennai, TN",India,India,False,False,False,False,True,False,False,False,False,0.3333333333333333,0.6363636363636364,0.5789473684210527,0.8,0.8181818181818181,0.8225806451612903,False,False
S1-81292539,S3-179498205,S3,Blocker Industries LLC,Blocker Industries,"1109 Spur Street, Austin, TX","1109 Spur Street, Austtin Township, Texas",US,US,False,False,False,False,True,False,False,False,False,0.6666666666666666,0.375,0.8,0.5641025641025641,0.8181818181818181,0.6666666666666667,False,False
S1-874546524,S3-789580992,S3,Childress Viii LLC,Childress Viii,"178 Glenview Drive, Waynesville, NC","Waynesville, 178 Glenview Drive, NC",US,US,False,False,False,False,True,False,False,False,False,0.6666666666666666,1.0,0.75,0.8787878787878788,0.7777777777777778,0.2727272727272727,False,False
S1-252159450,S3-821360697,S3,Solutions Baiju Info Private Limited,Solutions 8aiju Info Private Limited,"Sasaram, C/O Sarvesh Patel, Bihar, At, Manipura P.O. Mahuari, Rohtas","C/o Sarvesh Patel, At, Manipura P.o. Mahuari, Sasaram, Rohtas, BR",India,India,False,False,False,False,True,False,False,False,False,0.6666666666666666,0.8333333333333334,0.8378378378378378,0.746031746031746,0.9722222222222222,0.5967741935483871,False,False
S1-107455115,S2-864569919,S2,Combine Training Pvt. Ltd.,Combine Training,"Survey No 18, 2Nd Floor, Block E, F, G&H, Vaishnavi, Seri Lingampally, K.V.Rangareddy, Telangana","Telangana, SURVEY NO 18, 2ND FLOOR, BLOCK E, F, G&H, VAISHNAVI, SERI LINGAMPALLY",India,India,False,False,False,False,True,False,False,False,False,0.5,0.8235294117647058,0.6363636363636364,0.7790697674418605,0.6666666666666667,0.6022727272727273,False,False
S1-607832800,S3-525838630,S3,Martin Coastal Diagnostics,Martin Coastal Diagnostics LLC,"4002 Blacksmith Drive, Garland, TX","4002 Blacksmith Dr, Garland, Texas",US,US,False,False,False,False,True,False,False,False,False,0.75,0.42857142857142855,0.8571428571428571,0.6666666666666666,0.8666666666666667,0.8125,False,False
S1-903720909,S2-835679250,S2,"Nonna Cook Pioneer Processing, Inc","Cbrhaehlok, Nonna Pioneer Processing, Inc","679 Ethan Court, Auburn, AL","679-683 ETHAN COURT, AUBUN CITY, AL",US,US,False,False,False,False,True,False,False,False,False,0.6666666666666666,0.5,0.6190476190476191,0.5142857142857142,0.6666666666666667,0.696969696969697,False,False
S1-523460737,S3-680304129,S3,Digital Industrial Digital Group,Digital Industrial Digital LLC,"1921 Hoyt Street, Portland, OR","921 Hoyt Street, Portland, Oregon",US,US,False,False,False,False,True,False,False,False,False,0.5,0.42857142857142855,0.6923076923076923,0.8333333333333334,0.84375,0.8387096774193549,False,False
S1-163750826,S2-781355817,S2,South Estate Pvt Ltd,Pvt South Estate Ltd.,"D-1-003, White House, 6Th Main, 15Th Cross, R.T.Nagar, Bangalore, Karnataka","BLOCK F-979 D-1-003, R.T.NAGAR, BANGALORE, Karnataka",India,India,False,False,False,False,True,False,False,False,False,1.0,0.47058823529411764,0.7142857142857143,0.43037974683544306,0.6,0.5217391304347826,False,False
S1-860089038,S2-846627494,S2,Ibarra Charter School,Ibarra School Charter,"636 Harlem Road, Machesney Park, IL","##636 HARLEM RD, MACHESNEY PARK CITY, IL",US,US,False,False,False,False,True,False,False,False,False,1.0,0.625,0.7272727272727273,0.6666666666666666,0.4285714285714286,0.8055555555555556,False,False
S1-631989130,S2-554921705,S2,Carl Ace Evolution LLC,Carl Ace Eohnoin LLC,"143 Cherry And Webb Lane, Westport, MA","WESTPORT, 143 CHERRY AND WEBB LN, MA",US,US,False,False,False,False,True,False,False,False,False,0.6,0.75,0.4074074074074074,0.7105263157894737,0.7727272727272727,0.4444444444444444,False,False
S1-279778264,S2-461864770,S2,Raj Solutions Limited,Solutions Raj Limited,"Mig 3/12/124, Behind Uppal Motors Nehru Nagar, Rewa, Madhya Pradesh","BLOCK D-901/7 MIG 3/12/124, REWA, Madhya Pradesh",India,India,False,False,False,False,True,False,False,False,False,1.0,0.4375,0.7272727272727273,0.3684210526315789,0.6190476190476191,0.421875,False,False
S1-720746712,S3-773149845,S3,Gray and Thatcher Inc,Inc Gray ánd Thatcher,"217 Montgomery Street, Unit Apartment 2, Johnstown, NY","217 Montgomery Street, Johnstown, New York",US,US,False,False,False,False,True,False,False,False,False,0.6,0.4,0.52,0.5263157894736842,0.5714285714285714,0.5490196078431373,False,False
S1-849261331,S3-749561256,S3,Usa Trading Limited,Usa Trading Trading,"H.No.10-4-B/2, Nehru Nagar, Addagutta, Secunderabad, Hyderabad, Telangana","H.no.10-4-b/2, Nehru Nagar, Addagutta, Secunderabad, Hyderabad, TG",India,India,False,False,False,False,True,False,False,False,False,0.6666666666666666,0.8461538461538461,0.5555555555555556,0.8524590163934426,0.631578947368421,0.8970588235294118,False,False
S1-695005779,S2-540955558,S2,Pediatric Partners of Richmond LLC,Pediatric Partners of Richmond,"24634 Bardona Way, Richmond, TX","RICHMOND, 24634 BARDONA WAY, TX",US,US,False,False,False,False,True,False,False,False,False,0.8,1.0,0.8709677419354839,0.8,0.8823529411764706,0.3793103448275862,False,False
S1-623394559,S3-518461199,S3,Blue Oil LLC,Blue LLC Oil,"1202 Green Terrace Drive, Round Rock, TX","1202 Green Terrace Dr, Round Rock, Texas",US,US,False,False,False,False,True,False,False,False,False,1.0,0.5555555555555556,0.5384615384615384,0.725,0.5,0.8421052631578947,False,False
S1-245061699,S2-925522208,S2,"Pioneer Emerging, LLC","PIONEER EMERGING, LLC | www.pioneerem.com","NC, 70 Fairwater Lane, Washington","WASHINGTON, 0070 FAIRWATER LN, NC",US,US,False,False,False,False,True,False,False,False,False,0.42857142857142855,0.42857142857142855,0.5454545454545454,0.5263157894736842,0.5,0.29032258064516125,False,False
S1-94549807,S3-269065118,S3,Aarvtech Fund Ltd,@aarvtechfund,"G-8-A, No. 1, Bhagirath Palace, Delhi, 1737, North East, Delhi","737, G-8-a, No. 1, Bhagirath Palace, Delhi, North East, DL",India,India,False,False,False,False,True,False,False,False,False,0.0,0.7692307692307693,0.47058823529411764,0.8431372549019608,0.7058823529411764,0.7818181818181819,False,False
S1-878200919,S3-821043967,S3,South Enclave P.C.,South Enclave,"5656 Carrington Lake Parkway, Trussville, AL","5656 Carrington Lake Pkwy, Trusssville CITY, Alabama",US,US,False,False,False,False,True,False,False,False,False,0.5,0.3,0.7333333333333333,0.5714285714285714,0.7647058823529411,0.72,False,False
S1-335578470,S3-414869855,S3,Behavioral Health Physicians LLC,Behavioral Physicians Health LLC,"4220 Circlewood Drive, Town Of Turtle, WI","4219 Circlewood Dr, Town Of Turtle, Wisconsin",US,US,False,False,False,False,True,False,False,False,False,1.0,0.4,0.8181818181818182,0.56,0.5625,0.7209302325581395,False,False
S1-932837550,S3-467698839,S3,A Elite South Inc.,A Elite Scumdt Inc.,"250 Hazy Lane, Greenwood, IN","250-254 Hazy Ln, Greenwood, Indiana",US,US,False,False,False,False,True,False,False,False,False,0.6,0.375,0.4090909090909091,0.4864864864864865,0.7777777777777778,0.6666666666666667,False,False
S1-238023267,S2-292498510,S2,City Hospitality Pvt Ltd,City Hóspitality Pvt (Ltd),"C-9, Ground Floor Noor Nagar, Extn. Johari Farm, New Delhi, South Delhi, Delhi","C-7-9, GROUND FLOOR NOOR NAGAR, EXTN. JOHARI FARM, NEW DELHI, Delhi",India,India,False,False,False,False,True,False,False,False,False,0.6,0.8461538461538461,0.7391304347826086,0.819672131147541,0.9583333333333334,0.8055555555555556,False,False
S1-623868834,S2-314374146,S2,Tap Services,TAP SERVICES COMPANY,"Haryana, B13 Palam Vihar Extension Dharma Colony, Gurgaon","B13 PALAM VIHAR EXTENSION DHARMA COLONY, GURGAON, Haryana",India,India,False,False,False,False,True,False,False,False,False,0.6666666666666666,1.0,0.5555555555555556,0.9056603773584906,0.6,0.7090909090909091,False,False
S1-28664960,S3-421613435,S3,Lyrium Mountain Associates,Lyrium Mountain Associates  Corp,"116 17, Rockland, NY","116 17, Livingston Manor, New York",US,US,False,False,False,False,True,False,False,False,False,0.75,0.25,0.8275862068965517,0.12195121951219512,0.8387096774193549,0.40625,False,False
S1-630322702,S2-19531799,S2,Slns Cloud Private Limited,Slns Cloud  Private Ltd,"Safedabad Cold Storage & Allied Industries Pct Ltd Lucknow Faizabad Road Safedabad, Barabanki, Uttar Pradesh","H.NO 335 SAFEDABAD COLD STORAGE & ALLIED INDUSTRIES PCT LTD LUCKNOW FAIZABAD ROAD SAFEDABAD, BARABANKI, Uttar Pradesh",India,India,False,False,False,False,True,False,False,False,False,0.6,0.8125,0.6923076923076923,0.9166666666666666,0.8461538461538461,0.9203539823008849,False,False
S1-469963647,S3-750601841,S3,Strategic Stardust Inc,#Strategicstardust,"13204 Grassy Drive, Little Rock, AR","Grassy Dr, N/A, Little Rock, Arkansas",US,US,False,False,False,False,True,False,False,False,False,0.0,0.3,0.5909090909090909,0.46511627906976744,0.7727272727272727,0.5294117647058824,False,False
S1-334302242,S3-7613676,S3,Sunrise Consultancy Limited,Smt Sunrise Consultancy  Limited,"648/A-A-2, 1St Stage Indira Nagar, Bangalore North, Bangalore, Karnataka","648/A-A-2, 1St Stage Indira Nagar, Bangalore North, Bangalore, ಕರ್ನಾಟಕ",India,India,False,False,False,False,True,False,False,False,False,0.75,0.8181818181818182,0.8620689655172413,0.746031746031746,0.8709677419354839,0.8676470588235294,False,False
S1-795158132,S3-934823959,S3,"Hough, Robinson & Wynter","Hough, Robinson &","250 Gill Farm, Unit 98, Franklinton, NC","250 Gill Farm, Unit 98, Franklinton Township, North Carolina",US,US,False,False,False,False,True,False,False,False,False,0.6666666666666666,0.6,0.631578947368421,0.5714285714285714,0.6666666666666667,0.631578947368421,False,False
S1-222755404,S2-765814543,S2,Harbor Preferred Tavia Inc.,Harbor Preferred Tavia,"Yukon, OK, 1428 Spring Creek Drive","1428 SPRIG CREEK DR, YUKON, OK",US,US,False,False,False,False,True,False,False,False,False,0.75,0.5,0.8333333333333334,0.6,0.8461538461538461,0.40625,False,False
S1-769623149,S3-354622728,S3,Tine Porter Silver Molecular,Tine Porter Silver Mólecular,"18 Big Bear Drive, Pisgah Forest, NC","##18 Big Bear Dr, Pisgah Forest, North Carolina",US,US,False,False,False,False,True,False,False,False,False,0.6,0.5,0.7857142857142857,0.5531914893617021,0.9642857142857143,0.6511627906976745,False,False
S1-980572371,S3-561946390,S3,All Restaurant Inc,allrestaurant.com,"615 Kamala Street, Oxnard, CA","615. Kamala Street, City Of Oxnard, California",US,US,False,False,False,False,True,False,False,False,False,0.0,0.5,0.47619047619047616,0.5714285714285714,0.7777777777777778,0.627906976744186,False,False
S1-143900928,S2-216202582,S2,Autism Assistance Trust,AUTISM AISSEMSTANCE TRUST,"2209 Beau Lane, Henrico County, VA","2209 BEAU LNAE, RICHMOND, VA",US,US,False,False,False,False,True,False,False,False,False,0.5,0.375,0.5714285714285714,0.2558139534883721,0.88,0.65625,False,False
S1-513396474,S3-717950848,S3,High Developers Pvt Ltd,Mr High Developers  Pvt Ltd,"No.269, Navodaya, Jhbcs, Layout, 1St Main Road, Bangalore South, Bangalore, Karnataka","No.g-269, Bangalore South, Bangalore, ಕರ್ನಾಟಕ",India,India,False,False,False,False,True,False,False,False,False,0.8,0.3076923076923077,0.875,0.2597402597402597,0.8846153846153846,0.39743589743589747,False,False
S1-318425286,S2-428887479,S2,Morgan Metro Ares LLC,M0rgan Metro Ares,"1000 Egg & I Road, Chimacum, WA","EGG & I RD, CHIMACUM, WA",US,US,False,False,False,False,True,False,False,False,False,0.4,0.5714285714285714,0.6190476190476191,0.5925925925925926,0.7619047619047619,0.7407407407407407,False,False
S1-922362222,S3-519396787,S3,Ludwig's Pioneer Industries,Ludwig's Pioneer Industries LLC,"8930 Branchwood Trail, Fort Worth, TX","#8930 Branchwood Trl, Fort Worth, Texas",US,US,False,False,False,False,True,False,False,False,False,0.8,0.5,0.8620689655172413,0.7105263157894737,0.8709677419354839,0.8611111111111112,False,False
S1-856762618,S3-344186759,S3,"Carson, Whitman and Rothstein LLC","Cars0n, Whitman LLC Rothstein and","6407 Willow Pond Drive, Spotsylvania County, VA","Spotsylvania County, Virginia, 6407 Willow Pond Dr",US,US,False,False,False,False,True,False,False,False,False,0.6666666666666666,0.5555555555555556,0.7142857142857143,0.7058823529411765,0.78125,0.16666666666666663,False,False
S1-448887887,S2-298439309,S2,Dream Management Private Limited,ड्रीम मैनेजमेंट प्राइवेट लिमिटेड,"Dinapur-Cum-Khagaul, Bihar, Patna, Polsan Road, Digha Polsan, C/O Om Dhiraj Prakash","C/O OM DHIRAJ PRAKASH, POLSAN ROAD, DIGHA POLSAN, DINAPUR-CUM-KHAGAUL, PATNA, Bihar",India,India,False,False,False,False,True,False,False,False,False,0.0,1.0,0.0,0.8648648648648649,0.0625,0.42307692307692313,False,False
S1-89368777,S2-645401807,S2,IW Builders,IW Builders (Ltd),"Kavarana House Groundfloor Opp Cotton Green Rly Staion Cotton Green, Junction Mumbai, Mumbai, Maharashtra","KAVARANA HOUSE GROUNDFLOOR OPP COTTON GREEN RLY STAION COTTON GREEN, JUNCTION MUMBAI, Maharashtra",India,India,False,False,False,False,True,False,False,False,False,0.6666666666666666,1.0,0.6923076923076923,1.0,0.7333333333333334,0.9313725490196079,False,False
S1-961043606,S3-898518669,S3,23/35 Sciences,23/35 Scíences,"IA, Batavia, 1010 4th Street","1010 4th St, Batavia, Iowa",US,US,False,False,False,False,True,False,False,False,False,0.5,0.42857142857142855,0.6,0.5517241379310345,0.9285714285714286,0.11538461538461542,False,False
S1-101328384,S2-278796242,S2,Vasono Frontier Digitalbridge Inc.,Vasono Frontier Inc. Services,"2 Jay Place, Orangetown, NY",,US,US,False,False,False,False,True,False,False,False,False,0.6,0.0,0.3902439024390244,0.0,0.5757575757575757,0.0,False,True
S1-956689159,S3-708060774,S3,Regional Program,Regional Phigmr,"1519 Woodburn Avenue, Sterling, IL","1519 Woodburn Ave, Sterling, Illinois",US,US,False,False,False,False,True,False,False,False,False,0.3333333333333333,0.42857142857142855,0.42105263157894735,0.7222222222222222,0.6875,0.7428571428571429,False,False
S1-958021285,S2-184726739,S2,Pratham Law Chambers,PRATHAM-LAW CHAMBERS LTD,"#40, Pragathi Enclave, Huralichikkanahalli, Bangalore North, Bangalore, Karnataka",,India,India,False,False,False,False,True,False,False,False,False,0.75,0.0,0.8095238095238095,0.0,0.8333333333333334,0.0,False,True
S1-488498658,S3-845194666,S3,Eco Offshore Limited,Eco Onfsihher Limited,"J-10/30, Dlf City, Phase- Ii, Gurgaon, Haryana","J-b3/10/30, Gurgaon, हरियाणा, Dlf City, Phase- Ii",India,India,False,False,False,False,True,False,False,False,False,0.5,0.7272727272727273,0.32142857142857145,0.5283018867924528,0.7619047619047619,0.25,False,False
S1-911227666,S2-713693123,S2,Roth Partners LLC,ROTH PARTHNBR LLC,"8716 Shepard Way, Fl 1, Lacey, WA","8716 Shepard Way, LACEY, WA",US,US,False,False,False,False,True,False,False,False,False,0.5,0.7142857142857143,0.42857142857142855,0.75,0.8235294117647058,0.8333333333333334,False,False
S1-138654039,S2-179481281,S2,Pediatric Care,Pediatric-Cr,"529 Bridge Street, Enterprise, KS","BRIDGE ST, ENTERPRISE, KS",US,US,False,False,False,False,True,False,False,False,False,0.3333333333333333,0.5,0.6923076923076923,0.6666666666666666,0.8571428571428572,0.7419354838709677,False,False
S1-782438603,S3-587743271,S3,Camillus Health Crystal Project,Camillus Health Crystal Project Inc.,"211 Horan Road, NY, Camillus","New York, 211 Horan Road, Syrcuse",US,US,False,False,False,False,True,False,False,False,False,0.8,0.375,0.8787878787878788,0.325,0.8857142857142857,0.4516129032258065,False,False
S1-281789557,S3-308805632,S3,Krishna Energy Private Limited,கிருஷ்ணா எனர்ஜி பிரைவேட் லிமிடெட்,"Door No.72-G, Bharathi Road Telugupalayam (Po), Coimbatore, Tamil Nadu","Coimbatore, தமிழ்நாடு, Door No.72-g, Coimbatore",India,India,False,False,False,False,True,False,False,False,False,0.0,0.4166666666666667,0.0,0.27631578947368424,0.09090909090909094,0.2615384615384615,False,False
S1-565203644,S3-223255408,S3,Laxmi Marketing Pvt Ltd,लक्ष्मी मार्केटिंग प्रा. लि.,"Office No 21 First Floor, Scottish Mall Sohna Road Sector-48, Gurgaon, Haryana","Office No 21/1 First Floor, Gurgaon, HR",India,India,False,False,False,False,True,False,False,False,False,0.0,0.4,0.0,0.40789473684210525,0.07692307692307687,0.45333333333333337,False,False
S1-576312794,S3-890583491,S3,Alpha Solutions Private Limited,Alpha Solutions,"H.No.8-7-176/57, Plot No.57, Ram Raj Nagar Swarna Dhama Nagar, Diary Farm Road, Old Bowenpally, Hyderabad, Telangana","H.no.8-7-176/57, Plot No.57, Ram Raj Nagar Swarna Dhama Nagar, Diary Farm Road, Old Bowenpally, Hyderabad, తెలంగాణ",India,India,False,False,False,False,True,False,False,False,False,0.5,0.9,0.4482758620689655,0.8446601941747572,0.4838709677419355,0.9181818181818182,False,False
S1-280694161,S3-998559629,S3,Foundation Parshuram Perfumes Pvt. Ltd.,Pvt. Foundation Prasluriam Perfumes Ltd.,"Jajpur, Orissa, Plot No. 249 Khata No. 359, C/O Adayata Rout, Jajpur","Plot No. 249 Khata No. 359, Jajpur, ଓଡ଼ିଶା",India,India,False,False,False,False,True,False,False,False,False,0.6666666666666666,0.5,0.5106382978723404,0.4576271186440678,0.6842105263157895,0.4516129032258065,False,False
S1-668798886,S3-388704705,S3,Nashik Shrimp (India) Private Limited,Nashik Limited (India) Private Shrimp,"H No. 5-20-106, Plot No 165, Trimurthy Colony, East Marredpally, Mahendra Hills, Secunderabad, Secunderabad, Hyderabad, Telangana","H.no 632, Plot No 165, Trimurthy Colony, East Marredpally, Mahendra Hills, Secunderabad, Hyderabad, TG",India,India,False,False,False,False,True,False,False,False,False,1.0,0.6666666666666666,0.7837837837837838,0.7572815533980582,0.6571428571428571,0.775,False,False
S1-177842941,S2-875437192,S2,Sai Media Pvt Ltd,સાંઈ મીડિયા પ્રા. લિ.,"24, Indraprastha Bunglows, Nr. Tulip Citadel, Shreyas Crossing, Ambawad, I, Ahmedabad, Gujarat","24, INDRAPRASTHA BUNGLOWS, NR. TULIP CITADEL, SHREYAS CROSSING, AMBAWAD, I, AHMEDABAD, ગુજરાત",India,India,False,False,False,False,True,False,False,False,False,0.0,0.8461538461538461,0.0,0.8539325842696629,0.10526315789473684,0.9186046511627907,False,False
S1-211302988,S2-102165583,S2,Metro Institute Inc,Metro Itsiaee Inc,"NE, 224 Howard Avenue, St Paul","224 HWOARD AVE, ST PAUL, NE",US,US,False,False,False,False,True,False,False,False,False,0.5,0.5,0.34782608695652173,0.4411764705882353,0.736842105263158,0.6071428571428572,False,False
S1-821517365,S3-123197871,S3,Regional Intercontinental LLC,Regional Intercontinental,"22491 De Berry Street, Unit UNIT 203, Grand Terrace, CA","De Berry St, GRND Terrace CDP, California",US,US,False,False,False,False,True,False,False,False,False,0.6666666666666666,0.23076923076923078,0.8846153846153846,0.3333333333333333,0.8620689655172413,0.3076923076923077,False,False
S1-923631493,S2-685538095,S2,Upper College,Upper College lnc,"155 Snells Bush Road, Manheim, NY","155 SNELLS BUSH ROAD, LITTLE FALS, NY",US,US,False,False,False,False,True,False,False,False,False,0.6666666666666666,0.625,0.7333333333333333,0.4878048780487805,0.7647058823529411,0.7142857142857143,False,False
S1-123369944,S3-386622408,S3,India Devkripa Commerce LLP,#indiadevkripa,"114 E4, 4Th Floor, S M Towers, Race Course Road, Coimbatore, Tamil Nadu, Coimbatore South, Coimbatore, Tamil Nadu","114 E4, 4Th Floor, S M Towers, Race Course Road, Coimbatore, Tamil Nadu, Coimbatore South, Coimbatore, TN",India,India,False,False,False,False,True,False,False,False,False,0.0,0.9333333333333333,0.3333333333333333,0.9861111111111112,0.4814814814814815,0.9238095238095239,False,False
S1-957087664,S2-197494995,S2,Blessings Public School,PUBLICBLESSINGSSCHOOL.COM,"Ground Floor(Shop), Mandawali Fazalpur, Us-217, New Delhi, Delhi, New Delhi","US-217, NEW DELHI, Delhi",India,India,False,False,False,False,True,False,False,False,False,0.0,0.4444444444444444,0.5172413793103449,0.2962962962962963,0.31999999999999995,0.3188405797101449,False,False
S1-126868515,S3-998571644,S3,Valley Gamco Associates,Valley Associates Gamco,"Palacios, 314 Craymer Avenue, TX","314 Craymer Avenue, Palaccios, Texas",US,US,False,False,False,False,True,False,False,False,False,1.0,0.42857142857142855,0.75,0.6216216216216216,0.4782608695652174,0.3529411764705882,False,False
S1-33119720,S3-136577053,S3,South Technology Private Limited,Privatetechnology.Com,"R-3A-3/48C Mohan Garden Uttam Nagar, New Delhi, Central Delhi, Delhi","Plot 656- R-3a-3/48c Mohan Garden Uttam Nagar, West Delhi, New Delhi, DL",India,India,False,False,False,False,True,False,False,False,False,0.0,0.6666666666666666,0.4,0.6142857142857143,0.34375,0.6911764705882353,False,False
S1-591982221,S3-959893065,S3,Ace Investment Private Limited,Ace ಇನ್ವೆಸ್ಟ್‌ಮೆಂಟ್ ಪ್ರೈವೇಟ್ ಲಿಮಿಟೆಡ್,"Ground Flr, 20Th B, Crs 21St Main, Marenhalli, Bangalore, 51/57, Bangalore South, Karnataka",,India,India,False,False,False,False,True,False,False,False,False,0.14285714285714285,0.0,0.03333333333333333,0.0,0.16216216216216217,0.0,False,True
S1-753324664,S2-520370135,S2,Bharat Trading Private Limited,Bharat Trading Private Ltd Enterprises,"2127/58, Naiwala, New Delhi, Central Delhi, Delhi",,India,India,False,False,False,False,True,False,False,False,False,0.5,0.0,0.5365853658536586,0.0,0.6842105263157895,0.0,False,True
S1-72617515,S3-159238261,S3,"Dorsey, Richardson & Cron, Inc",Dorsey Richardson & Cron [lnc],"14018 Pennock Avenue, Unit Unit 206, Apple Valley, MN","14018. Pennock Ave, Unit Unit 206, Apple Valley, Minnesota",US,US,False,False,False,False,True,False,False,False,False,0.6,0.6,0.7692307692307693,0.7358490566037735,0.9615384615384616,0.8148148148148149,False,False
S1-286912791,S2-117804913,S2,Arun & Co,Arun & (Có),"C/O Arup Adhikary Vill- Mamudpur P.O- Ambikapur North Twenty Four, Parganas, Parganas North, West Bengal","C/O ARUP ADHIKARY VILL- MAMUDPUR P.O- AMBIKAPUR NORTH TWENTY FOUR, PARGANAS, পশ্চিমবঙ্গ",India,India,False,False,False,False,True,False,False,False,False,0.3333333333333333,0.8,0.6666666666666666,0.735632183908046,0.8571428571428572,0.7373737373737373,False,False
S1-288448602,S2-629600614,S2,Dermatology Medicine LLC,Dermatology Medicine,"Bldg BUILDING, 4018 Rockport Boulevard, UT, Coalville","4018 ROCKPORT BLVD, COALVILE CITY, UT",US,US,False,False,False,False,True,False,False,False,False,0.6666666666666666,0.3,0.8181818181818182,0.32786885245901637,0.8333333333333334,0.38,False,False
S1-393940984,S2-936769380,S2,Bliss Robinson National Flagstar PC,BLISS ROBINSON NATIONAL FLAGSTAR,"8534 Main Street, Clymer, NY","8534 MAIN STREET, CLYMR, NY",US,US,False,False,False,False,True,False,False,False,False,0.8,0.6666666666666666,0.9090909090909091,0.8076923076923077,0.9142857142857143,0.9615384615384616,False,False
S1-286188990,S2-905011916,S2,"Central Asset Concepts, L.L.C.",centralassetconcepts.com,"6380 Thomas Paine Parkway, Centerville, OH","6380-D THOMAS PAINE PARKWAY, DAYTTON, OH",US,US,False,False,False,False,True,False,False,False,False,0.0,0.625,0.5161290322580645,0.46938775510204084,0.75,0.7,False,False
S1-113188655,S3-839109934,S3,Jordan Golden Summit LLP,Jordan Golden LLP Summit,"228 Main Street, KY, Williamstown, Unit Apartment 206","00228 Main St, Unit Apartment 206, Wlliamstown, Kentucky",US,US,False,False,False,False,True,False,False,False,False,1.0,0.3333333333333333,0.76,0.5555555555555556,0.6666666666666667,0.37735849056603776,False,False
S1-523904106,S3-1720393,S3,Danh Holdings Group,Gróup Holdings Danh,"708 5th Street, Merced, CA","70 5nd St, Merced, California",US,US,False,False,False,False,True,False,False,False,False,0.5,0.1111111111111111,0.4166666666666667,0.2702702702702703,0.4736842105263158,0.4444444444444444,False,False
S1-948190963,S3-511115330,S3,"Lissa Bolanos American Jersey, LLC","Lissa 8olanos Jersey, Llc-Services","3130 Martin Luther King Jr Boulevard, Dallas, TX","3130-C Martin Luther King Jr Blvd, Dallas, Texas",US,US,False,False,False,False,True,False,False,False,False,0.42857142857142855,0.5454545454545454,0.4090909090909091,0.6,0.48484848484848486,0.782608695652174,False,False
S1-301590030,S2-804713486,S2,"Keystone Generating, Inc.","KEYSTONE GENERATING,","1379 Branchwood Circle, Unit 201, Naperville, IL","1379 BRANCHWOOD CIRCLE, NAPERVILLE, IL",US,US,False,False,False,False,True,False,False,False,False,0.6666666666666666,0.7142857142857143,0.8095238095238095,0.7441860465116279,0.8260869565217391,0.8,False,False
S1-830112530,S2-233156823,S2,6-Brothers Associates,6-Br0thers Assoliaates,"504 Shiloh Street, Springdale, AR","SHILOH ST, SPRINGDALE, AR",US,US,False,False,False,False,True,False,False,False,False,0.2,0.5,0.4444444444444444,0.6666666666666666,0.8636363636363636,0.7419354838709677,False,False
S1-793721772,S3-405827414,S3,Elene Ivins Supreme Element LLC,Elene Ivins Supreme LLC Center,"11 Sportsman Court, Brookhaven, NY","Sportsman Ct, Shirley, New York",US,US,False,False,False,False,True,False,False,False,False,0.6666666666666666,0.1111111111111111,0.6176470588235294,0.1875,0.7419354838709677,0.375,False,False
S1-169222297,S3-218052428,S3,East Producer Private Limited,Zephariaonyx trading as East Producer Private Limited,"1502, B2, Cts 4/A/8-12, Universal Majestic, Borla Village, P.L.Lokhande Marg, Chembur, Mumbai, Mumbai City, Maharashtra","Mumbai, 1502, Maharashtra, B2, Cts 4/A/8-12, Universal Majestic, Borla Village, P.L.Lokhande Marg, Chembur, Mumbai City",India,India,False,False,False,False,True,False,False,False,False,0.5714285714285714,1.0,0.52,0.9142857142857143,0.5471698113207547,0.6545454545454545,False,False
S1-150224494,S3-623089629,S3,Hamelin Heritage Inc,Hamelin Inc Service,"NY, 132 Beacon Hills Drive, Penfield","New York, Pefnield, 132 Beacon Hills Dr",US,US,False,False,False,False,True,False,False,False,False,0.5,0.3,0.2962962962962963,0.45652173913043476,0.44999999999999996,0.2702702702702703,False,False
S1-432250353,S3-180240490,S3,"Burt, Mcnabb and Bruening Green LLC","Burt, Mcnabb &  Bruening 6reen LLC","OH, Unit B1~B2, 727 Erie Street, Toledo","Unit B1~B2, 727 Erie Street, Ohio, Toledo",US,US,False,False,False,False,True,False,False,False,False,0.5714285714285714,0.75,0.6666666666666666,0.75,0.8529411764705882,0.7894736842105263,False,False
S1-634205319,S3-980898235,S3,Family Associates Inc,Family Associate Inc,"292 12th Place, Somerton, AZ","292 12th Pl, Somerton, Arizona",US,US,False,False,False,False,True,False,False,False,False,0.5,0.42857142857142855,0.7619047619047619,0.5625,0.9523809523809523,0.7142857142857143,False,False
S1-876521403,S3-547253401,S3,Harsha Public School,Public Harsha [Center],"Sadar Bazar, Gurgaon, Haryana, H.No. 416 26, G.No. 14, Baldev Nagar, Near Fashion Vatika, Kh No. 1166","No. 9-98 Kh No. 1166, Sadar Bazar, Gurgaon, HR",India,India,False,False,False,False,True,False,False,False,False,0.5,0.3,0.38461538461538464,0.3068181818181818,0.09999999999999998,0.27472527472527475,False,False
S1-891944163,S2-131317417,S2,Carbajal Rapid Farmers,Carbajal Rapid Farmers Ltd,"477 Fairview Avenue, Ridgewood, NY","RIDGEWOOD, 477 FAIRVIEW AVE, NY",US,US,False,False,False,False,True,False,False,False,False,0.75,0.6666666666666666,0.8333333333333334,0.6764705882352942,0.8461538461538461,0.28125,False,False
S1-732642230,S2-112099582,S2,UTZ Drivers Limited,UTZ Drivers Ltd,"No.182 4Thcross 3Rd Main, Rr Layout Nagadevanahalli, Bangalore South, Bangalore, Karnataka","NO 182 4THCROSS 3RD MAIN, RR LAYOUT NAGADEVANAHALLI, BANGALORE SOUTH, Karnataka",India,India,False,False,False,False,True,False,False,False,False,0.5,1.0,0.5789473684210527,0.96,0.7894736842105263,0.8837209302325582,False,False
S1-60347796,S3-746084215,S3,Bennett and Casillas Oxley,>> Bennettcasillasoxley.Com,"115 Glenwood Avenue, Napoleon, OH","PO Box 2703, ##115 Glenwood Ave, Ohio, Napoleon",US,US,False,False,False,False,True,False,False,False,False,0.0,0.3,0.4,0.46808510638297873,0.5185185185185186,0.5238095238095238,False,False
S1-809216108,S3-334076599,S3,"Ear Nose & Throat Clinic, LLC","Ear Nose-and Throat Clinic, L.L.C.","OH, West Alexandria, 3564 Fisher Twin Road","3564 Fisher Twin Road, null, WEST Aalexandria CITY, Ohio",US,US,False,False,False,False,True,False,False,False,False,0.5,0.45454545454545453,0.65625,0.5892857142857143,0.8125,0.2264150943396226,False,False
S1-129289197,S3-890111508,S3,"A Express Lending, LLC","A Lending, LLC Center","22890 Horseshoe Bend Road, Park Hill, OK","22890 Horseshoe Bend Rd, Cherokee County, Oklahoma",US,US,False,False,False,False,True,False,False,False,False,0.6,0.2727272727272727,0.37037037037037035,0.3442622950819672,0.2857142857142857,0.5833333333333333,False,False
S1-218953461,S2-13541714,S2,Prime Business Products PC,Prime Business,"16 Danbury Street, Unit 3, Washington, DC","#16 DANBURY STREET, WASHINGTON, DC",US,US,False,False,False,False,True,False,False,False,False,0.5,0.7142857142857143,0.5217391304347826,0.7567567567567568,0.5384615384615384,0.8157894736842105,False,False
S1-283961515,S3-274500783,S3,Vivid Producer Private Limited,Vivid Producer Limited Private,"P.37, Bharath Rainbowconst, Balaji Nagar Kattur, Tiruchirappalli, Tamil Nadu","Block A-340 P.37, Tiruchirappalli, Kattur Trichy, TN",India,India,False,False,False,False,True,False,False,False,False,1.0,0.26666666666666666,0.8275862068965517,0.27472527472527475,0.6666666666666667,0.2777777777777778,False,False
S1-833857381,S2-255307007,S2,Shree International Media Private Limited,श्री इंटरनेशनल मीडिया Private Limited,"F/C-5, Ground Floor, Abdul Fazal Enclave Shaheen Bagh, Jamia Nagar, Okhla, Delhi, South Delhi, Delhi","BLOCK E-405 F/C-5, GROUND FLOOR, ABDUL FAZAL ENCLAVE SHAHEEN BAGH, JAMIA NAGAR, OKHLA, DELHI, SOUTH DELHI, Delhi",India,India,False,False,False,False,True,False,False,False,False,0.25,0.8333333333333334,0.23333333333333334,0.8723404255319149,0.41463414634146345,0.8857142857142857,False,False
S1-153255993,S2-29010662,S2,Anand Traders Ltd,M/s Anand Tsebaners Ltd,"Kerala, Kochi, Ernakulam, Door No. T.C. 40-719, (Old 35-169), Powerhouse Road Palarivattom","DOOR NO. T.C. 40-719, (OLD 35-169), POWERHOUSE ROAD PALARIVATTOM, KOCHI, കേരളം",India,India,False,False,False,False,True,False,False,False,False,0.3333333333333333,0.8125,0.38461538461538464,0.7176470588235294,0.6521739130434783,0.5679012345679013,False,False
S1-656742124,S2-749743898,S2,Sky Gujarat Healthcare Private Limited,ஸ்கை குஜராத் ஹெல்த்கேர் பிரைவேட் லிமிடெட்,"Coimbatore, Nethaji Road P N Palayam, 19, Coimbatore, Tamil Nadu","19, NETHAJI ROAD P N PALAYAM, COIMBATORE, தமிழ்நாடு",India,India,False,False,False,False,True,False,False,False,False,0.0,0.7,0.0,0.5833333333333334,0.09756097560975607,0.6166666666666667,False,False
S1-579384326,S3-59260698,S3,Twisted Hair Studio,Twisted Hair,"13429 Avenue L, Chicago, IL","13429c Avenue L, <NULL>, Chiicago, Illinois",US,US,False,False,False,False,True,False,False,False,False,0.6666666666666666,0.2222222222222222,0.5882352941176471,0.4523809523809524,0.631578947368421,0.625,False,False
S1-545953524,S2-503411719,S2,Rock Horticulture,Rock Hortictulture,"Kondan 11/2 Gananjay Housing Soc, Kothrud, Pune, Maharashtra","PLOT 296 KONDAN 11/2 GANANJAY HOUSING SOC, KOTHRUD, PUNE, Maharashtra",India,India,False,False,False,False,True,False,False,False,False,0.3333333333333333,0.8181818181818182,0.7222222222222222,0.873015873015873,0.9444444444444444,0.8636363636363636,False,False
S1-316890963,S2-16409405,S2,"Olympia C. Hunley, Esq., M.D., P.C.","OLYMPlA C. HUNLEY, ESQ., M.D., P.C.","1705 Hutchinson Avenue, Unit 3, Knoxville, TN","1705 Hutchinson Ave, KNOXVILLE, TN",US,US,False,False,False,False,True,False,False,False,False,0.75,0.5,0.7931034482758621,0.6666666666666666,0.9642857142857143,0.7619047619047619,False,False
S1-144106673,S3-534014704,S3,Mission Traders Private Limited,M/s Mission Traders  Private Limited,"315/2514 Motilal Nagar, Goregaon, West, Mumbai, Maharashtra","H.no 0315/2514 Motilal Nagar, Mumbai, West, महाराष्ट्र",India,India,False,False,False,False,True,False,False,False,False,0.6666666666666666,0.4166666666666667,0.8787878787878788,0.43661971830985913,0.8857142857142857,0.4363636363636364,False,False
S1-606338431,S2-230513353,S2,Vishnu Fashion Pvt. Ltd.,VISHNU FIHON PVT. LTD.,"Plot No.438 439, Flat No.101, Hyd, Hyderabad, Telangana","Telangana, PLOT NO.##438 439, FLAT NO.101, HYD",India,India,False,False,False,False,True,False,False,False,False,0.6,0.8888888888888888,0.5833333333333334,0.6956521739130435,0.8636363636363636,0.4117647058823529,False,False
S1-669014877,S3-483600781,S3,"Miers, Ollie N., MD","Orbizephnex aka Miers, Ollie N., MD","22125 Princeton Circle, Frankfort, IL","22125 Princeton Circle, IL, Frankfort",US,US,False,False,False,False,True,False,False,False,False,0.6666666666666666,1.0,0.4666666666666667,0.8333333333333334,0.5,0.8285714285714285,False,False
S1-942156,S3-516114589,S3,Vision Associates,Vision-Associates Corp,"121 3rd Street, Santa Rosa, NM","121. Third St, Santa Rosa, New Mexico",US,US,False,False,False,False,True,False,False,False,False,0.6666666666666666,0.3,0.75,0.4146341463414634,0.7727272727272727,0.5588235294117647,False,False
S1-193416823,S2-226120778,S2,Megamart Fitness Private Limited,Megamart Fsitmmss Private Limited,"Bangalore North, Bangalore, Tower 6, Pebble Bay, Raj Mahal Vilas Ii, Ramakrishnappa Layout, Nagashetty Halli, No. 22, Karnataka","NO. 22  , TOWER 6, PEBBLE BAY, RAJ MAHAL VILAS II, RAMAKRISHNAPPA LAYOUT, NAGASHETTY HALLI, BANGALORE NORTH, ಕರ್ನಾಟಕ",India,India,False,False,False,False,True,False,False,False,False,0.6,0.8888888888888888,0.6486486486486487,0.8141592920353983,0.9090909090909091,0.6440677966101696,False,False
S1-465172995,S3-874850305,S3,Haddad and Heiberger LLC,Haddad Heiberger and LLC,"555 618, Enterprise, AL","00555 618, Enterprise, Alabama",US,US,False,False,False,False,True,False,False,False,False,1.0,0.3333333333333333,0.8333333333333334,0.7307692307692307,0.6666666666666667,0.75,False,False
S1-377641010,S3-260124931,S3,Uv International Private Limited,Uv International,"Plot No. 30A Industrial Area, Bargawa, Katni, Madhya Pradesh","#30A Industrial Area, Bargawa, Katni, MP",India,India,False,False,False,False,True,False,False,False,False,0.5,0.5,0.4666666666666667,0.6,0.5,0.6428571428571428,False,False
S1-233756375,S3-481657337,S3,Francoise's Detailing,Francoise's  Detailing Inc.,"MD, Lanham, 9338 Alcona Street","9338 Alcona St, Lanham, Maryland",US,US,False,False,False,False,True,False,False,False,False,0.75,0.42857142857142855,0.8260869565217391,0.5142857142857142,0.84,0.16666666666666663,False,False
S1-692491304,S2-923610492,S2,Ortiz Parts LLC,ORTIZ PRHS [LLC],"MN, 1072 Symphony Lane, Chaska","1072  SYMPHONY LANE, CHASKA, MN",US,US,False,False,False,False,True,False,False,False,False,0.5,1.0,0.47058823529411764,0.7931034482758621,0.8666666666666667,0.7857142857142857,False,False
S1-644197009,S3-451062315,S3,Fortune Management Private Limited,फॉर्च्यून मैनेजमेंट प्राइवेट लिमिटेड,"E/71 Nit Qtr Kapil Nagar, Nagpur, Maharashtra","E/71 Nit Qtr Kapil Nagar, Nagpur, महाराष्ट्र",India,India,False,False,False,False,True,False,False,False,False,0.0,0.7777777777777778,0.0,0.5714285714285714,0.05555555555555558,0.7441860465116279,False,False
S1-350508817,S2-267681094,S2,Latur Trading,laturtrading.com,"102, Maharashtra, Mumbai City, Mumbai, Patel Avenue, Near Kamala Nagar, M.G.Road, Kandivali(West) .","##102, PATEL AVENUE, NEAR KAMALA NAGAR, M.G.ROAD, KANDIVALI(WEST) ., MUMBAI, Maharashtra",India,India,False,False,False,False,True,False,False,False,False,0.0,0.9285714285714286,0.47058823529411764,0.8313253012048193,0.6875,0.4382022471910112,False,False
S1-710133064,S2-86045605,S2,Pinkrose Advisory Private Limited,Smt PINKROSE ADVISORY PRIVATE LÍMITED,"Behind South Point Nurshing Home Rajabagicha, Cuttack, Orissa","DOOR NO 294 BEHIND SOUTH POINT NURSHING HOME RAJABAGICHA, CUTTACK, Odisha",India,India,False,False,False,False,True,False,False,False,False,0.5,0.5833333333333334,0.7368421052631579,0.6986301369863014,0.8648648648648649,0.8028169014084507,False,False
S1-223047077,S3-235356959,S3,Atlas Services Limited,Atlas Limited  Services,"A/18 Shankar Tekri G I D C, Jamnagar, Gujarat","Jamnagar, GJ, A/c-18 Shankar Tekri G I D C, Jamnagar",India,India,False,False,False,False,True,False,False,False,False,1.0,0.8181818181818182,0.8181818181818182,0.717391304347826,0.4545454545454546,0.5510204081632653,False,False
S1-300280690,S2-543425615,S2,All Payment Associates LLC,(LLC) ALL PAYMENT ASSOCIATES,"2518 34th Street, WI, City Of Kenosha","251 34TH ST, CITY OF KENOSHA, WI",US,US,False,False,False,False,True,False,False,False,False,1.0,0.5555555555555556,0.7777777777777778,0.5641025641025641,0.6923076923076923,0.6857142857142857,False,False
S1-912413336,S3-405651310,S3,United Guild,United Goabdi,"205 Locust Lane, Camillus, NY","New York, Camillus, 205 Locust Lane",US,US,False,False,False,False,True,False,False,False,False,0.3333333333333333,0.5714285714285714,0.4,0.6,0.6923076923076923,0.2727272727272727,False,False
S1-865270115,S3-801953304,S3,Cabrera Fresh Recruiting Inc,Cabrera Fresh Rercoriudting Inc,"281 Hel Mar Drive, Mitchell, IN","Mitchell, Hel Mar Dr, Indiana",US,US,False,False,False,False,True,False,False,False,False,0.6,0.375,0.5882352941176471,0.47058823529411764,0.8709677419354839,0.27586206896551724,False,False
S1-913826774,S3-77748453,S3,Vinson Lithium,Vinson Lithium Corp,"AR, Jacksonville, 1401 Stanphil Road, Unit Apt 1024","1401 Stanphil Rd, Unit Apt 1024, Jacksonville, Arkansas",US,US,False,False,False,False,True,False,False,False,False,0.6666666666666666,0.6,0.7058823529411765,0.6551724137931034,0.736842105263158,0.23076923076923073,False,False
S1-638762247,S2-816901226,S2,Urban Producer Private Limited,അർബൻ പ്രൊഡ്യൂസർ പ്രൈവറ്റ് ലിമിറ്റഡ്,"5/279 A18, First Floor, Eranhipalam Vyapara Bhavan Civil Station Post, Kozhikode, Kerala","KOZHIKODE, 5/279 A18, Kerala",India,India,False,False,False,False,True,False,False,False,False,0.0,0.38461538461538464,0.0,0.25609756097560976,0.05714285714285716,0.16666666666666663,False,False
S1-362969866,S2-957678683,S2,Coastal Federation LLC,Coastal Fedrdson LLC,"8444 Fountain Rock Road, Walkersville, MD","<NULL>, WALKERSVILLE, 4444 FOUNTAIN ROCK RD, MD",US,US,False,False,False,False,True,False,False,False,False,0.5,0.4444444444444444,0.52,0.6382978723404256,0.8181818181818181,0.20454545454545459,False,False
S1-421856213,S3-829776802,S3,Vogl and Coker,Vogl & (Choker),"298 Winding Wood Drive, Wetumpka, AL","Wetumpka, Alabama, 298 Winding Wood Drive",US,US,False,False,False,False,True,False,False,False,False,0.25,0.7142857142857143,0.3125,0.725,0.6428571428571428,0.2564102564102564,False,False
S1-658180686,S2-5408086,S2,Twisted Book Store Center,Twisted Book,"94 Main Street, Orangetown, NY","94-96 Main Street, ORANGETOWN, NY",US,US,False,False,False,False,True,False,False,False,False,0.5,0.8333333333333334,0.43478260869565216,0.8333333333333334,0.48,0.9032258064516129,False,False
S1-424138265,S2-356165764,S2,Fox Elite Living LLC,Fox Elite,"595 Bean Switch Road, Greenfield, TN",,US,US,False,False,False,False,True,False,False,False,False,0.5,0.0,0.3888888888888889,0.0,0.44999999999999996,0.0,False,True
S1-457678726,S3-98834469,S3,Perideus Molecular LLC,Perideus Mólecular LLC,"11810 113th Avenue, Youngtown, AZ","11810 113th Avenue, Youngown, Arizona",US,US,False,False,False,False,True,False,False,False,False,0.5,0.42857142857142855,0.7391304347826086,0.6756756756756757,0.9545454545454546,0.8285714285714285,False,False
S1-491930203,S3-998391956,S3,Golden Investment Private Limited,கோல்டன் இன்வெஸ்ட்மெண்ட் பிரைவேட் லிமிடெட்,"Flat No. 503, Jayshree Apartment, 60/39, Second Main Road, R.A. Puram, Chennai, Tamil Nadu","Door No ##503, <NULL>, Chennai, TN",India,India,False,False,False,False,True,False,False,False,False,0.0,0.15789473684210525,0.0,0.15053763440860216,0.07317073170731703,0.25609756097560976,False,False
S1-455802817,S3-808761993,S3,Express Health Holdings,Express Center Holdings,"3930 Mobleys Bridge Road, Grimesland, NC","3930 Mobleys Bridge Road, Grimesland, North Carolina",US,US,False,False,False,False,True,False,False,False,False,0.5,0.625,0.4482758620689655,0.7142857142857143,0.782608695652174,0.76,False,False
S1-663887449,S3-680003148,S3,Sky Vision Agro LLP,ସ୍କାଇ ଭିଜନ୍ ଆଗ୍ରୋ ଏଲ୍‌ଏଲ୍‌ପି,"Gajapati Nagar-1St Lane Berhampur, Berhampur, Ganjam, Orissa","Gajapati Nagar-1st Lane Berhampur, Berhampur, Ganjam, OD",India,India,False,False,False,False,True,False,False,False,False,0.0,0.75,0.0,0.8723404255319149,0.0714285714285714,0.9122807017543859,False,False
S1-800984003,S3-748468007,S3,Williams Land of Glenwood,Williams Land  of 6lenwood,"414 Mount Pleasant Church Road, NC, Glenwood","414 Mount Pleasant Church Rd, Glenwood, North Carolina",US,US,False,False,False,False,True,False,False,False,False,0.6,0.5,0.7692307692307693,0.5714285714285714,0.96,0.6153846153846154,False,False
S1-249193452,S3-545001386,S3,Indore Trading Private Limited,Private Indore Trading Ltd,"138 Gh, Scheme No. 54, Indore, Madhya Pradesh","C-138 Gh, Indore, मध्य प्रदेश",India,India,False,False,False,False,True,False,False,False,False,0.6,0.2727272727272727,0.5757575757575758,0.20754716981132076,0.33333333333333337,0.31707317073170727,False,False
S1-697503606,S2-180293842,S2,Atkinson Altisource LLC,Atkinson Altisource,"605 Liberty Street, South Bend, IN","05 LIBERTY ST, SOUTH BEND, IN",US,US,False,False,False,False,True,False,False,False,False,0.6666666666666666,0.5,0.8095238095238095,0.7741935483870968,0.8260869565217391,0.84375,False,False
S1-456050852,S3-935564481,S3,Bright & Brothers Private Limited,Bright + Private Limited Service,"C/O Sarika Dixit, Sangam Vihar Colony Mani Ki Madaiya, Tundla, Firozabad, Uttar Pradesh","Plot 793 C/o Sarika Dixit, Sangam Vihar Colony Mani Ki Madaiya, Tundla, Firozabad, UP",India,India,False,False,False,False,True,False,False,False,False,0.5,0.7058823529411765,0.475,0.7613636363636364,0.5,0.7590361445783133,False,False
S1-126826974,S3-512802969,S3,Nash and Nielson Brokerage LLC,Nash and Nielson LLC Service,"286 Nokomis Drive, Akron, OH","Ohio, Green, 286 Nokomis Drive",US,US,False,False,False,False,True,False,False,False,False,0.6666666666666666,0.42857142857142855,0.4594594594594595,0.42857142857142855,0.6,0.2857142857142857,False,False
S1-504426652,S2-408945691,S2,Nguyen Green Healthy,NGUYEN GREEN HEALTHY [CORPORATION],"720 Military Parkway, Unit C, Mesquite, TX","720 MILITARY PKWY, MESQUITE, TX",US,US,False,False,False,False,True,False,False,False,False,0.75,0.5,0.5862068965517241,0.5238095238095238,0.625,0.7435897435897436,False,False
S1-376632095,S3-462821441,S3,New Delhi Management Limited,#newdelhi,"New Delhi, Delhi, Ist Floor Nilgiri Apptt. Alaknanda Kalkaji Extn., New Delhi, 427","427, Ist Floor Nilgiri Apptt. Alaknanda Kalkaji Extn., New Delhi, DL",India,India,False,False,False,False,True,False,False,False,False,0.0,0.9090909090909091,0.14285714285714285,0.90625,0.2857142857142857,0.7631578947368421,False,False
S1-577950042,S2-240546043,S2,Ace Systems Pvt Ltd,ACESYSTEMS.COM,"8/1 Lal Bazar Street Bikanerbuilding 3Rd Floor R No 1, Kolkata, Calcutta, West Bengal","NO D/8/1 LAL BAZAR STREET BIKANERBUILDING 3RD FLOOR R NO 1, KOLKATA, West Bengal",India,India,False,False,False,False,True,False,False,False,False,0.0,0.8666666666666667,0.3181818181818182,0.8518518518518519,0.5789473684210527,0.8292682926829268,False,False
S1-868542380,S2-680214747,S2,Federal Oxley LLC,Federal Oxley L.L.C.,"22440 Jordan Heights Drive, Dinwiddie County, VA","JORDAN HEIGHTS DR, DINWIDDIE COUNTY, VA",US,US,False,False,False,False,True,False,False,False,False,0.4,0.625,0.7222222222222222,0.717391304347826,0.8947368421052632,0.8043478260869565,False,False
S1-57331758,S3-740891153,S3,Silver Pub Inc,Silver Pub Incorporated,"5003 Wilkes Ridge Place, Goochland County, VA","5003 Wilkes Ridge Pl, Goochland County, Virginia",US,US,False,False,False,False,True,False,False,False,False,0.5,0.5555555555555556,0.5714285714285714,0.7,0.6086956521739131,0.8043478260869565,False,False
S1-884406818,S2-343600796,S2,Bharat Trading Private Limited,BHARAT TRADIN6 PRIVATE LIMITED,"C/102, Shree Sharanam Chs Ltd, Near Hiranandani Estate, Patlipada, Thane, Maharashtra","Maharashtra, BLOCK F-506 C/102, SHREE SHERANAM CHS LTD, NEAR HIRANANDANI ESTATE, PATLIPADA, THANE",India,India,False,False,False,False,True,False,False,False,False,0.6,0.6875,0.8064516129032258,0.7582417582417582,0.9666666666666667,0.5978260869565217,False,False
S1-951689347,S3-162098752,S3,Hot Housing (India) Private Limited,hothousingindia.com,"House No. 8/8 Eight Marla, Model Town, Gurugram, Gurgaon, Haryana","House No. 9-8/8 Eight Marla, Model Town, Gurugram, Sohna, HR",India,India,False,False,False,False,True,False,False,False,False,0.0,0.6153846153846154,0.2631578947368421,0.6212121212121212,0.5151515151515151,0.7833333333333333,False,False
S1-492740319,S3-156120048,S3,Escorts Academy,Escorts Academy Corp,"Plot No 244 C Ravindra, Nagar A Airport Road, Jaipur, Rajasthan","Nagar A Airport Road, RJ, Jaipur, Plot No 244 C Ravindra, Jaipur",India,India,False,False,False,False,True,False,False,False,False,0.6666666666666666,0.8333333333333334,0.7647058823529411,0.71875,0.75,0.19999999999999996,False,False
S1-288803419,S3-487834283,S3,Swanson & Mead LLC,Swanson & Méad,"903 6th Street, City Of Mosinee, WI","903 6th St, City Of Mosinee, Wisconsin",US,US,False,False,False,False,True,False,False,False,False,0.25,0.5555555555555556,0.4117647058823529,0.6842105263157895,0.6875,0.6944444444444444,False,False
S1-263956325,S3-564065387,S3,Techwave & Brothers Private Limited,Techwave  & Brothers,"Flat No G-4, Block -2 Bhaskara Palace Sri Ram Nagar Colony, Puppalaguda, Hyderabad, Rangareddy, Telangana","Flat No G-4, Block -2 Bhaskara Palace Sri Ram Nagar Colony, Puppalaguda, Rangareddi, Rangareddy, TG",India,India,False,False,False,False,True,False,False,False,False,0.5,0.7777777777777778,0.4838709677419355,0.7789473684210526,0.5151515151515151,0.8383838383838383,False,False
S1-803102128,S2-32277358,S2,Fraction Financeand Private Limited,Fraction Financeand Private Ltd Ltd,"50, Sahid Kudiram Bose Sarani, 8Th Bye Lane, P.S.- Dasnagar, Bally Jagachha, Howrah, West Bengal","DOOR NO ##19 50, SAHID KUDIRAM BOSE SARANI, 8TH BYE LANE, P.S.- DASNAGAR, BALLY JAGACHHA, West Bengal",India,India,False,False,False,False,True,False,False,False,False,0.6,0.7894736842105263,0.7297297297297297,0.7916666666666666,0.8571428571428572,0.8043478260869565,False,False
S1-901608651,S3-54772472,S3,Delhi Export Limited,Delhi Export,"122 Square Yards At Nai Sarak, Chandini Chowk, Delhi, North Delhi, Delhi","122/2 Square Yards At Nai Sarak, Chandini Chowk, Delhi, North Delhi, DL",India,India,False,False,False,False,True,False,False,False,False,0.6666666666666666,0.8333333333333334,0.5555555555555556,0.9491525423728814,0.6,0.9264705882352942,False,False
S1-603574022,S2-598446797,S2,Supreme Global Private Limited,SUPREME GLOBAL PRIVATE LTD,"2G2, Ats Green Sector 50, Noida, Uttar Pradesh",,India,India,False,False,False,False,True,False,False,False,False,0.6,0.0,0.7333333333333333,0.0,0.8666666666666667,0.0,False,True
S1-855048531,S3-590076149,S3,Porter's Horizon Financial,Porter'S Horhizon Financial,"3700 5th Street, Unit APT D5, Rock Island, IL","370 5nd Street, # APT D5, Illinois, Rock Island",US,US,False,False,False,False,True,False,False,False,False,0.6,0.4166666666666667,0.8148148148148148,0.5094339622641509,0.962962962962963,0.5238095238095238,False,False
S1-630839433,S2-555688690,S2,Chiropractic Associates Inc.,Chiropractic Asmocgiatse Inc.,"511 55th Street, Renton, WA","WA, RENTON, 511 55TH ST",US,US,False,False,False,False,True,False,False,False,False,0.5,0.6666666666666666,0.45714285714285713,0.5555555555555556,0.8571428571428572,0.16000000000000003,False,False
S1-947218188,S3-865973664,S3,"LF Choice Futurewave, PLLC","LF Choice Futurewave, - 5240519643","19401 7th Street, Unit 215, Phoenix, AZ","19401 7th Street, Unit 215, Phoenix, Arizona",US,US,False,False,False,False,True,False,False,False,False,0.6,0.75,0.5757575757575758,0.825,0.6774193548387097,0.8780487804878049,False,False
S1-84384803,S2-700670403,S2,Tri-State Guild,Tri-State Guild LP,"34 Old Colony Road, Stamford, CT","34 OLD COLONY RD, NULL, STAMFORD, CT",US,US,False,False,False,False,True,False,False,False,False,0.75,0.625,0.8125,0.6470588235294118,0.8333333333333334,0.8181818181818181,False,False
S1-222164170,S3-694931032,S3,Infrastructures Logistics Pvt. Ltd.,M/s Infrastructures Logistics Pvt.,"Basement And Ground Floor C-8, New Subzi Mandi, Azadpur, Delhi, New Delhi, Delhi","Plot 495 Basement And Ground Floor C-8, New Subzi Mandi, Azadpur, New Delhi, Delhi, DL",India,India,False,False,False,False,True,False,False,False,False,0.5,0.7857142857142857,0.7714285714285715,0.8142857142857143,0.7575757575757576,0.7777777777777778,False,False
S1-17147065,S2-695652386,S2,Crystal Connection,@CRYSTALCONNECTION,"6608 264A, Stantonsburg, NC","6608A 264A, STANTOONSBURG, NC",US,US,False,False,False,False,True,False,False,False,False,0.0,0.3333333333333333,0.7222222222222222,0.7142857142857143,0.9444444444444444,0.9259259259259259,False,False
S1-79880343,S3-905431640,S3,Pac Essentials Pvt. Ltd.,Pac Pvt. Ltd. Services,"C/O Ishwar Chand Jain Station Area Sw Mall Cs 3 2, Ganjbasoda, Vidisha, Madhya Pradesh","C/o Ishwar Chand Jain Station Area Sw Mall Cs 3 2, Vidisha, Ganjbasoda, MP",India,India,False,False,False,False,True,False,False,False,False,0.6,0.8235294117647058,0.26666666666666666,0.7926829268292683,0.31818181818181823,0.7349397590361446,False,False
S1-851850757,S2-773345123,S2,Dermatology Center Company,Dermatology  Center Co,"OH, 952 Farrington Drive, Westerville","952 FARRINGTON DRIVE, WESTERVILLE, OH",US,US,False,False,False,False,True,False,False,False,False,0.5,1.0,0.7916666666666666,0.8333333333333334,0.8076923076923077,0.8285714285714285,False,False
S1-612256379,S2-970243816,S2,Modern Technology Pvt Ltd,Modern टेक्नोलॉजी Pvt Ltd,"14/ 32, Wea Karol Bagh, New Delhi, Delhi","14/ 32, WEA KAROL BAGH, Delhi",India,India,False,False,False,False,True,False,False,False,False,0.6,0.8571428571428571,0.3142857142857143,0.7419354838709677,0.6,0.7222222222222222,False,False
S1-967876950,S2-844601823,S2,Gulf High,Gulf High Inc,"W763 Hooper Road, Town Of Palmyra, WI","W763 HOOPER RD, TOWN OF PALMYRA, WI",US,US,False,False,False,False,True,False,False,False,False,0.6666666666666666,0.75,0.6363636363636364,0.8285714285714286,0.6923076923076923,0.9428571428571428,False,False
S1-995477728,S2-124144067,S2,Amj Polytechnic,Amj Polytechnic Limited,"C/O Bimla Sharma, F-375, Sector-36, Noida, Gautam Buddha Nagar, Uttar Pradesh","C/O BIMLA SHARMA, F-375, SECTOR-36, NOIDA, Uttar Pradesh",India,India,False,False,False,False,True,False,False,False,False,0.6666666666666666,0.7857142857142857,0.6190476190476191,0.7,0.6521739130434783,0.7222222222222222,False,False
S1-605171794,S3-891790503,S3,Ishi Papers Limited,Ishi Limited Center,"B-Block, Dollfine Estates, Syno.32-P 3Rd Phase, Near Janapriya, Miyapur, Hyderabad, Telangana, 104, Hyderabad","104, Hyderabad, TG",India,India,False,False,False,False,True,False,False,False,False,0.5,0.125,0.36,0.14444444444444443,0.368421052631579,0.12871287128712872,False,False
S1-98744034,S2-191188474,S2,Biddy Denby Legacy Yhn,Biddy Dsecnyb Legacy Yhn,"47 Williams Way, Holden, ME",,US,US,False,False,False,False,True,False,False,False,False,0.6,0.0,0.5,0.0,0.8333333333333334,0.0,False,True
S1-449891997,S3-287348523,S3,Department of Finance,Department of Finance Co,"AR, 3412 Ar 163 Highway, Jonesboro","Ar 163 Highway, Jonesboro, Arkansas",US,US,False,False,False,False,True,False,False,False,False,0.75,0.6666666666666666,0.8636363636363636,0.6216216216216216,0.875,0.48484848484848486,False,False
S1-590941968,S3-17367840,S3,Sree Foundation Private Limited,Sree (Foundation),"Flat No. A-604, Nandanvan Park Chs Ltd Plot 9, Sector 36, Kamothe, Navi Mumbai, Maharashtra","Nandanvan Park Chs Ltd Plot 9, Sector 36, MH, Navi Mumbai, Flat No. A-c-604",India,India,False,False,False,False,True,False,False,False,False,0.5,0.7777777777777778,0.4482758620689655,0.6555555555555556,0.4838709677419355,0.6235294117647059,False,False
S1-890052683,S3-854959162,S3,Mariquilla Robinson Safe Montage Inc.,"Robinson, Mariquilla Safe Ínc. Center","8336 Indian Trail Road, Rockingham County, VA","Virginia, Rockingham County, 8336 Indian Trail Rd",US,US,False,False,False,False,True,False,False,False,False,0.42857142857142855,0.5555555555555556,0.425531914893617,0.6666666666666666,0.2777777777777778,0.23404255319148937,False,False
S1-995716146,S3-698823763,S3,Fortune Impex Private Limited,Fortune Ímpex Private Limited,"1203, 1204, Apollo, Raheja Arcopolis, Deonar Village Road, Behind Telecom Fact, Ory, Mumbai, Mumbai City, Maharashtra","Block G-172 1203, Bombay, Mumbai City, MH",India,India,False,False,False,False,True,False,False,False,False,0.6,0.15,0.8,0.1391304347826087,0.9655172413793104,0.25,False,False
S1-906812446,S3-9926688,S3,Tech Investments Pvt Ltd,Beloquo,"Ne -25, Ff, New Delhi, West Delhi, Delhi","DL, Ne -2-5, New Delhi",India,India,False,False,False,False,True,False,False,False,False,0.0,0.3333333333333333,0.0,0.3333333333333333,0.04166666666666663,0.37142857142857144,False,False
S1-783587771,S3-868711226,S3,Figx LLC,Figx,"1027 Holly Hill Road, Thomasville, NC","North Carolina, 1027-1031 Holly Hill Rd, Thomasville",US,US,False,False,False,False,True,False,False,False,False,0.5,0.4,0.3333333333333333,0.4444444444444444,0.5,0.5,False,False
S1-570984177,S2-775168424,S2,Nexify Data Inc,Nexify Da (Ínc),"394 Washington Street, Wellesley, MA","403-C WASHINGTON ST, WELLESLEY HILLS, MA",US,US,False,False,False,False,True,False,False,False,False,0.2,0.3333333333333333,0.4117647058823529,0.5111111111111111,0.8,0.631578947368421,False,False
S1-285944116,S2-903062389,S2,Devi Estates (India) Private Limited,Devi Estates (India) Private,"Msn Heights, Kanti Nagar Colony, Guddi Malkapur, Mehdipatnam, Hyderabad, Telangana","MSN HEIGHTS, KANTI NAGAR COLONY, GUDDI MALKAPUR, MEHDIPATNAM, HYDERABAD, తెలంగాణ",India,India,False,False,False,False,True,False,False,False,False,0.8,0.8181818181818182,0.7419354838709677,0.8048780487804879,0.7647058823529411,0.8831168831168831,False,False
S1-688506318,S3-992099319,S3,Urban Properties Private Limited,Urban Properties Limited Private,"1/6634 Old No 1175/5K2 Kh, 85 East Rohtash Nagar, Shahdara, Delhi","Old No 1175/5K2 Kh, Shahdara, DL",India,India,False,False,False,False,True,False,False,False,False,1.0,0.42857142857142855,0.8125,0.41935483870967744,0.6875,0.4838709677419355,False,False
S1-856694334,S2-448544573,S2,"Weinert, Leyva & Morency Pimco LLC","LLC Weinert, Lmyva & Morency Pimco","KY, Bancroft, 7500 Adler Way","7500 ADLER WAY, BANCROFT, KY",US,US,False,False,False,False,True,False,False,False,False,0.6666666666666666,1.0,0.6571428571428571,0.7777777777777778,0.7096774193548387,0.07692307692307687,False,False
S1-997126262,S3-382208995,S3,Karmyogi Hospital,Smt karmyogihospital.com,"515/5 E Shobha Shanti Residency T/2, Pratibha Nagar, Karvir, Kolhapur, Maharashtra","No 515/5 E Shobha Shanti Residency T/2, Pratibha Nagar, Karvir, Kolhapur, MH",India,India,False,False,False,False,True,False,False,False,False,0.0,0.8,0.48,0.8157894736842105,0.625,0.8461538461538461,False,False
S1-950618227,S3-669544285,S3,Swastik Care Private Limited,స్వస్తిక్ కేర్ ప్రైవేట్ లిమిటెడ్,"5Th Floor, Bhuwaneswari Plaza 47-10-1/14/1, Dwaraka Nagar, Visakhapatnam, Vishakhapatnam, Andhra Pradesh","Visakhapatnam, AP, Th Floor, Vishakhapatnam, Bhuwaneswari Plaza 47-10-1/14/1, Dwaraka Nagar",India,India,False,False,False,False,True,False,False,False,False,0.0,0.6875,0.0,0.7528089887640449,0.09375,0.23232323232323238,False,False
S1-180887978,S2-851831993,S2,Lavine Montessori School Inc,Lavine Montessori School,"544 Matthews Brook Lane, Powell, OH","00544 MATTHEWS BROOK LN, POWELL, OH",US,US,False,False,False,False,True,False,False,False,False,0.75,0.5,0.8461538461538461,0.7222222222222222,0.8571428571428572,0.8787878787878788,False,False
S1-124907376,S2-843384644,S2,Vinayakam Services Private Limited,-- Vinayakam Services Prvaet Limited,"Office No 512 5Th Floor, Plot No 66 Hilton Center, Thane, Maharashtra","OFFICE NO B3/512 5TH FLOOR, THANE, Maharashtra",India,India,False,False,False,False,True,False,False,False,False,0.6,0.5833333333333334,0.6578947368421053,0.5757575757575758,0.9117647058823529,0.5757575757575757,False,False
S1-178723937,S3-606871563,S3,Franchise Public School Limited,Franchise Public School Ltd,"C2, Sical Race View Apt., Race Course Road, Chennai City Corporation, Chennai, Tamil Nadu","#206 C2, Sical Race View Apt., Race Course Road, Chennai City Corporation, Chennai, TN",India,India,False,False,False,False,True,False,False,False,False,0.6,0.7142857142857143,0.7419354838709677,0.8108108108108109,0.8709677419354839,0.8554216867469879,False,False
S1-571107797,S3-593206106,S3,Dia Industries Group Limited,Dia Industries Group,"59/1, Viviani Road, Frazer Town, Bangalore, Karnataka","#59/1, Viviani Road, Frazer Town, Bangalore, ಕರ್ನಾಟಕ",India,India,False,False,False,False,True,False,False,False,False,0.75,0.7777777777777778,0.6923076923076923,0.7037037037037037,0.7142857142857143,0.8163265306122449,False,False
S1-639061778,S3-414141841,S3,Roopendra Ventures Corp,Roopendra Ventures,"Sonepat, Haryana, Railway Road, Ganaur, In Front Of Court Complex","In Front Of Court Complex, Railway Road, Ganaur, Sonepat, HR",India,India,False,False,False,False,True,False,False,False,False,0.6666666666666666,0.8181818181818182,0.7619047619047619,0.7741935483870968,0.782608695652174,0.3114754098360656,False,False
S1-4168512,S3-971816523,S3,Cascade Ministries II,Cascade II Services,"Manchester, 84 Edward Isham Drive, VT","84 Edward Isham Drive, Manchester Center, Vermont",US,US,False,False,False,False,True,False,False,False,False,0.5,0.625,0.2413793103448276,0.6170212765957447,0.5714285714285714,0.276595744680851,False,False
S1-281299916,S3-350416378,S3,Martin Federal Impact Co,Martin Federal Impact,"3232 Clifton Avenue, Unit LOT 465, Wichita, KS","3232 Clifton Ave, Wicchita, Kansas",US,US,False,False,False,False,True,False,False,False,False,0.75,0.18181818181818182,0.8636363636363636,0.42,0.875,0.5116279069767442,False,False
S1-735143489,S2-411061841,S2,Noida Farmer LLP,noidafarmer.com,"Uttar Pradesh, Gautam Buddha Nagar, The Upper House, Noida, 1St Floor Dsc Road Barola, Sector-49","THE UPPER HOUSE, ST FLOOR DSC ROAD BAROLA, SECTOR-49, NOIDA, Uttar Pradesh",India,India,False,False,False,False,True,False,False,False,False,0.0,0.7058823529411765,0.42105263157894735,0.6559139784946236,0.75,0.3296703296703297,False,False
S1-687257593,S2-983506708,S2,Swastik Agro Private Limited,স্বস্তিক অ্যাগ্রো প্রাইভেট লিমিটেড,"Kolkata, West Bengal, Calcutta, 13C Hindustan Road","NO 13C HINDUSTAN ROAD, KOLKATA, CALCUTTA, West Bengal",India,India,False,False,False,False,True,False,False,False,False,0.0,0.875,0.0,0.82,0.08823529411764708,0.24,False,False
S1-919650165,S3-28818573,S3,Miran Rosa Viii LLC,"Rosa, Miran Viii Llc","700 Hampton, Youngsville, NC","Hampton, Youngsville, North Carolina",US,US,False,False,False,False,True,False,False,False,False,1.0,0.3333333333333333,0.7,0.5135135135135135,0.5789473684210527,0.5294117647058824,False,False
S1-288235956,S2-787028336,S2,United Capital Hub LLC,United Carptal Húb LLC,"1968 Hill Station Road, Columbia, TN","001968 HILL STATION ROAD, COLUMBIA, TN",US,US,False,False,False,False,True,False,False,False,False,0.3333333333333333,0.7142857142857143,0.48148148148148145,0.9411764705882353,0.8636363636363636,0.9444444444444444,False,False
S1-443051277,S2-2868760,S2,"Heritage Financial Solutions, LLC","LLC Heritage Fínancial Solutions,","Unit Apartment 13, 16 Smithwheel Road, Old Orchard Beach, ME","16 SMITHWHEEL ROAD, OLD ORCHARD BEACH, ME",US,US,False,False,False,False,True,False,False,False,False,0.6,0.7,0.6666666666666666,0.6666666666666666,0.71875,0.6842105263157895,False,False
S1-84215846,S2-671019732,S2,Falcon Medical Centre Private Limited,Falcon Medical-Centre Prívate,"2Nd Floor, Plot No. 31, Vibrant Business Park, Opp. Upl Company, N.H. 48, Pardi, Valsad, Gujarat","2ND FLOOR, PLOT NO. 31, VIBRANT BUSINESS PARK, OPP. UPL COMPANY, N.H. 48, PARDI, Gujarat",India,India,False,False,False,False,True,False,False,False,False,0.5,0.9411764705882353,0.631578947368421,0.891566265060241,0.7567567567567568,0.9186046511627907,False,False
S1-562709761,S3-344185838,S3,Avyaan & Sons Pvt. Ltd.,Avyaan &-Sons Pvt. Limited,"Shop No. 15, Rajasthan, 16, A-Block, Jda Market, Jaipur",,India,India,False,False,False,False,True,False,False,False,False,0.6,0.0,0.6521739130434783,0.0,0.8260869565217391,0.0,False,True
S1-634445536,S2-990575489,S2,Carve & Co,Cfarve  & Co,"Office -302, Neelkanth Landmark Plot No 365, 1 / 365, Panvel Maheran Road, Panvel, Raigarh, Maharashtra","OFFICE -4-302, PANVEL, RAIGARH, Maharashtra",India,India,False,False,False,False,True,False,False,False,False,0.3333333333333333,0.35714285714285715,0.625,0.38823529411764707,0.8888888888888888,0.3829787234042553,False,False
S1-60282993,S3-27935782,S3,Shantinath Hotels,Shantinath Hotels  Co,"Smie 20/2, Ymca Chowk, Ballabgarh, Plot No 62 First Floor, Haryana, Faridabad","No 62 First Floor, Smie 20/2, Ymca Chowk, Ballabgarh, Faridabad, HR",India,India,False,False,False,False,True,False,False,False,False,0.6666666666666666,0.7857142857142857,0.8333333333333334,0.7105263157894737,0.85,0.29166666666666663,False,False
S1-46853972,S3-135124695,S3,Shakti Healthcare Private Limited,Shakti હેલ્થકેર Private Limited,"Shop No. 501, Raj Oriyan Near Sandhyavandan, Palanpur, Surat, Gujarat","Surat, Shop No. 501, GJ, Surat",India,India,False,False,False,False,True,False,False,False,False,0.6,0.36363636363636365,0.4634146341463415,0.234375,0.696969696969697,0.21875,False,False
S1-559573203,S3-417082867,S3,Sharai Brown Interstate Services,Sharai Brrown Interstate Services | www.sharaibrr.com,"Victoria, 602 Brocton, TX","602- Brocton, Victoria, Texas",US,US,False,False,False,False,True,False,False,False,False,0.3333333333333333,0.6,0.6170212765957447,0.5925925925925926,0.6037735849056604,0.23076923076923073,False,False
S1-349261362,S3-84288688,S3,Surgical Group,Surgical Group Services | www.surgicalg.com,"1111 Big Portage Lake Drive, Backus, MN","1111 Big Portage Lake Dr, Backus, Minnesota",US,US,False,False,False,False,True,False,False,False,False,0.2857142857142857,0.5555555555555556,0.34285714285714286,0.6363636363636364,0.32558139534883723,0.7560975609756098,False,False
S1-681247943,S3-65004009,S3,V 5 Innovative Services,V 5 Ínnovative Services,"Atlanta, GA, 3567 Heritage Valley Road","3567 Heritage Valley Road, Atlanta, Georgia",US,US,False,False,False,False,True,False,False,False,False,0.6,0.7142857142857143,0.75,0.6976744186046512,0.9565217391304348,0.3414634146341463,False,False
S1-234031392,S3-61597932,S3,Red Massage,Red Massage Corporation,"1650 Main Street, Decatur, IL","1650 Main St, Decatur, Illinois",US,US,False,False,False,False,True,False,False,False,False,0.6666666666666666,0.42857142857142855,0.42857142857142855,0.625,0.4782608695652174,0.6551724137931034,False,False
S1-948871070,S2-442814612,S2,Indian Clinic,Indian Clinic Corporation,"1/3 Assaye Road, Civil Station, Near Ulsoor Lake, Frazer Town, Bangalore, Karnataka","##1/3 ASSAYE ROAD, CIVIL STATION, NEAR ULSOOR LAKE, FRAZER TOWN, Karnataka",India,India,False,False,False,False,True,False,False,False,False,0.6666666666666666,0.9230769230769231,0.4782608695652174,0.8441558441558441,0.52,0.8717948717948718,False,False
S1-815766380,S3-587881369,S3,Aguilar Health Center,Aguilar Héalth Cénter,"Cedar Rapids, 2406 Catskill St SW, IA","2406 Catskill Saint Southwest, Cedar Rapids, Iowa",US,US,False,False,False,False,True,False,False,False,False,0.2,0.4,0.52,0.5,0.9047619047619048,0.21276595744680848,False,False
S1-869181817,S2-914503973,S2,Hexagon Public School,Mirafluxvera,"Fourth Floor Office No. 405A, Abc Complex, Veer Saverker Block, Shakarpur, Delhi, East Delhi, Delhi","FOURTH FLOOR OFFICE NO. 405A, ABC COMPLEX, VEER SAVERKER BLOCK, SHAKARPUR, EAST DELHI, DELHI, दिल्ली",India,India,False,False,False,False,True,False,False,False,False,0.0,0.9285714285714286,0.0,0.896551724137931,0.09523809523809523,0.8602150537634409,False,False
S1-732324378,S3-225978726,S3,Shakti Enterprises LLP,Shakti ఎంటర్‌ప్రైజెస్ ఎల్‌ఎల్‌పీ,"Telangana, F No-1408, Hyderabad, Block-F, Aditya Imperial Heights, Old Haffezpet, Rangareddy","F No-1408, Hyderabad, Rangareddy, Andhra Pradesh",India,India,False,False,False,False,True,False,False,False,False,0.2,0.35714285714285715,0.11904761904761904,0.27835051546391754,0.25,0.36046511627906974,False,False
S1-707981977,S3-545720919,S3,Classic Healthcare Private Limited,Private Classic Healthcare Ltd,"Sco - 5, 1St Floor, Flower Enclave Near Phase -Iii, Dugri, Ludhiana, Punjab","Sco - 5, null, Dugri, Ludhiana, ਪੰਜਾਬ",India,India,False,False,False,False,True,False,False,False,False,0.6,0.2857142857142857,0.6666666666666666,0.24324324324324326,0.4117647058823529,0.35820895522388063,False,False
S1-84308049,S2-377221916,S2,"Snyder, Earle and Hakimi LLC","SNYDER, HAKIMI AND EARLE  LLC","303 Windsor Court, Unit A, South Elgin, IL","303 WINDSOR COURT, S. ELGIN, IL",US,US,False,False,False,False,True,False,False,False,False,1.0,0.5555555555555556,0.7241379310344828,0.575,0.6296296296296297,0.717948717948718,False,False
S1-184981162,S2-229833001,S2,Black Industries Private Limited,Black Industries Limited Service,"No.178, 2Nd Street, Vivekananda Nagar, Kodungaiyur, Chennai, Tamil Nadu","878 , 2ND STREET, VIVEKANANDA NAGAR, KODUNGAIYUR, CHENNAI, Tamil Nadu",India,India,False,False,False,False,True,False,False,False,False,0.6,0.7272727272727273,0.5384615384615384,0.921875,0.65625,0.9393939393939394,False,False
S1-495006695,S2-709481710,S2,Ramey Quality Israel LLC,LLC Ramey Quality Ioragafl,"251 Saddlebrook Drive, Somerset, KY","251 SADDLEBROOK DR, SOMERSET, KY",US,US,False,False,False,False,True,False,False,False,False,0.6,0.6666666666666666,0.4375,0.7878787878787878,0.6153846153846154,0.9090909090909091,False,False
S1-24607209,S3-19012739,S3,Maa Services Private Limited,मां सर्विसेज प्राइवेट लिमिटेड,"Kn. No. -265, Plot No-76 H.No. A-527, F/Floor, New Ashok Nagar, East Delhi, Delhi","665 Kn. No. -265, New Ashok Nagar, East Delhi, DL",India,India,False,False,False,False,True,False,False,False,False,0.0,0.47058823529411764,0.0,0.5223880597014925,0.10344827586206895,0.5416666666666667,False,False
S1-147345887,S3-746292327,S3,Matoshree Public School,matoshreepublicschool.com,"Flat No 11, B- Wing, Ratnamala Co Op Hsg Soc Makhmalabad Mhasrul Link Road, Nashik, Maharashtra","#11, Nashik, MH",India,India,False,False,False,False,True,False,False,False,False,0.0,0.11764705882352941,0.5172413793103449,0.10714285714285714,0.76,0.1333333333333333,False,False
S1-315077540,S2-830282464,S2,Delhi Technologies Private Limited,Delhi Technologies Pgvafde Limited,"A-2/2, Second Floor, Sector-15, Rohini, Delhi, North West, Delhi","A-2/2-, SECOND FLOOR, SECTOR-15, ROHINI, DELHI, दिल्ली",India,India,False,False,False,False,True,False,False,False,False,0.6,0.7272727272727273,0.6410256410256411,0.6666666666666666,0.8823529411764706,0.7241379310344828,False,False
S1-702541867,S2-546236093,S2,A Clean Dpc,A Clean,"Lower Merion Township, PA, Unit Unit 5, 142 Cricket Avenue","0142 CRICKET AVE, ARDMORE, PA",US,US,False,False,False,False,True,False,False,False,False,0.6666666666666666,0.16666666666666666,0.5555555555555556,0.23333333333333334,0.6363636363636364,0.18181818181818177,False,False
S1-898124509,S2-408953482,S2,Dynamic Agro Private Limited,DYNAMIC ACRO PRIVATE LIMITED,"At P.O- Sonarivia- Sadhwara P.S.- Mashrakh, Saran, Bihar","AT P.O- SONARIVIA- SADHWARA P.S.- MASHRAKH, Bihar",India,India,False,False,False,False,True,False,False,False,False,0.6,0.8888888888888888,0.7931034482758621,0.8695652173913043,0.9642857142857143,0.88,False,False
S1-621801126,S2-566848433,S2,Parker Rocky Leapfrog,PARKER RORMKY LEAPFROG,"341 Main Street, Norwich, VT","341 MAIN ST, NORWICH, VT",US,US,False,False,False,False,True,False,False,False,False,0.5,0.6666666666666666,0.6956521739130435,0.76,0.9090909090909091,0.8461538461538461,False,False
S1-215294346,S3-100114854,S3,Balaji Software,Smt Balaji Sóftware LLP,"S-2/313 A Bhojubir Cantt, Varanasi, Uttar Pradesh","S-2/313 A Bhojubir Cantt, Varanasi, UP",India,India,False,False,False,False,True,False,False,False,False,0.2,0.7,0.4166666666666667,0.717391304347826,0.6086956521739131,0.7659574468085106,False,False
S1-530577080,S2-206975236,S2,Signature Crown,Signature Crown Inc.,"1986 Chancler Road, Forest Home, AL","1986 CHANCLER RD, FOREST HOME, AL",US,US,False,False,False,False,True,False,False,False,False,0.6666666666666666,0.7142857142857143,0.7647058823529411,0.8181818181818182,0.7894736842105263,0.9393939393939394,False,False
S1-484122248,S3-72092385,S3,Aurangabad Telecom Private Limited,Aurangabad Telecom Prívate Limited,"H No.27 &14, Gut Nono 99, Preet Tower Aurangabad, Aurangabad, Maharashtra",,India,India,False,False,False,False,True,False,False,False,False,0.6,0.0,0.8285714285714286,0.0,0.9705882352941176,0.0,False,True
S1-315154425,S3-435341533,S3,Lacie Mitchell Mountain Aspac Inc,Zephciraavi dba Lacie Mitchell Mountain Aspac Inc,"725 Couch Avenue, Vaughn, MT","Vaughn, MT, 725 Couch Avenue",US,US,False,False,False,False,True,False,False,False,False,0.7142857142857143,1.0,0.6595744680851063,0.7777777777777778,0.6734693877551021,0.23076923076923073,False,False
S1-112023850,S2-904014428,S2,Indian Estate Private Limited,इंडियन एस्टेट प्राइवेट लिमिटेड,"B-8/203, Brahmand Society 3Rd Phase, G B Road, Thane West, Mumbai, Thane, Maharashtra","BLOIK B-627 B-8/203, BRAHMAND SOCIETY 3RD PHASE, G B ROAD, THANE WEST, THANE, Maharashtra",India,India,False,False,False,False,True,False,False,False,False,0.0,0.8,0.0,0.7710843373493976,0.09999999999999998,0.7738095238095238,False,False
S1-824957579,S3-588446457,S3,Secure Security Works Inc.,(Incorporated) Secure Security Works,"Fulton, MO, 1480 Big Rock Drive","1480 Big Rock Dr, Fulton, Missouri",US,US,False,False,False,False,True,False,False,False,False,0.6,0.5,0.5483870967741935,0.5405405405405406,0.5,0.21875,False,False
S1-139402857,S3-659156018,S3,Mcnutt American Media LLC,Mcnutt American Media,"23719 Hackberry Drive, Katy, TX","23719 Hackberry Drive, Katy, Texas",US,US,False,False,False,False,True,False,False,False,False,0.75,0.6666666666666666,0.8260869565217391,0.8387096774193549,0.84,0.90625,False,False
S1-927352790,S2-140699220,S2,Software Handa Estate Ltd,Software Hánda Estate Ltd,"Plot No. A-12 H Block, Midc, Pimpri, Pune, Maharashtra","Maharashtra, PLOT NO. A-12 H BLOCK, MIDC, PIMPRI, PUNE",India,India,False,False,False,False,True,False,False,False,False,0.6,1.0,0.7692307692307693,0.88,0.96,0.5102040816326531,False,False
S1-484438325,S2-314151546,S2,Wright and Marshall P.C.,Wright and Marshall Inc,"1111 Windsor Drive, River Heights, UT",,US,US,False,False,False,False,True,False,False,False,False,0.5,0.0,0.75,0.0,0.9130434782608696,0.0,False,True
S1-720758288,S3-547555553,S3,Thurman Precision Robotics Inc,Thurman Precision Robotics Incorporated,"68 Valentine Street, Unit 2, New Bedford, MA","Valentine St, New Bedford, Massachusetts",US,US,False,False,False,False,True,False,False,False,False,0.6,0.3,0.7567567567567568,0.4423076923076923,0.7692307692307692,0.3902439024390244,False,False
S1-469857233,S2-714723454,S2,YS Freight,YS Frieight,"3276 Hartsville Pike, Castalian Springs, TN","3276 HARTSVILLE PIKE, CASTALIAN SPRINGS CITY, TN",US,US,False,False,False,False,True,False,False,False,False,0.3333333333333333,0.8571428571428571,0.5454545454545454,0.8444444444444444,0.9090909090909091,0.8913043478260869,False,False
S1-742257478,S2-414287586,S2,Alive Com,Alive Com Company,"C-12 Chirag Enclave, New Delhi, Delhi","Delhi, DOOR NO 607 C-12 CHIRAG ENCLAVE, NEW DELHI",India,India,False,False,False,False,True,False,False,False,False,0.6666666666666666,0.6666666666666666,0.5384615384615384,0.6904761904761905,0.5294117647058824,0.4893617021276596,False,False
S1-186025890,S2-135215920,S2,Novara & Brothers Private Limited,Novara & Brothers-Picambe Limited,"Plot No. 46A, Garoba Maidan, Nagpur, Maharashtra","PLOT NO. 46A. , GAROBA MAIDAN, Maharashtra",India,India,False,False,False,False,True,False,False,False,False,0.6,0.8571428571428571,0.6111111111111112,0.7857142857142857,0.8709677419354839,0.8409090909090909,False,False
S1-207945564,S2-195862276,S2,Smart Rocky Biotechnology Inc,Smart Rocky Bíotechnology Inc.,"AZ, Phoenix, 1709 25th Place","AZ, 1709 1/2 25TH PL, PHOENIX",US,US,False,False,False,False,True,False,False,False,False,0.6,0.5,0.8,0.53125,0.9655172413793104,0.37037037037037035,False,False
S1-132171820,S2-945280984,S2,New Delhi India Limited,#NEWDELHI,"104 Star Lite Aptd-4 Sector-14 Extn Rohini, New Delhi, North Delhi, Delhi","दिल्ली, H.NO 104 STAR LITE APTD-4 SECTOR-14 EXTN ROHINI, NEW DELHI",India,India,False,False,False,False,True,False,False,False,False,0.0,0.7333333333333333,0.17391304347826086,0.7352941176470589,0.34782608695652173,0.5714285714285714,False,False
S1-596488601,S3-726245480,S3,Sj Wellness Private Limited,Private Sj Wellness (Limited),"Shop No 7, Bhiwani, Haryana, Opp. Tata Motors Loharu Road, Bhiwani","H.no 7, Opp. Tata Motors Loharu Road, Bhiwani, HR",India,India,False,False,False,False,True,False,False,False,False,1.0,0.6666666666666666,0.7857142857142857,0.7272727272727273,0.40740740740740744,0.639344262295082,False,False
S1-981273132,S3-300130549,S3,Coral Worldwide Ltd,Coral Ltd Partners,"South Delhi, Delhi, B-4/18 Krishna Nagar","Plot 797/1 B-4/18 Krishna Nagar, Delhi, South Delhi, दिल्ली",India,India,False,False,False,False,True,False,False,False,False,0.5,0.6363636363636364,0.2222222222222222,0.5686274509803921,0.3157894736842105,0.3035714285714286,False,False
S1-191341143,S3-854213542,S3,"Walcott, Montgomery and Pearson Intermediate Inc",Walcottmontgomerypearson.Com,"15209 82nd Avenue, Puyallup, WA","15209 82nd Avenue, Puyallup, Washington",US,US,False,False,False,False,True,False,False,False,False,0.0,0.6666666666666666,0.37254901960784315,0.7714285714285715,0.5531914893617021,0.7837837837837838,False,False
S1-616315625,S2-196128963,S2,Modern Enterprises Private Limited,मॉडर्न एंटरप्राइजेज प्राइवेट लिमिटेड,"South Delhi, A-7/2, Delhi, Ashola Farm Near Shani Mandir, New Delhi","NEW DELHI, A-7/2, Delhi",India,India,False,False,False,False,True,False,False,False,False,0.0,0.45454545454545453,0.0,0.3,0.08333333333333337,0.2857142857142857,False,False
S1-656375313,S3-521954802,S3,India Greenway Productions,India Greenway Productions [Limited],"Thiruvallur, Tamil Nadu, 6Th Cross Street, Prakash Nagar, No.350, Thiruninravur","350, Thiruninravur, Thiruvallur, TN",India,India,False,False,False,False,True,False,False,False,False,0.75,0.25,0.75,0.3333333333333333,0.7647058823529411,0.17567567567567566,False,False
S1-877416937,S3-605316734,S3,Seven Developers Pvt Ltd,ಸೆವೆನ್ ಡೆವಲಪರ್ಸ್ ಪ್ರೈವೇಟ್ ಲಿಮಿಟೆಡ್,"No.54 Nimbekaipura, Virgonagar, Bangalore, Karnataka","Door No 53 Nimbekaipura, Virgonagar, Bangalore, KA",India,India,False,False,False,False,True,False,False,False,False,0.0,0.4444444444444444,0.0,0.6727272727272727,0.05882352941176472,0.7346938775510203,False,False
S1-59878394,S2-71381651,S2,Mallissa Mcgarvey Mountain Tokyo LLC,Mallissa Mcorvye Mountain Tokyo LLC,"5214 Redbud Place, Unit OFFICE, Broken Arrow, OK","214 REDBUD PL, BROKEN ARROW, OK",US,US,False,False,False,False,True,False,False,False,False,0.6666666666666666,0.4,0.6341463414634146,0.5681818181818182,0.8888888888888888,0.6444444444444444,False,False
S1-959676120,S3-844114038,S3,Ss Healthcare Limited,Ltd Ss Healthcare,"Godown No. 14 Vithai Warehouse, Gat Number 397 Manjari Wagholi Road Awhalwadi, Haveli, Pune, Maharashtra","Godown No. 14 Vithai Warehouse, Pune, Haveli, MH",India,India,False,False,False,False,True,False,False,False,False,0.5,0.4375,0.4782608695652174,0.3917525773195876,0.4285714285714286,0.4242424242424242,False,False
S1-722072815,S3-821305124,S3,Durgapur Mc Travels Private Limited,Durgapur Mc Travels  Private,"B22, Pemendra Mitra Bithi, Pemendra Mitra Bithi, Durgapur Mc, Bardhaman, West Bengal","B22, Pemendra Mitra Bithi, Pemendra Mitra Bithi, Bardhaman, Durgapur Mc, পশ্চিমবঙ্গ",India,India,False,False,False,False,True,False,False,False,False,0.8,0.7,0.7575757575757576,0.6323529411764706,0.7714285714285715,0.6455696202531646,False,False
S1-472817414,S3-792530814,S3,Delta (India) India Pvt. Ltd.,De1ta (India) India  Pvt. Ltd.,"44, Building House, Doddaalahalli Village, Ramanagar, Kanakapura, Ramanagar, Karnataka","44, Building House, Doddaalahalli Village, Ramanagar, Ramanagar, Kanakapura, KA",India,India,False,False,False,False,True,False,False,False,False,0.6,0.7777777777777778,0.7,0.8656716417910447,0.96,0.7875,False,False
S1-37541343,S2-265849297,S2,RFH Ventures Private Limited,RFH Ventures Private,"K.K.Nagar, Rajaram Salai, Trichy-, 303, Tamil Nadu","303, RAJARAM SALAI, K.K.NAGAR, Tamil Nadu",India,India,False,False,False,False,True,False,False,False,False,0.75,0.875,0.6923076923076923,0.6888888888888889,0.7142857142857143,0.5777777777777777,False,False
S1-514902884,S2-762290780,S2,India Elite Projects Private Limited,India Elite Projects Private (ID: 17878),"Karnataka, House No.4 14Th Cross, Bangalore, Kanshiram Nagar, Vidyaranyapura Post","HOUSE NO.4 14TH CROSS, KANSHIRAM NAGAR, VIDYARANYAPURA POST, Karnataka",India,India,False,False,False,False,True,False,False,False,False,0.5714285714285714,0.9090909090909091,0.6410256410256411,0.782051282051282,0.7837837837837838,0.6103896103896104,False,False
S1-155254464,S3-662058519,S3,Gbm Pressings Private Limited,Shri Gbm Pressings Private Ltd,"15/16, Shantinagar, Mhowgaon, Mhow, Indore, Madhya Pradesh","Indore, 15/16, Shantinagar, Mhowgaon, Mhow, MP",India,India,False,False,False,False,True,False,False,False,False,0.5,0.6666666666666666,0.6060606060606061,0.6153846153846154,0.7,0.5094339622641509,False,False
S1-145793489,S2-822751054,S2,Immediate (India) Light Private Limited,lmmediate (India) Light Private Limited,"301, Ahmedabad, Gujarat, Ahmedabad, Kamdhenu Complex, Opp. Sales India, B/H Toran Dining Hall, Ashram Road","301, KAMDHENU COMPLEX, OPP. SALES INDIA, B/H TORAN DINING HALL, ASHRAM ROAD, AHMEDABAD, AHMADABAD, Gujarat",India,India,False,False,False,False,True,False,False,False,False,0.6666666666666666,0.9375,0.9375,0.9021739130434783,0.972972972972973,0.4285714285714286,False,False
S1-563860274,S3-422993620,S3,Legacy Choice Security L.L.C.,Legacy Choice L.L.C. Center,"1572 Juliet Way, Salem, OR","1572 Juliet Way, Salem, Oregon",US,US,False,False,False,False,True,False,False,False,False,0.6666666666666666,0.6666666666666666,0.45454545454545453,0.8461538461538461,0.5,0.8571428571428572,False,False
S1-666630383,S3-908880074,S3,Star Engineering Private Limited,स्टार इंजीनियरिंग प्राइवेट लिमिटेड,"Block No.- C 10, Shop No.- 3 (Second Floor) Kapda Market, Sanjay Place, Agra, Uttar Pradesh","#471- Block No.- C 10, Shop No.- 3 (Second Floor) Kapda Market, Sanjay Place, Agra, UP",India,India,False,False,False,False,True,False,False,False,False,0.0,0.7647058823529411,0.0,0.7926829268292683,0.08823529411764708,0.8148148148148149,False,False
S1-199929467,S2-87008234,S2,Allied Platinum Priority Partners,Allied Platinum,"3253 Arsenal Avenue, Indianapolis, IN","IN, INDIANAPOLIS, 3263 ARSENAL AVE",US,US,False,False,False,False,True,False,False,False,False,0.5,0.42857142857142855,0.41935483870967744,0.5897435897435898,0.4545454545454546,0.1428571428571429,False,False
S1-862115332,S2-987519156,S2,Community Initiative LLC,Community Initiative,"2443 244, Ward, NY","NY, 2443 244, BELOMNT",US,US,False,False,False,False,True,False,False,False,False,0.6666666666666666,0.6,0.8095238095238095,0.2727272727272727,0.8333333333333334,0.5263157894736843,False,False
S1-225602015,S2-937935846,S2,Seven Exports Private Limited,सेवन एक्सपोर्ट्स प्राइवेट लिमिटेड,"Mustafabad, Chiraiyatard, Near Hp Gas Agency, Rampur, Gaya, Bihar","MUSTAFABAD, GAYA, Bihar",India,India,False,False,False,False,True,False,False,False,False,0.0,0.3333333333333333,0.0,0.3103448275862069,0.06060606060606055,0.35,False,False
S1-190401843,S2-31313650,S2,City Construction Private Limited,सिटी कंस्ट्रक्शन प्राइवेट लिमिटेड,"419 Shiv Centresector 17 Vashi, Navi Mumbai, Thane, Maharashtra","H.NO 419 SHIV CENTRESECTOR 17 VASHI, NAVI MUMBAI, THANE, Maharashtra",India,India,False,False,False,False,True,False,False,False,False,0.0,0.8181818181818182,0.0,0.9180327868852459,0.06060606060606055,0.9230769230769231,False,False
S1-595644074,S2-215358394,S2,"Lauer, Coney & Hendrickson Illinois LLC","Lauer, Coney & Headtrihsbkno Illinois LLC","111-39 Lefferts Boulevard, South Ozone Park, NY","##111-39 LEFFERTS BLVD, SOUTH OZONE PARK, NY",US,US,False,False,False,False,True,False,False,False,False,0.6666666666666666,0.7777777777777778,0.48936170212765956,0.723404255319149,0.8157894736842105,0.8888888888888888,False,False
S1-382677965,S2-529291873,S2,Royal Construction Limited,रॉयल कंस्ट्रक्शन लिमिटेड,"Officeno.7, I 1St Floor, Roop Madhuban, Shobhagpura, Girwa, Udaipur, Rajasthan","OFFICENO.#7, I 1ST FLOOR, ROOP MADHUBAN, SHOBHAGPURA, UDAIPUR, GIRWA, राजस्थान",India,India,False,False,False,False,True,False,False,False,False,0.0,0.8333333333333334,0.0,0.7662337662337663,0.07692307692307687,0.75,False,False
S1-625996647,S3-561917788,S3,MO Street LLC,M0 Street Llc,"28611 16th Avenue, Federal Way, WA","28611 16th Avenue, Federal Way, Washington",US,US,False,False,False,False,True,False,False,False,False,0.5,0.7142857142857143,0.6923076923076923,0.7837837837837838,0.9230769230769231,0.8,False,False
S1-193953109,S2-459385594,S2,Namma Steps Limited,NAMMA STEPS,"Maharashtra, A/131, Nibbana Chsl, Nargis Dutt Road, Pali Hill Road, Bandra West, Mumbai City, Mumbai","A/129, NIBBANA CHSL, NARGIS DUTT ROAD, PALI HILL ROAD, BANDRA WEST, MUMBAI, Maharashtra",India,India,False,False,False,False,True,False,False,False,False,0.6666666666666666,0.8,0.5294117647058824,0.7906976744186046,0.5789473684210527,0.7311827956989247,False,False
S1-417288256,S2-502102120,S2,Precision Aerospace Brands,Precision Brands Aerospace,"CA, 3416 Killeen Circle, Sacramento","3416 KILLEEN CIR, ARDEN-ARCADE, CA",US,US,False,False,False,False,True,False,False,False,False,1.0,0.375,0.7777777777777778,0.3111111111111111,0.46153846153846156,0.5454545454545454,False,False
S1-553701465,S2-398150786,S2,Tobias Desert Ampercap Corp,Tobias Desert Ampercap,"364 G Aladdin, Colville, WA","364 G ALADDIN, PO BOX 2782, COLVILLE, WA",US,US,False,False,False,False,True,False,False,False,False,0.75,0.625,0.8,0.6111111111111112,0.8148148148148149,0.6756756756756757,False,False
S1-882584247,S2-314367858,S2,Astin Technical Pvt Ltd,Astin Tcehniflal Pvt Ltd,"No 10/1 Lakshminarayana Complex, Palace Road, Bangalore North, Bangalore, Karnataka","NO 10/1 LAKSHMINARAYANA COMPLEX, PALACE ROAD, BANGALORE NORTH, Karnataka",India,India,False,False,False,False,True,False,False,False,False,0.6,1.0,0.4827586206896552,0.9565217391304348,0.8333333333333334,0.8734177215189873,False,False
S1-56909477,S2-824303133,S2,"Vantan British, LLC","VANTAN BRITISH,","20611 Cubbage Pond Road, Lincoln, DE","20611 CUBBAGE POND RD, LINCOLN, DE",US,US,False,False,False,False,True,False,False,False,False,0.6666666666666666,0.7142857142857143,0.75,0.8235294117647058,0.7777777777777778,0.9411764705882353,False,False
S1-682483540,S3-676447645,S3,High Food Private Limited,High फूड प्राइवेट लिमिटेड,"Neem Ka Thana Road Ward No.-08, Teh. Shahpur, Jaipur, Rajasthan","Neem Ka Thana Road Ward No.-08, Teh. Shahpur, Apr, Jaipur, RJ",India,India,False,False,False,False,True,False,False,False,False,0.14285714285714285,0.7692307692307693,0.06976744186046512,0.8070175438596491,0.24,0.8103448275862069,False,False
S1-716316847,S3-418355648,S3,Lower Parel(W) India Ltd,Lower Pasrel(W) India Ltd,"Maharashtra, Lower Parel(W), Mumbai, 321, Parvati Industrial Estate, Sun Mill Compound","No 542. 321, Parvati Industrial Estate, Sun Mill Compound, Lower Parel(w), Mumbai, MH",India,India,False,False,False,False,True,False,False,False,False,0.6666666666666666,0.7333333333333333,0.7916666666666666,0.7441860465116279,0.9583333333333334,0.32499999999999996,False,False
S1-247597453,S3-59732183,S3,Paugh Midwest Parts LLC,Paugh Midwest Parts L.L.C.,"CA, Costa Mesa, Unit C, 675 Paularino Avenue","Paularino Avenue, Unit C, Costa Mesa, California",US,US,False,False,False,False,True,False,False,False,False,0.5,0.6666666666666666,0.7916666666666666,0.6078431372549019,0.92,0.3111111111111111,False,False
S1-229073684,S2-667507419,S2,Halceon Construction LLC,HALCEON LLC SERVICE,"2992 Dutch Run Road, Beaver, OH","2992- DUTCH RUN RD, UNION TWP, OH",US,US,False,False,False,False,True,False,False,False,False,0.5,0.4444444444444444,0.3103448275862069,0.375,0.41666666666666663,0.6333333333333333,False,False
S1-796871122,S2-22356443,S2,Wilbourn Signature Green,Wilbourn Green Signature,"1078 Washington Avenue, Unit Apartment 1, Albany, NY","ALBANY CITY, WASHINGTON AVE, NY",US,US,False,False,False,False,True,False,False,False,False,1.0,0.3,0.8333333333333334,0.34545454545454546,0.5,0.26530612244897955,False,False
S1-937714332,S2-333294904,S2,Custom Financial Innovations PC,The Custom Financial Innovations  PC,"TX, 3511 Laurel Bay Loop, Round Rock",,US,US,False,False,False,False,True,False,False,False,False,0.8,0.0,0.8787878787878788,0.0,0.8857142857142857,0.0,False,True
S1-914698874,S3-568028750,S3,Roth Continental Stardust LLC,Roth Continental,"618 Ridge Street, Houston, TX","Ridge St, Houston, Texas",US,US,False,False,False,False,True,False,False,False,False,0.5,0.2857142857142857,0.5185185185185185,0.5,0.5517241379310345,0.5925925925925926,False,False
S1-565996001,S3-629115587,S3,Jay Exports Pvt Ltd,जय एक्सपोर्ट्स Pvt Ltd,"2-D, 2Nd Floor, Church Compound, Sukhdev Vihar Masigarh Road, New Delhi, Delhi","New Delhi, दिल्ली, 2Nd Floor, Church Compound, Sukhdev Vihar Masigarh Road, 2-D, New Delhi",India,India,False,False,False,False,True,False,False,False,False,0.3333333333333333,0.9230769230769231,0.1935483870967742,0.8666666666666667,0.36363636363636365,0.75,False,False
S1-511445907,S3-683775308,S3,VWI Hennessy LP,VWI Hnebssy LP,"3643 Cheryl Drive, Flagstaff, AZ",,US,US,False,False,False,False,True,False,False,False,False,0.5,0.0,0.3888888888888889,0.0,0.8,0.0,False,True
S1-135857072,S2-863416432,S2,Urology Advanced Health,Urology Advacnod Health,"17392 Villa Hermosa Lane, Surprise, AZ","1739 VILLA HERMOSA LN, SURPRISE, AZ",US,US,False,False,False,False,True,False,False,False,False,0.5,0.5,0.6153846153846154,0.6666666666666666,0.8695652173913043,0.9166666666666666,False,False
S1-279779241,S3-6069755,S3,Physical Therapy Horizon Specialists Inc,Physical Therapy Horizon Specialists,"1450 Ilwaco Court, Camas, WA","1450 Ilwaco Ct, Camas, Washington",US,US,False,False,False,False,True,False,False,False,False,0.8,0.42857142857142855,0.8947368421052632,0.5588235294117647,0.9,0.6451612903225806,False,False
S1-531581296,S3-964781099,S3,American Center,American-Center Enterprises,"200 Fawcett Court, Canton, OH",,US,US,False,False,False,False,True,False,False,False,False,0.6666666666666666,0.0,0.5909090909090909,0.0,0.5555555555555556,0.0,False,True
S1-760201982,S3-872550481,S3,Real Urban Hospitality Private Limited,रियल अर्बन हॉस्पिटैलिटी प्राइवेट लिमिटेड,"A-19, Gf Okhla Phase 2, Fiee Complex Kartar Tower, New Delhi, South Delhi, Delhi","दिल्ली, South Delhi, New Delhi, A-19, N/A",India,India,False,False,False,False,True,False,False,False,False,0.0,0.3333333333333333,0.0,0.23684210526315788,0.09999999999999998,0.24,False,False
S1-845817701,S3-914214876,S3,Apex Finance Pvt Ltd,Apex Firanrie Pvt Ltd,"60/81, Rajat Path Manasarovar, Jaipur, Rajasthan","राजस्थान, Jaipur, 0/81, Rajat Path Manasarovar, Jaipur",India,India,False,False,False,False,True,False,False,False,False,0.6,0.5555555555555556,0.48,0.66,0.8571428571428572,0.48,False,False
S1-905523282,S3-114740816,S3,Solutions River Grains,Solutions River Center,"C S No 2066/K Raising Sun Apartment, Shop No 09, Galli No 8, Wairan Adda, Jaysingpur., Jaysingpur, Kolhapur, Maharashtra","C S No 2066/K Raising Sun Apartment, NULL, Jaysingpur, Kolhapur, महाराष्ट्र",India,India,False,False,False,False,True,False,False,False,False,0.5,0.5263157894736842,0.5384615384615384,0.45794392523364486,0.7272727272727273,0.5357142857142857,False,False
S1-907287192,S2-866976725,S2,Hari Solutions Private Limited,हरि सॉल्यूशंस प्राइवेट लिमिटेड,"Jaipur, Plot No. 1, Rajasthan, Tejaji Nagar, Mahesh Nagar, 80 Feet Road, Near Somani Hospital, Jaipur","1, TEJAJI NAGAR, MAHESH NAGAR, 80 FEET ROAD, NEAR SOMANI HOSPITAL, JAIPUR, Rajasthan",India,India,False,False,False,False,True,False,False,False,False,0.0,0.8571428571428571,0.0,0.8192771084337349,0.06666666666666665,0.6236559139784946,False,False
S1-937354382,S3-412510420,S3,Urban Care LLP,careurban.com,"No.2, Sathiyamoorthy Street New Perungalathur, Chennai, Tamil Nadu","No.2, Chennai, TN, Chennai",India,India,False,False,False,False,True,False,False,False,False,0.0,0.3,0.4375,0.171875,0.2142857142857143,0.3015873015873016,False,False
S1-601950683,S2-108375444,S2,Peak Express Biotech,Peak Express,"ID, 409 Aspen Lane, Incorporated",,US,US,False,False,False,False,True,False,False,False,False,0.6666666666666666,0.0,0.5555555555555556,0.0,0.6,0.0,False,True
S1-649536834,S3-386982235,S3,Stanley Montreal LLC,Stanley M0ntreal L.L.C.,"400 Barry Road, Kansas City, MO","400 Barry Rd, Kansas City, Missouri",US,US,False,False,False,False,True,False,False,False,False,0.16666666666666666,0.5,0.5652173913043478,0.6111111111111112,0.8636363636363636,0.7575757575757576,False,False
S1-182270469,S3-874485909,S3,Chavarria Vanguard Marine LLC,Chavarria Vanguard Mraine LLC,"46 Fuller Lane, Denmark, ME","Maine, 46- Fuller Ln, Denmark",US,US,False,False,False,False,True,False,False,False,False,0.6,0.42857142857142855,0.7419354838709677,0.5161290322580645,0.9310344827586207,0.5769230769230769,False,False
S1-37487949,S2-882469757,S2,Yogeshwari Brothers Co,Co Yogeshwari Brothers,"Flat No F2, Eesha Homes, Sai Hrudhy Apts Padmavathy Nagar, Poonamallee, Kanchipuram, Kancheepuram, Tamil Nadu","FLAT NO FD/2, EESHA HOMES, SAI HRUDHY APTS PADMAVATHY NAGAR, POONAMALLEE, KANCHIPURAM, TIRUVALLUR, Tamil Nadu",India,India,False,False,False,False,True,False,False,False,False,1.0,0.7222222222222222,0.7391304347826086,0.8,0.7272727272727273,0.883495145631068,False,False
S1-86856474,S2-393371014,S2,MY Clean Praetorian,MY Clean [Center],"2204 Gentle Rain Drive, Luling, TX","2204 GENTLE RAIN DR, LULING, TX",US,US,False,False,False,False,True,False,False,False,False,0.5,0.7142857142857143,0.30434782608695654,0.78125,0.5789473684210527,0.90625,False,False
S1-703593478,S3-584442089,S3,Big Bright Consultancy Private Limited,Big Bright Consultancy Private Ltd,"A 1006 Satya Shankar, Thane, Next To Neelkanth Greens, Manpada, Thane West, Maharashtra","A 1006 Satya Shankar, Thane West, Thane, MH",India,India,False,False,False,False,True,False,False,False,False,0.6666666666666666,0.46153846153846156,0.7894736842105263,0.40540540540540543,0.8947368421052632,0.46341463414634143,False,False
S1-250428194,S2-941341998,S2,Arunachal Ai,Andilahal Ai,"54, 7Thmain, Btm Layout Ii Stage, Bangalore, Karnataka","54, BANGALORE, Karnataka, BANGALORE",India,India,False,False,False,False,True,False,False,False,False,0.3333333333333333,0.375,0.25,0.37254901960784315,0.5833333333333333,0.38,False,False
S1-289586248,S3-426789287,S3,"Annabelle Darden, D.C. PLLC","Annabelle Darden, D.C. P.L.L.C.","Harrisburg, AR, 21600 Twin Lakes Road","21600 Twin Lakes Rd, Harrisburg, Arkansas",US,US,False,False,False,False,True,False,False,False,False,0.5714285714285714,0.5,0.7142857142857143,0.627906976744186,0.8928571428571429,0.1282051282051282,False,False
S1-890338624,S3-596899423,S3,Hotel Software Limited,Partners Hotel Limited,"20/7, 3Rd Floor, Narayani Building R. A. Kidwai Road, Wadala, Mumbai, Maharashtra","Hn 446 20/7, 3Rd Floor, Narayani Building R. A. Kidwai Road, Wadala, Mumbai, MH",India,India,False,False,False,False,True,False,False,False,False,0.5,0.75,0.3333333333333333,0.782051282051282,0.4545454545454546,0.7837837837837838,False,False
S1-640552861,S2-996992471,S2,Universal Healthcare Private Limited,यूनिवर्सल हेल्थकेयर प्राइवेट लिमिटेड,"Satra Plaza, Plot No. 20, Sector 19D, Vashi, Navi Mumbai, Office No. 171, Thane, Maharashtra","OFFICE NO. 171, NAVI MUMBAI REGION, Maharashtra",India,India,False,False,False,False,True,False,False,False,False,0.0,0.4,0.0,0.39285714285714285,0.05555555555555558,0.3975903614457831,False,False
S1-286818864,S2-55476927,S2,Silver Diner Inc.,SILVER DINER INCORPORATED,"Springdale, 1205 Thompson Street, AR","1205 THOMPSON STREET, PMB 7036, SPRINGDALE, AR",US,US,False,False,False,False,True,False,False,False,False,0.5,0.7142857142857143,0.5909090909090909,0.6590909090909091,0.64,0.2790697674418605,False,False
S1-248252250,S2-331059730,S2,Drona's Pizza,Drona's  Pfzza,"3753 Masters Drive, West Valley City, UT","6753 MASTERS DR, WEST VALLEY CIYT, UT",US,US,False,False,False,False,True,False,False,False,False,0.5,0.4,0.5714285714285714,0.6046511627906976,0.9230769230769231,0.8421052631578947,False,False
S1-251345960,S3-466559234,S3,Regional Fund II LLC,Regional II LLC Center,"8415 Brighton Ct SW, Cedar Rapids, IA","8415 Brighton Ct SW, null, Cedar Rapids, Iowa",US,US,False,False,False,False,True,False,False,False,False,0.6,0.6666666666666666,0.46153846153846156,0.7380952380952381,0.4545454545454546,0.8333333333333334,False,False
S1-939773389,S2-416591508,S2,Foster Therapy of Glendale Heights,Foster Therapy of,"399 Wall Street, Unit 3, Glendale Heights, IL","399 WALL STREET, GLENDALE HEIGHTS, IL",US,US,False,False,False,False,True,False,False,False,False,0.6,0.75,0.46875,0.7804878048780488,0.5,0.8333333333333334,False,False
S1-967616304,S3-135280746,S3,Z+ Alternative LLC,Z+  Alternative,"1424 Nottingham Road, Charleston, WV","1424 Nottingahm Road, Charleston, West Virginia",US,US,False,False,False,False,True,False,False,False,False,0.6666666666666666,0.375,0.75,0.574468085106383,0.7777777777777778,0.7111111111111111,False,False
S1-344290538,S3-64146440,S3,Summit LLC,summit.c0m,"300 Crosby Road, Catonsville, MD","Crosby Rd, Catonsville, Maryland",US,US,False,False,False,False,True,False,False,False,False,0.3333333333333333,0.2857142857142857,0.45454545454545453,0.5135135135135135,0.7,0.6,False,False
S1-895586286,S2-495492193,S2,Physical Therapy Associates,Physical Physical Therapy Associates,"324 Osborne Road, Colonie, NY","OSBORNE ROAD, ALBANY TOWNSHIP, NY",US,US,False,False,False,False,True,False,False,False,False,1.0,0.42857142857142855,0.9259259259259259,0.2857142857142857,0.75,0.4838709677419355,False,False
S1-449671674,S2-378039196,S2,South Investment Pvt Ltd,साउथ इन्वेस्टमेंट प्रा. लि.,"302, Rps Flats Dr. Ambedkar Nagar, New Delhi, Delhi","#00996 302, RPS FLATS DR. AMBEDKAR NAGAR, NEW DELHI, दिल्ली",India,India,False,False,False,False,True,False,False,False,False,0.0,0.8,0.0,0.7450980392156863,0.040000000000000036,0.7777777777777778,False,False
S1-363752625,S2-303269103,S2,"Donnie L. Neary, P.A., PC","Donnie L. Neary, P.Á., PC","103 Phillips 524 Road, Unit Lot 62, Mellwood, AR","103 PHILLIPS 524 RD, MELLWOOD, AR",US,US,False,False,False,False,True,False,False,False,False,0.7142857142857143,0.5,0.7272727272727273,0.5652173913043478,0.9523809523809523,0.6888888888888889,False,False
S1-952825678,S2-642940587,S2,Con's Advisors Inc,Con's Advisors,"87 Swine Drive, Richland, MO","MO, Swine Dr, RICHLAND",US,US,False,False,False,False,True,False,False,False,False,0.75,0.5,0.75,0.5,0.7777777777777778,0.6923076923076923,False,False
S1-999402621,S3-975003438,S3,Beacon Americas L.L.C.,LLC Beacon Americas,"Bradley, IL, 997 Cardinal Drive","99 Cardinal Dr, Bradley Township, Illinois",US,US,False,False,False,False,True,False,False,False,False,0.4,0.2222222222222222,0.5909090909090909,0.3541666666666667,0.5238095238095238,0.17500000000000004,False,False
S1-509143547,S2-3533010,S2,Jacquetta Correll Mustang LLC,The Jacquetta Correll Mustang LLC,"627 11th Street, NY, New Hyde Park","627 11th St, NEW HYDE PARK, NY",US,US,False,False,False,False,True,False,False,False,False,0.8,0.75,0.8709677419354839,0.696969696969697,0.8787878787878788,0.6875,False,False
S1-635572132,S3-554857515,S3,Birch Premier Inc,Birch Prémier Inc,"3963 530, Kingman, IN","3963 530, Kingan, Indiana",US,US,False,False,False,False,True,False,False,False,False,0.5,0.3333333333333333,0.6666666666666666,0.5833333333333334,0.9411764705882353,0.7391304347826086,False,False
S1-453130770,S3-622443604,S3,"Lee, Sanders and Thompson","Lee, Sanders And Thompson Corp","2699 E River Road, Marion, OH","Marion, Ohio, 2699 East River Rd",US,US,False,False,False,False,True,False,False,False,False,0.8,0.3333333333333333,0.8076923076923077,0.4722222222222222,0.8275862068965517,0.19999999999999996,False,False
S1-322582082,S3-103178430,S3,Ambey India Private Limited,Smt Ambey India,"Madhav Darshan 332, Nr. Cricket Bunglow, Jamnagar, Gujarat",,India,India,False,False,False,False,True,False,False,False,False,0.4,0.0,0.3103448275862069,0.0,0.2592592592592593,0.0,False,True
S1-122050203,S2-885146933,S2,Mallon Midwest Superior LLC,MALLON MIDWEST LLC CENTER,"87 Park Drive, Brookhaven, NY","87 PATK DR, BROOKHAVEN, NY",US,US,False,False,False,False,True,False,False,False,False,0.6,0.42857142857142855,0.45454545454545453,0.5666666666666667,0.5555555555555556,0.8518518518518519,False,False
S1-493500111,S2-231549062,S2,Sun Constructions Private Limited,सन कंस्ट्रक्शंस प्राइवेट लिमिटेड,"C/O Shri Ngmchand Asharaflal Agarwal Kacchi Complex Opp Hira Hotel, Miraj, Sangli, Maharashtra","BLOCK B-00852 C/O SHRI NGMCHAND ASHARAFLAL AGARWAL KACCHI COMPLEX OPP HIRA HOTEL, MIRAJ, SANGLI, Maharashtra",India,India,False,False,False,False,True,False,False,False,False,0.0,0.8235294117647058,0.0,0.8571428571428571,0.06060606060606055,0.8666666666666667,False,False
S1-491296527,S3-8138376,S3,M 7 S Charlton LLC,L.L.C. M 7 S Charlton,"95 Sinclair Avenue, Marion, NC","95-97 Sinclair Ave, Marion CDP, North Carolina",US,US,False,False,False,False,True,False,False,False,False,0.5714285714285714,0.3,0.5454545454545454,0.3877551020408163,0.5,0.5,False,False
S1-921238860,S3-456864770,S3,All Engineering,ఆల్ ఇంజనీరింగ్,"2-10 Gudibandi Varipalem, Near Kalyana Mandapam, Kollipara, Guntur, Andhra Pradesh","H.no 2-10 Gudibandi Varipalem, Kollipara, AP",India,India,False,False,False,False,True,False,False,False,False,0.0,0.35714285714285715,0.0,0.41025641025641024,0.06666666666666665,0.41025641025641024,False,False
S1-21234947,S3-802023572,S3,Haire & Dailey Inc,#haire | www.haire.com,"NC, Wendell, 5 Singletree Court","##5 Singletree Ct, N/A, Wendell, North Carolina",US,US,False,False,False,False,True,False,False,False,False,0.16666666666666666,0.3,0.16,0.3958333333333333,0.4285714285714286,0.23809523809523814,False,False
S1-377885291,S3-267819255,S3,Interstate Digital Concepts LLC,Interstate Digital Cóncepts LLC,"16004 203rd Court, Brush Prairie, WA","##16004 203nd Court, Brush Prairie, Washington",US,US,False,False,False,False,True,False,False,False,False,0.6,0.5,0.8125,0.6744186046511628,0.967741935483871,0.7857142857142857,False,False
S1-969635912,S2-3297132,S2,Horizon Nutrition Laboratories,Horizon Nutrition Laboratories Inc,"47 Scarlet Oak Drive, Whitemarsh Township, PA","LAFAYETTE HILL, PA, 47 SCARLET OAK DR",US,US,False,False,False,False,True,False,False,False,False,0.75,0.4,0.8666666666666667,0.27586206896551724,0.8823529411764706,0.18604651162790697,False,False
S1-989492054,S3-360436225,S3,Dental Clinic Inc,INC DENTAL CLINIC,"300 State Street, Jacksonville, IL","300 State St, Jacksonville, Illinois",US,US,False,False,False,False,True,False,False,False,False,1.0,0.42857142857142855,0.6666666666666666,0.6857142857142857,0.5294117647058824,0.7058823529411764,False,False
S1-674151411,S2-761101907,S2,Healthcare Kuber Merchandise Private Limited,Healthcare Kuber Merchandise Private,"501, Unique Tower Gaiwadi, Next To Kamat Club, Off. S.V. Road, Goregaon (West), Mumbai, Mumbai City, Maharashtra","Maharashtra, DOOR NO 92 501, UNIQUE TOWER GAIWADI, NEXT TO KAMAT CLUB, OFF. S.V. ROAD, GOREGAON (WEST), MUMBAI",India,India,False,False,False,False,True,False,False,False,False,0.8,0.8,0.8095238095238095,0.7830188679245284,0.8181818181818181,0.5346534653465347,False,False
S1-402282555,S2-346296178,S2,Kr Services Private Limited,Kr Private Limited Services,"1St Flr, Exclusive, Floors, Dlf City, Phase-5, Dlf Qe, Gurgaon, D11/10, Haryana","D0011/10, 1ST FLR, EXCLUSIVE, FLOORS, DLF CITY, PHASE-5, DLF QE, Haryana",India,India,False,False,False,False,True,False,False,False,False,1.0,0.7857142857142857,0.7857142857142857,0.7464788732394366,0.37037037037037035,0.6619718309859155,False,False
S1-400272728,S2-264018096,S2,Luna Electronic Inc,LUNA ÉLECTRONIC INC,"Puyallup, WA, 8026 163rd Street Court","8026-8030 163ND STREET COURT, PUYALLLUP, WA",US,US,False,False,False,False,True,False,False,False,False,0.5,0.4444444444444444,0.7,0.6,0.9473684210526316,0.3414634146341463,False,False
S1-798717208,S2-215833691,S2,Saphire Brothers Private Limited,PRIVATE SAPHIRE BROTHER LIMITED,"Delhi, North West Delhi, Aggarwal Millenium Tower Netaji Subhash Place, Pitampura, 315","315, DELHI, NORTH WEST DELHI, Delhi",India,India,False,False,False,False,True,False,False,False,False,0.6,0.36363636363636365,0.7352941176470589,0.22784810126582278,0.46875,0.2682926829268293,False,False
S1-717117341,S2-105417224,S2,Super Real Services Private Limited,Limited Super Real Services Services,"Mumbai City, 19A Rani Sarti Marg Mahadev Prasad Solicitor Bungl Malad East, Mumbai, Maharashtra","###19A RANI SARTI MARG MAHADEV PRASAD SOLICITOR BUNGL MALAD EAST, MUMBAI CITY, MUMBAI, Maharashtra",India,India,False,False,False,False,True,False,False,False,False,0.8,1.0,0.6216216216216216,0.961038961038961,0.4444444444444444,0.7391304347826086,False,False
S1-508019951,S3-876578171,S3,Stanford Veterinary Clinic LLC,Stanford Veterinary,"112 Red Rock Circle, Greece, NY","112-B Red Rock Cir, Rohester, New York",US,US,False,False,False,False,True,False,False,False,False,0.5,0.2727272727272727,0.6071428571428571,0.2765957446808511,0.6333333333333333,0.5277777777777778,False,False
S1-466779255,S2-879310052,S2,Internal Medicine Innovative Specialists Inc,SERVICES INTERNAL MEDICINE INNOVATIVE INC,"283 77th Street, Delano, MN","283-285 77th Street, DELANO, MN",US,US,False,False,False,False,True,False,False,False,False,0.6666666666666666,0.8333333333333334,0.6041666666666666,0.7857142857142857,0.5227272727272727,0.8620689655172413,False,False
S1-219517216,S2-188833574,S2,Physical Therapy Complete Physicians LLC,Physical Therapy Complete,"Unit 6P, 5578 Creekwood Lane, Murray, UT","5578 CREEKWOOD LN, MURRAY, UT",US,US,False,False,False,False,True,False,False,False,False,0.6,0.5,0.6764705882352942,0.5789473684210527,0.625,0.7297297297297297,False,False
S1-419670508,S2-237942590,S2,Pune City Mills Private Limited,PUNE CITY MILLS PRIVATE LTD,"Pune, Mahatma Soc Hno 495 S 62, C/O Arun Gandhi Bhavan, Maharashtra, Pune City","C/O ARUN GANDHI BHAVAN, MAHATMA SOC HNO 0495 S 62, PUNE CITY, Maharashtra",India,India,False,False,False,False,True,False,False,False,False,0.6666666666666666,0.8666666666666667,0.7419354838709677,0.8194444444444444,0.8709677419354839,0.32432432432432434,False,False
S1-808366893,S2-122859065,S2,Signature Superior Constellation,SIGNATURE SUPERIOR CONSTELLATION LTD,"16 Ransom Street, Unit Apartment 101, Hornell, NY","16 RANSOM STREET, HORNELL, NY",US,US,False,False,False,False,True,False,False,False,False,0.75,0.625,0.8823529411764706,0.5333333333333333,0.8888888888888888,0.5869565217391304,False,False
S1-709221994,S3-505553392,S3,Herrera Premier Compass LLC,Herrera Premier Cmpagss LLC,"5 White Birch Trail, NY, Southampton","5. White Birch Trl, Southampton, New York",US,US,False,False,False,False,True,False,False,False,False,0.6,0.4444444444444444,0.6666666666666666,0.5454545454545454,0.9259259259259259,0.631578947368421,False,False
S1-587617330,S3-486458475,S3,Little Ice Cream Inc.,Litt1e Ice Cream-Inc.,"2102 Buffalo Shoals Road, Statesville, NC","North Carolina, Statesville, 2102 Buffalo Shoals Rd",US,US,False,False,False,False,True,False,False,False,False,0.6,0.4444444444444444,0.7142857142857143,0.5555555555555556,0.95,0.20408163265306123,False,False
S1-301869895,S3-793059003,S3,Shiv Solutions Private Limited,ശിവ് സൊല്യൂഷൻസ് പ്രൈവറ്റ് ലിമിറ്റഡ്,"Building No. Pgp/1/321/B, Kunnathumattathil, Karimbana P.O, North Palakuzha, Muvattupuzha, Ernakulam, Kerala","Building No. Pgp/1/321/b, Kunnathumattathil, Karimbana P.o, North Palakuzha, Ernakulam, Muvattupuzha, Keralam",India,India,False,False,False,False,True,False,False,False,False,0.0,0.875,0.0,0.956989247311828,0.08571428571428574,0.7941176470588236,False,False
S1-685916846,S2-456591212,S2,"M & Y Saratoga, Corp","M & Y Saratoga, Corporation","14 Bristol Lane, Andover, MA","MA, 14 BRISTOL LN, ANDOVER",US,US,False,False,False,False,True,False,False,False,False,0.6,0.6666666666666666,0.7142857142857143,0.5333333333333333,0.7083333333333333,0.6923076923076923,False,False
S1-677268199,S2-431363055,S2,Valley Enterprises Inc,Valley Enterprises Incorporated,"W7020 Farmers Grove Road, Town Of New Glarus, WI","TOWN OF NEW GLARUS, W7020 Farmers Grove Road, WI",US,US,False,False,False,False,True,False,False,False,False,0.5,1.0,0.6896551724137931,0.9130434782608695,0.7096774193548387,0.19565217391304346,False,False
S1-821942750,S2-9865690,S2,Tirupati Food Private Limited,Tirupati  Food Premgvaet Limited,"Flat No 102, Sai Nikhil Residency Abbaiah Reddy Street, Electronic City, Bangalore, Karnataka","102 , SAI NIKHIL RESIDENCY ABBAIAH REDDY STREET, ELECTRONIC CITY, BANGALORE, Karnataka",India,India,False,False,False,False,True,False,False,False,False,0.6,0.8461538461538461,0.5555555555555556,0.9069767441860465,0.8387096774193549,0.9101123595505618,False,False
S1-743345874,S3-813391160,S3,"Tucker, Blocker & Novak LLC","Tucker, Blocker + Novak","17729 E Swan Lake Rd, Fergus Falls, MN","17729 E Swan Lake Rd, Fergus Falls, Minnesota",US,US,False,False,False,False,True,False,False,False,False,0.6,0.7777777777777778,0.6363636363636364,0.7857142857142857,0.75,0.8372093023255813,False,False
S1-274396980,S2-75314645,S2,Bachan Engineering Pvt Ltd,RIZAKELO,"Plot No. 5, Gali No. 2, Asthal, Bohar Colony, Baba Mastnath Quarter, Rohtak, Haryana","H.NO ##5, GALI NO. 2, ASTHAL, BOHAR COLONY, BABA MASTNATH QUARTER, ROHTAK, हरियाणा",India,India,False,False,False,False,True,False,False,False,False,0.0,0.7333333333333333,0.0,0.7692307692307693,0.11538461538461542,0.8552631578947368,False,False
S1-798372127,S2-728262619,S2,"Vaia, LLC","VSNA, LLC","Queensbury, NY, 21 Maine Avenue","21-23 MAINE AVE, QUEENSBURY, NY",US,US,False,False,False,False,True,False,False,False,False,0.3333333333333333,0.5714285714285714,0.3333333333333333,0.5882352941176471,0.75,0.10344827586206895,False,False
S1-202730812,S3-906641878,S3,Wenatchee Estate,Pyranyla,"1325 Maple Street, Unit APT, Wenatchee, WA","1325 Maple Street, Wenatchee, Washington",US,US,False,False,False,False,True,False,False,False,False,0.0,0.5,0.0,0.6222222222222222,0.125,0.5641025641025641,False,False
S1-943436384,S3-537696302,S3,Carex Hospital Ltd,M/s Carex Ltd Hospital,"5/20, Shanti Niketan, South West Delhi, Delhi",,India,India,False,False,False,False,True,False,False,False,False,0.6,0.0,0.5652173913043478,0.0,0.4545454545454546,0.0,False,True
S1-99894720,S2-850761550,S2,Feex International Inc.,Feex Inc. Center,"11 Bridge Street, Unit Apartment 1, Unadilla, NY","11 BRIDGE STREET, UNADILLA, NY",US,US,False,False,False,False,True,False,False,False,False,0.5,0.625,0.3333333333333333,0.6190476190476191,0.36363636363636365,0.6222222222222222,False,False
S1-41868357,S2-125557498,S2,"Padgett, Walker & Matthews Technology LLC","Llc Padgett, Walker & Matthews Technology","1320 Raul Street, Dallas, TX","#943 RAUL ST, DALLAS, TX",US,US,False,False,False,False,True,False,False,False,False,1.0,0.42857142857142855,0.8461538461538461,0.5357142857142857,0.7894736842105263,0.6923076923076923,False,False
S1-65791707,S3-648368016,S3,Classic Hospitality Alliance Care,Classic Alliance Hospitality Care,"1536 County Road 1250, Detroit, TX","Detroit, 1536 County Road 1250, Texas",US,US,False,False,False,False,True,False,False,False,False,1.0,0.7142857142857143,0.8235294117647058,0.7027027027027027,0.4545454545454546,0.5142857142857142,False,False
S1-719918215,S3-453977701,S3,Innovative Impex,इनोवेटिव इम्पेक्स,"P No. 135, Vitt Vihar, Rfc Colony Opp Brightland School, Vaishali Nagar, Jaipur, Rajasthan","P No. 00135, Jaipur, Vitt Vihar, Rfc Colony Opp Brightland School, Vaishali Nagar, RJ",India,India,False,False,False,False,True,False,False,False,False,0.0,0.75,0.0,0.7790697674418605,0.0,0.7261904761904762,False,False
S1-402888066,S2-920544459,S2,Shree Power Private Limited,Shree P0wer Private,"1503/1504, Samarth Aangan1, Walavalkar Marg, Oshiwara, Mumbai, Maharashtra","1503/1504, SAMARTH AANGAN1, WALAVALKAR MARG, OSHIWARA, MUMBAI, महाराष्ट्र",India,India,False,False,False,False,True,False,False,False,False,0.4,0.8,0.5,0.7397260273972602,0.6666666666666667,0.8405797101449275,False,False
S1-76063535,S3-814672626,S3,Giese Preferred Retail LLC,GIESE PRÉFERRED RETAIL LLC,"10 Pratt Avenue, Beverly, MA","10 Pratt Avenue, PMB 6123, Beverly, Massachusetts",US,US,False,False,False,False,True,False,False,False,False,0.6,0.5,0.7777777777777778,0.5111111111111111,0.9615384615384616,0.5652173913043479,False,False
S1-237875442,S2-272270152,S2,Gulf Best Ford LLC,Gulf Best LLC Partners,"742 Alameda Court, Pueblo West, CO","PUEBLO WEST, CO, 742 Alameda Ct",US,US,False,False,False,False,True,False,False,False,False,0.6,0.7142857142857143,0.38461538461538464,0.696969696969697,0.5,0.25,False,False
S1-202700609,S3-178059558,S3,First Consulting Pvt Ltd,ஃபர்ஸ்ட் கன்சல்டிங் பிரைவேட் லிமிடெட்,"Sf 726/1, No 3, 1St Floor, Baktavachalpuram Jothi, Ambattur, Tiruvallur, Tamil Nadu","Sf 726/1, No 3, 1St Floor, Baktavachalpuram Jothi, Ambattur, Tiruvallur, TN",India,India,False,False,False,False,True,False,False,False,False,0.0,0.7857142857142857,0.0,0.8648648648648649,0.08108108108108103,0.8961038961038961,False,False
S1-34263938,S3-609506120,S3,Total Centers Inc,The Total Centers Inc,"718 Whisper Creek Lane, Lodi Village, OH",,US,US,False,False,False,False,True,False,False,False,False,0.75,0.0,0.7894736842105263,0.0,0.8095238095238095,0.0,False,True
S1-858096023,S3-13103630,S3,Lotus Products LLP,ലോട്ടസ് പ്രൊഡക്ട്സ് എൽഎൽപി,"Kerala, 4/461, Ernakulam, Valamkotti Towers, Judge Mukku, Thrikkakara Po","04/461, Ernakulam, KL",India,India,False,False,False,False,True,False,False,False,False,0.0,0.16666666666666666,0.0,0.21212121212121213,0.07692307692307687,0.25373134328358204,False,False
S1-655088836,S3-250833290,S3,Primary Care Regional Clinic Center,Primary Regional Clinic Center Service,"3103 4th Place, OK, Tulsa","3103 4st Place, Tulsa, Oklahoma",US,US,False,False,False,False,True,False,False,False,False,0.6666666666666666,0.42857142857142855,0.6428571428571429,0.4117647058823529,0.6578947368421053,0.5517241379310345,False,False
S1-62387208,S2-224793681,S2,Great Care,ग्रेट केयर,"Promoter Add: Plot No. 884, Sector-15, Faridabad, Sector - 15, Faridabad, Haryana","PROMOTER ADD: PLOT NO. 884, FARIDABAD, HARYANA",India,India,False,False,False,False,True,False,False,False,False,0.0,0.7777777777777778,0.0,0.75,0.09999999999999998,0.5833333333333333,False,False
S1-487120921,S2-557962855,S2,Unique Business Limited,यूनिक बिजनेस लिमिटेड,"J-19 Ground Floor, Mehrauli Road, Hauz Khas, New Delhi, South West Delhi, Delhi","J-19 GROTND FLOOR, MEHRAULI ROAD, HAUZ KHAS, NEW DELHI, SOUTH WEST DELHI, दिल्ली",India,India,False,False,False,False,True,False,False,False,False,0.0,0.7857142857142857,0.0,0.8194444444444444,0.08695652173913049,0.9066666666666666,False,False
S1-59307923,S2-675606014,S2,Shiv Industries Pvt Ltd,શિવ ઇન્ડસ્ટ્રીઝ પ્રા. લિ.,"301, 302, 303, Dwarkesh Complex Sun Pharma Road, Vadodara, Gujarat","VADODARA, ###521 301, 302, 303, DWARKESH COMPLEX SUN PHARMA ROAD, VADODARA, Gujarat",India,India,False,False,False,False,True,False,False,False,False,0.0,0.9090909090909091,0.0,0.9344262295081968,0.04347826086956519,0.8243243243243243,False,False
S1-397863124,S3-718698843,S3,Sagarika (India) Chemicals Pvt Ltd,sagarika (india) chemica1s pvt ltd,"51/370, Sector 5, Pratap Nagar Sanganer, Jaipur, Rajasthan","51/370, Sector 5, Pratap Nagar Sanganer, Jaipur, RJ",India,India,False,False,False,False,True,False,False,False,False,0.6666666666666666,0.8,0.8181818181818182,0.8301886792452831,0.96875,0.8703703703703703,False,False
S1-761134673,S3-567039166,S3,Mumbai Indiaprivate Private Limited,Mumbai Private Limited Center,"18, Flr -1, Plot-273/279, Habibmansion, Dr Babasaheb Ambedkar Road, Nr Itc Hotel, Mumbai, Mumbai City, Maharashtra","18, Flr -1, Plot-273/279, Habibmansion, Dr Babasaheb Ambedkar Road, Nr Itc Hotel, Mumbai Region, Mumbai City, MH",India,India,False,False,False,False,True,False,False,False,False,0.6,0.8421052631578947,0.5428571428571428,0.8252427184466019,0.5714285714285714,0.8476190476190476,False,False
S1-859263152,S3-917487975,S3,Mathews Micro LLC,Mathews LLC Micro,"2906 Halcyon Time Trail, Houston, TX","2906 Halcyon Time Trail, Houston, Texas",US,US,False,False,False,False,True,False,False,False,False,1.0,0.7142857142857143,0.6666666666666666,0.8529411764705882,0.5294117647058824,0.9189189189189189,False,False
S1-607056157,S2-858869720,S2,Main Street Seafood,Main Street Seafood  Corp,"Richmond, IN, 487 Hampton Drive",,US,US,False,False,False,False,True,False,False,False,False,0.75,0.0,0.7727272727272727,0.0,0.7916666666666666,0.0,False,True
S1-402753416,S3-480899498,S3,Theo Schmitt Churchill LLC,Theo Schmitt LLC Services,"12 Dublin Terrace, Mansfield, NY","New York, 012 Dublin Terrace, Salamanca Township",US,US,False,False,False,False,True,False,False,False,False,0.6,0.2,0.38235294117647056,0.3090909090909091,0.5,0.4565217391304348,False,False
S1-246668041,S2-259372602,S2,Sumanglam Gajanan (India) Limited,Sumanglam Gajanan (India),"Iris House 16 Business Centernangal Raya, New Delhi, West Delhi, Delhi","IRIS HOUSE 16. BUSINESS CENTERNANGAL RAYA, NEW DELHI, दिल्ली",India,India,False,False,False,False,True,False,False,False,False,0.75,0.8,0.7241379310344828,0.7903225806451613,0.7419354838709677,0.7611940298507462,False,False
S1-675880686,S2-130467586,S2,Products Vatsala Infocom Private Limited,Products Vatsala Infocom Limited  Center,"Sukala Halder Chayygharia, North 24 Parganas, Bangaon, North 24 Parganas, West Bengal","B3/683 SUKALA HALDER CHAYYGHARIA, NORTH 24 PARGANAS, BANGAON, West Bengal",India,India,False,False,False,False,True,False,False,False,False,0.6666666666666666,0.8181818181818182,0.6444444444444445,0.855072463768116,0.75,0.691358024691358,False,False
S1-363288442,S2-496811911,S2,Krishna & Partners Private Limited,Nylaflux,"Door No. O.P 3/1013D, Palazhi, Nh-17 Bypass Road Post G.A College, Calicut, Kerala","DOOR NO. O.P 3/1013D, PALAZHI, NH-17 BYPASS ROAD POST G.A COLLEGE, Kerala",India,India,False,False,False,False,True,False,False,False,False,0.0,0.9411764705882353,0.0,0.8648648648648649,0.09375,0.8961038961038961,False,False
S1-192825479,S3-125087941,S3,Manda Chadwick Platinum Oyj,Chadwickplatinummanda.Com,"1559 4435, Salina, OK","1559 4435, Slina, Oklahoma",US,US,False,False,False,False,True,False,False,False,False,0.0,0.3333333333333333,0.5483870967741935,0.56,0.4444444444444444,0.7083333333333333,False,False
S1-792239110,S2-872333600,S2,Anupriya Concepts Clinic,Mr Anupriya Concepts-Clinic,"8-2-270/C, Road No.3, Sriniketan Colony Banjara Hills, Hyderabad, Telangana","HN 86 8-2-270/C, ROAD NO.3, SRINIKETAN COLONY BANJARA HILLS, HYDERABAD, Telangana",India,India,False,False,False,False,True,False,False,False,False,0.75,0.8666666666666667,0.88,0.918918918918919,0.8888888888888888,0.922077922077922,False,False
S1-313354795,S3-692495747,S3,Able India (India) Private Limited,>> able india (india) private limited,"Lgf 08, Kahlon Emporium 1 Opposite Himalayan Enclave, Sec 16B, Lucknow, Uttar Pradesh","Lgf 08, Kahlon Emporium 1 Opposite Himalayan Enclave, Sec 16B, Lucknow, UP",India,India,False,False,False,False,True,False,False,False,False,0.8,0.7857142857142857,0.8928571428571429,0.8354430379746836,0.9142857142857143,0.8641975308641976,False,False
S1-280313189,S3-947340190,S3,Diamond Precision Sciences LLC,LLC Diamond Précision Sciences,"76 Marnel Road, Montgomery, IL","75 Marnel Rd, Montgomery, Illinois",US,US,False,False,False,False,True,False,False,False,False,0.6,0.25,0.6470588235294118,0.5555555555555556,0.7,0.71875,False,False
S1-692330285,S3-403212167,S3,First Rapid Pbc Inc,firstrapidpbc.com,"313 Lilac Street, Rogers, AR","Lilac Street, Rogers, Arkansas",US,US,False,False,False,False,True,False,False,False,False,0.0,0.5,0.3333333333333333,0.6666666666666666,0.736842105263158,0.6428571428571428,False,False
S1-245068118,S2-460883501,S2,Singley and Loudermilk Inc,Singley & Lfauodermilk Inc,"90670 Nadeau Road, Springfield, OR",,US,US,False,False,False,False,True,False,False,False,False,0.4,0.0,0.4838709677419355,0.0,0.7692307692307692,0.0,False,True
S1-828630580,S2-642399615,S2,Lisha Pecina Giant LLC,Lisha Pecina Giant,"90 Henry Avenue, Unit 2, Lynn, MA","90 HENY AVENUE, LYNN, MA",US,US,False,False,False,False,True,False,False,False,False,0.75,0.5,0.8,0.5483870967741935,0.8181818181818181,0.7333333333333334,False,False
S1-245648193,S3-77792837,S3,Katleen Mead Safe Wholesale,Katleen Mead Safe Wholesale Corporation,"68 Longneck Boulevard, Southampton, NY","68 Longneck Boulevard, Flanders, New York",US,US,False,False,False,False,True,False,False,False,False,0.8,0.375,0.6756756756756757,0.39215686274509803,0.6923076923076923,0.5897435897435898,False,False
S1-709523912,S3-529015817,S3,Family Services LLC,Family Services,"IL, 2834 Komensky Avenue, Chicago","Chciago, Illinois, 02834 Komensky Avenue",US,US,False,False,False,False,True,False,False,False,False,0.6666666666666666,0.25,0.7647058823529411,0.41304347826086957,0.7894736842105263,0.39473684210526316,False,False
S1-888056843,S2-432050881,S2,Bright Hair Studio,Nylasol,"990 Thorpe Road, Unit Apt 56, Flagstaff, AZ","990 THORPE RD, FLAGTSAFF, AZ",US,US,False,False,False,False,True,False,False,False,False,0.0,0.3,0.0,0.37777777777777777,0.11111111111111116,0.6,False,False
S1-674733410,S3-598389118,S3,Shiva Trading Private Limited,शिवा ट्रेडिंग प्राइवेट लिमिटेड,"Mukarrabpur, Uttar Pradesh, Bagpat, Baraut","Mukarrabpur, Baraut, Bagpat, UP",India,India,False,False,False,False,True,False,False,False,False,0.0,0.5,0.0,0.525,0.06666666666666665,0.6153846153846154,False,False
S1-28795386,S3-234792563,S3,Daly and Jones Networks,Daly & Jones,"4916 Cameron Valley Parkway, Unit 4972, Charlotte, NC","Chralotte, North Carolina, 4916 Cameron Valley Pkwy, Unit 4972",US,US,False,False,False,False,True,False,False,False,False,0.5,0.4166666666666667,0.3181818181818182,0.4714285714285714,0.4347826086956522,0.30508474576271183,False,False
S1-983879459,S2-234544276,S2,Creative Consultancy Private Limited,क्रिएटिव कंसल्टेंसी प्राइवेट लिमिटेड,"Flat No 5, 6, 7, 8, 9, Deep Laxmi Apartment Behind Sai Palace Hotel, Chetna Nagar, Nasik, Maharashtra","FLAT NO 4, CHETNA NAGAR, NASIK, Maharashtra",India,India,False,False,False,False,True,False,False,False,False,0.0,0.3157894736842105,0.0,0.3655913978494624,0.05555555555555558,0.4193548387096774,False,False
S1-932750046,S2-33342385,S2,Jain Logistics LLP,જૈન લોજિસ્ટિક્સ એલએલપી,"Ff 15-18 & G-18 Marvel Square Opp. Gokulesh Complex, Sunpharma Road, Vadodara, Gujarat","FF 15-18- & G-18 MARVEL SQUARE OPP. GOKULESH COMPLEX, SUNPHARMA ROAD, BARODA, VADODARA, ગુજરાત",India,India,False,False,False,False,True,False,False,False,False,0.0,0.8,0.0,0.7727272727272727,0.045454545454545414,0.8372093023255813,False,False
S1-135088504,S3-639608032,S3,Narciso Rothschild L.L.C.,Narciso L.L.C. Service,"80 Wheelock Road, Penfield, NY","80 Wheelock Rd, Penfield, New York",US,US,False,False,False,False,True,False,False,False,False,0.6,0.375,0.3,0.6,0.375,0.75,False,False
S1-122024799,S3-840348294,S3,Douglas Trusted Solana,Douglas Trusted Solana Ltd - 6134441359,"371 Technology Center Way, Unit STE 107, Rock Hill, SC","371 Technology Center Way, # STE 107, Rock Hill, South Carolina",US,US,False,False,False,False,True,False,False,False,False,0.6,0.6666666666666666,0.5714285714285714,0.6666666666666666,0.5945945945945945,0.7068965517241379,False,False
S1-464723779,S2-983084003,S2,Seven Projects Private Limited,సెవెన్ ప్రాజెక్ట్స్ ప్రైవేట్ లిమిటెడ్,"D.No. 12-1754, Road No-5 Sundaraiah Nagar, Tadepalli, Guntur, Andhra Pradesh","D.NO. 12-1754, <NULL>, TADEPALLI, GUNTUR, Andhra Pradesh",India,India,False,False,False,False,True,False,False,False,False,0.0,0.6153846153846154,0.0,0.547945205479452,0.08108108108108103,0.6619718309859155,False,False
S1-957248294,S3-736230373,S3,Nicholls and Nieto Corp,Nicholls and Nitfeo-Corp,"5176 Banneker Drive, Bldg 5, Canal Winchester, OH","517 Banneker Dr, Bldg 5, Canal Winchester, Ohio",US,US,False,False,False,False,True,False,False,False,False,0.6,0.45454545454545453,0.6538461538461539,0.7142857142857143,0.875,0.8695652173913043,False,False
S1-900807312,S2-644119163,S2,Ik Build Private Limited,Ik Build Private,"Plot No. F - 372, Second, Floor, Sector 63, Park, Noida, Gautam Buddha Nagar, Uttar Pradesh","PLOT NO. F - 372, SECOND, FLOOR, SECTOR 63, PARK, NOIDA, Uttar Pradesh",India,India,False,False,False,False,True,False,False,False,False,0.75,0.8,0.6363636363636364,0.72,0.6666666666666667,0.7530864197530864,False,False
S1-436875467,S3-568141084,S3,Maa Investment Pvt Ltd,मां इन्वेस्टमेंट प्रा. लि.,"C-615, F/F, Ganesh Nagar- 2Nd Shakarpur, Delhi, East Delhi, Delhi","C-615, New Delhi, Delhi, DL",India,India,False,False,False,False,True,False,False,False,False,0.0,0.2727272727272727,0.0,0.18867924528301888,0.08333333333333337,0.38983050847457623,False,False
S1-972952470,S2-640586935,S2,"Sanchez, Powers & Snyder","5anchez, Powers & Snyder","13650 Gladden Lane, IN, Fishers","GLADDEN LANE, FISHERS, IN",US,US,False,False,False,False,True,False,False,False,False,0.5,0.8,0.9,0.6,0.9523809523809523,0.5862068965517242,False,False
S1-820886407,S3-329310163,S3,"Gulf Ministries, LLC",Gulf Ministries Trading,"12 Mann Lane, Hamptonburgh, NY",,US,US,False,False,False,False,True,False,False,False,False,0.5,0.0,0.5833333333333334,0.0,0.6956521739130435,0.0,False,True
S1-358600986,S3-520417852,S3,Marcille's Audio Installation,Marcille'S  Audio,"56780 Taos Circle, Yucca Valley, CA","56780 Taos Cir, Yucca Valley, California",US,US,False,False,False,False,True,False,False,False,False,0.75,0.5,0.5185185185185185,0.6341463414634146,0.5517241379310345,0.7105263157894737,False,False
S1-273605836,S3-436325453,S3,Pilot Realtors Pvt. Ltd.,Dr pilot realtors pvt. ltd.,"Shubhampark, Opp.Greenfuel150, Feetringroad, Rajkot, Gujarat","Shubhampark, N/A, Rajkot, GJ",India,India,False,False,False,False,True,False,False,False,False,0.8,0.2222222222222222,0.8695652173913043,0.2833333333333333,0.88,0.4464285714285714,False,False
S1-176540015,S3-519141972,S3,Far Energy Private Limited,private far énergy limited,"13A, James Hickey Sarani, (Formely Dacres Lane) 7Th Floor, Kolkata, Kolkata, Howrah, West Bengal","13A, James Hickey Sarani, (Formely Dacres Lane) 7Th Floor, Kolkata, Kolkata, WB",India,India,False,False,False,False,True,False,False,False,False,0.6,0.7142857142857143,0.6,0.75,0.34615384615384615,0.8181818181818181,False,False
S1-788776457,S2-75635261,S2,Olanus Scuti,O1anus Scúti,"6772 Harbonne Lane, West Jordan City, UT","6772 HARBONNE LANE, WEST JORDAN, UT",US,US,False,False,False,False,True,False,False,False,False,0.0,0.8571428571428571,0.3333333333333333,0.8055555555555556,0.8333333333333334,0.868421052631579,False,False
S1-99257079,S3-23427058,S3,Shree Impex Private Limited,M/s Shree Impex Private Ltd,"H No D-169 Ward No-26, Palwal, Faridabad, Haryana","Palwal, Prithla, HR, H No D-169 Ward No-26",India,India,False,False,False,False,True,False,False,False,False,0.42857142857142855,0.6363636363636364,0.6129032258064516,0.4,0.7037037037037037,0.19565217391304346,False,False
S1-38113120,S3-757817048,S3,Eye Clinic Inc,Eye Clinic,"946 Brunswick Circle, Sugar Land, TX","Texas, 946 Brunswick Cir, Suugar LAND",US,US,False,False,False,False,True,False,False,False,False,0.6666666666666666,0.3333333333333333,0.6666666666666666,0.5476190476190477,0.7142857142857143,0.6285714285714286,False,False
S1-866196016,S2-931170960,S2,Orbex Rent LLC,LLC Orbex Rént,"2000 Valrose Drive, Charlotte, NC","2000- VALROSE DR, CHARLOTTE, NC",US,US,False,False,False,False,True,False,False,False,False,0.5,0.6666666666666666,0.3333333333333333,0.7741935483870968,0.3571428571428571,0.9032258064516129,False,False
S1-93839826,S3-563923173,S3,Dow Blue Rocket,Dow Blue Rocket LLC,"Mannford, OK, 2606 361st Avenue W","2606 361st Ave W, Mnnford, Oklahoma",US,US,False,False,False,False,True,False,False,False,False,0.75,0.3333333333333333,0.7647058823529411,0.5,0.7894736842105263,0.12121212121212122,False,False
S1-74103838,S2-195388081,S2,Hls Entertainment Limited,Hls Limited Services,"Sdf Block, B-08, Nsez, Noida, Gautam Buddha Nagar, Uttar Pradesh","SDF BLOCK, B-08, NSEZ, NOIDA, Uttar Pradesh",India,India,False,False,False,False,True,False,False,False,False,0.5,0.7272727272727273,0.25,0.631578947368421,0.31999999999999995,0.6610169491525424,False,False
S1-976098923,S3-638567637,S3,Ujjaesh Foods Pvt Ltd,@Ujjaeshfoods,"305, Kochar Apartments Begumpet, Hyderabad, Telangana","305, Kochar Apartments Begumpet, Hyderabad, తెలంగాణ",India,India,False,False,False,False,True,False,False,False,False,0.0,0.7142857142857143,0.38095238095238093,0.7090909090909091,0.5714285714285714,0.8200000000000001,False,False
S1-778986737,S2-486580231,S2,MCA Leasing Private Limited,Leasing ... MCA Private,"Pournami, Kpxii 116 A, Parippally, Parippaly P O, Kollam, Kerala","KOLLAM, H.NO A-594 POURNAMI, Kerala, PARIPALLY, KPXII 116 A, PARIPPALLY, PARIPPALY P O",India,India,False,False,False,False,True,False,False,False,False,0.75,0.7142857142857143,0.5,0.6984126984126984,0.4444444444444444,0.38749999999999996,False,False
S1-587009470,S3-794493071,S3,Universal Finance Private Limited,UNIVERSAL FINANCE PRIVATE LIMITED #37885,"Cts No. 410/24, Plot No. 92, Kanga Colony, Sadar Bazar, Satara, Maharashtra","Cts No. 410/24, Plot No. 92, Kanga Colony, Sadar Bazar, Satara, MH",India,India,False,False,False,False,True,False,False,False,False,0.8,0.8461538461538461,0.8378378378378378,0.8387096774193549,0.8461538461538461,0.8676470588235294,False,False
